PRAGMA foreign_keys = ON;
INSERT INTO olympiads (id, name, summary, icon, tag, display_order, description_md, description_html, year_file_types, problem_file_types) VALUES ('eupho', 'European Physics Olympiad', 'A relatively new and highly interesting olympiad', '🇪🇺', 'Regional', 0, 'A highly interesting olympiad with short but insightful problems, though some may call them contrived. It has a relatively short history, with the first edition in 2017. In many ways, this olympiad follows the IPhO statutes even better than IPhO itself, as the problems requires physical insight and you rarely need to rush for time. Inspired by the [Eötvös Competition](/olympiads/eotvos).
', '<p>A highly interesting olympiad with short but insightful problems, though some may call them contrived. It has a relatively short history, with the first edition in 2017. In many ways, this olympiad follows the IPhO statutes even better than IPhO itself, as the problems requires physical insight and you rarely need to rush for time. Inspired by the <a href="/olympiads/eotvos">Eötvös Competition</a>.</p>
', '{"problems":{"label":"Problems"},"problemsEn":{"label":"Problems (EN)"},"theory":{"label":"Theory"},"experiment":{"label":"Experiment"},"solutions":{"label":"Solutions"},"answerSheet":{"label":"Answer Sheets"},"theorySolutions":{"label":"Theory Solutions"},"experimentSolutions":{"label":"Experiment Solutions"},"theoryMarkingScheme":{"label":"Theory Marking Scheme"},"experimentMarkingScheme":{"label":"Experiment Marking Scheme"},"theoryInstructions":{"label":"Theory General Instructions"},"experimentalInstructions":{"label":"Experiment General Instructions"},"experimentalFiles":{"label":"Experimental Files"},"experimentalPresentation":{"label":"Experimental Presentation"},"report":{"label":"Report"},"results":{"label":"Results"},"minutes":{"label":"Minutes"},"proceedings":{"label":"Proceedings"},"comments":{"label":"Comments"}}', '{"problem":{"label":"Problem"},"problemEn":{"label":"Problem (EN)"},"solution":{"label":"Solution"},"answerSheet":{"label":"Answer Sheet"},"markingScheme":{"label":"Marking Scheme"},"presentation":{"label":"Presentation"}}');
INSERT INTO olympiads (id, name, summary, icon, tag, display_order, description_md, description_html, year_file_types, problem_file_types) VALUES ('ipho', 'International Physics Olympiad', 'The most well-known physics olympiad, attracting participants from 90+ countries', '', 'International', 1, 'The International Physics Olympiad (IPhO) is the most famous physics competition for secondary school students. The main aim of IPhO is to test the highest level of knowledge, critical thinking, problem solving, proper practices of presentation and analysis, and hands-on skills in theoretical and experimental physics. The IPhO is organized annually in different countries as a 9-10 day competition where national teams comprising a maximum of five of their best physics students and two team leaders participate.

The files here have been collected from various sources, including the official website, national team websites, and personal connections. If you have any missing files or corrections, please let us know!
', '<p>The International Physics Olympiad (IPhO) is the most famous physics competition for secondary school students. The main aim of IPhO is to test the highest level of knowledge, critical thinking, problem solving, proper practices of presentation and analysis, and hands-on skills in theoretical and experimental physics. The IPhO is organized annually in different countries as a 9-10 day competition where national teams comprising a maximum of five of their best physics students and two team leaders participate.</p>
<p>The files here have been collected from various sources, including the official website, national team websites, and personal connections. If you have any missing files or corrections, please let us know!</p>
', '{"problems":{"label":"Problems"},"problemsEn":{"label":"Problems (EN)"},"theory":{"label":"Theory"},"experiment":{"label":"Experiment"},"solutions":{"label":"Solutions"},"answerSheet":{"label":"Answer Sheets"},"theorySolutions":{"label":"Theory Solutions"},"experimentSolutions":{"label":"Experiment Solutions"},"theoryMarkingScheme":{"label":"Theory Marking Scheme"},"experimentMarkingScheme":{"label":"Experiment Marking Scheme"},"theoryInstructions":{"label":"Theory General Instructions"},"experimentalInstructions":{"label":"Experiment General Instructions"},"experimentalFiles":{"label":"Experimental Files"},"experimentalPresentation":{"label":"Experimental Presentation"},"report":{"label":"Report"},"results":{"label":"Results"},"minutes":{"label":"Minutes"},"proceedings":{"label":"Proceedings"},"comments":{"label":"Comments"},"extraMinutes":{"label":"Extraordinary Minutes"}}', '{"problem":{"label":"Problem"},"problemEn":{"label":"Problem (EN)"},"solution":{"label":"Solution"},"answerSheet":{"label":"Answer Sheet"},"markingScheme":{"label":"Marking Scheme"},"presentation":{"label":"Presentation"},"calibration":{"label":"Calibration"}}');
INSERT INTO olympiads (id, name, summary, icon, tag, display_order, description_md, description_html, year_file_types, problem_file_types) VALUES ('apho', 'Asian Physics Olympiad', 'The Asian version of IPhO, often used by countries to select their IPhO teams.', '', 'Regional', 2, 'The Asian Physics Olympiad (APhO), initiated in the year of 2000 by Indonesia, is an annual international physics competition devoted to secondary school students in Asia. It is usually held in late April or early May, and more than 20 countries participate in it regularly. It is very similar in style and process to [IPhO](/olympiads/ipho), except each participating country can send 8 contestants at most instead of 5 in IPhO. Hence, it is often used by countries as a selection test to decide who goes to IPhO.

Most of the files here are from [Stefan Ivanov''s](https://stefanivanov.site/teaching/) archive. Take note of the [errata list](https://stefanivanov.site/teaching/errata.pdf).
', '<p>The Asian Physics Olympiad (APhO), initiated in the year of 2000 by Indonesia, is an annual international physics competition devoted to secondary school students in Asia. It is usually held in late April or early May, and more than 20 countries participate in it regularly. It is very similar in style and process to <a href="/olympiads/ipho">IPhO</a>, except each participating country can send 8 contestants at most instead of 5 in IPhO. Hence, it is often used by countries as a selection test to decide who goes to IPhO.</p>
<p>Most of the files here are from <a href="https://stefanivanov.site/teaching/">Stefan Ivanov&#39;s</a> archive. Take note of the <a href="https://stefanivanov.site/teaching/errata.pdf">errata list</a>.</p>
', '{"problems":{"label":"Problems"},"problemsEn":{"label":"Problems (EN)"},"theory":{"label":"Theory"},"experiment":{"label":"Experiment"},"solutions":{"label":"Solutions"},"answerSheet":{"label":"Answer Sheets"},"theorySolutions":{"label":"Theory Solutions"},"experimentSolutions":{"label":"Experiment Solutions"},"theoryMarkingScheme":{"label":"Theory Marking Scheme"},"experimentMarkingScheme":{"label":"Experiment Marking Scheme"},"theoryInstructions":{"label":"Theory General Instructions"},"experimentalInstructions":{"label":"Experiment General Instructions"},"experimentalFiles":{"label":"Experimental Files"},"experimentalPresentation":{"label":"Experimental Presentation"},"report":{"label":"Report"},"results":{"label":"Results"},"minutes":{"label":"Minutes"},"proceedings":{"label":"Proceedings"},"comments":{"label":"Comments"}}', '{"problem":{"label":"Problem"},"problemEn":{"label":"Problem (EN)"},"solution":{"label":"Solution"},"answerSheet":{"label":"Answer Sheet"},"markingScheme":{"label":"Marking Scheme"},"presentation":{"label":"Presentation"},"alignmentChart":{"label":"Alignment Chart"},"handwrittenSolution":{"label":"Solution (Handwritten)"}}');
INSERT INTO olympiads (id, name, summary, icon, tag, display_order, description_md, description_html, year_file_types, problem_file_types) VALUES ('nbpho', 'Nordic-Baltic Physics Olympiad', 'A regional physics olympiad for students from the Nordic and Baltic countries, including Estonia, Finland, Sweden and Latvia.', '🇪🇪 🇫🇮 🇸🇪 🇱🇻', 'Regional', 3, 'The Nordic-Baltic Physics Olympiad (NBPhO) is a regional physics olympiad for students in Estonia, Finland, Sweden and Latvia. It serves as a selection test for the International Physics Olympiad (IPhO) and is held annually in the spring. The problems tend to be highly insightful, reminiscent of [EuPhO](/olympiads/eupho), but easier and more guided. Check out the [official website](https://nbpho.ee/) and [errata](https://stefanivanov.site/teaching/errata.pdf) for more information.
', '<p>The Nordic-Baltic Physics Olympiad (NBPhO) is a regional physics olympiad for students in Estonia, Finland, Sweden and Latvia. It serves as a selection test for the International Physics Olympiad (IPhO) and is held annually in the spring. The problems tend to be highly insightful, reminiscent of <a href="/olympiads/eupho">EuPhO</a>, but easier and more guided. Check out the <a href="https://nbpho.ee/">official website</a> and <a href="https://stefanivanov.site/teaching/errata.pdf">errata</a> for more information.</p>
', '{"problems":{"label":"Problems"},"problemsEn":{"label":"Problems (EN)"},"theory":{"label":"Theory"},"experiment":{"label":"Experiment"},"solutions":{"label":"Solutions"},"answerSheet":{"label":"Answer Sheets"},"theorySolutions":{"label":"Theory Solutions"},"experimentSolutions":{"label":"Experiment Solutions"},"theoryMarkingScheme":{"label":"Theory Marking Scheme"},"experimentMarkingScheme":{"label":"Experiment Marking Scheme"},"theoryInstructions":{"label":"Theory General Instructions"},"experimentalInstructions":{"label":"Experiment General Instructions"},"experimentalFiles":{"label":"Experimental Files"},"experimentalPresentation":{"label":"Experimental Presentation"},"report":{"label":"Report"},"results":{"label":"Results"},"minutes":{"label":"Minutes"},"proceedings":{"label":"Proceedings"},"comments":{"label":"Comments"}}', '{"problem":{"label":"Problem"},"problemEn":{"label":"Problem (EN)"},"solution":{"label":"Solution"},"answerSheet":{"label":"Answer Sheet"},"markingScheme":{"label":"Marking Scheme"},"presentation":{"label":"Presentation"}}');
INSERT INTO olympiads (id, name, summary, icon, tag, display_order, description_md, description_html, year_file_types, problem_file_types) VALUES ('usapho', 'USA Physics Olympiad', 'Second round of selection for the US Physics Team', '🇺🇸', 'National', 4, 'This is the second round of selection for the U.S. Physics Team. You are given 90 minutes for each part (A and B) of the competition, with a short break in between. For more information, see [the official website](https://www.aapt.org/physicsteam/).
', '<p>This is the second round of selection for the U.S. Physics Team. You are given 90 minutes for each part (A and B) of the competition, with a short break in between. For more information, see <a href="https://www.aapt.org/physicsteam/">the official website</a>.</p>
', '{"problems":{"label":"Problems"},"problemsEn":{"label":"Problems (EN)"},"theory":{"label":"Theory"},"experiment":{"label":"Experiment"},"solutions":{"label":"Solutions"},"answerSheet":{"label":"Answer Sheets"},"theorySolutions":{"label":"Theory Solutions"},"experimentSolutions":{"label":"Experiment Solutions"},"theoryMarkingScheme":{"label":"Theory Marking Scheme"},"experimentMarkingScheme":{"label":"Experiment Marking Scheme"},"theoryInstructions":{"label":"Theory General Instructions"},"experimentalInstructions":{"label":"Experiment General Instructions"},"experimentalFiles":{"label":"Experimental Files"},"experimentalPresentation":{"label":"Experimental Presentation"},"report":{"label":"Report"},"results":{"label":"Results"},"minutes":{"label":"Minutes"},"proceedings":{"label":"Proceedings"},"comments":{"label":"Comments"}}', '{"problem":{"label":"Problem"},"problemEn":{"label":"Problem (EN)"},"solution":{"label":"Solution"},"answerSheet":{"label":"Answer Sheet"},"markingScheme":{"label":"Marking Scheme"},"presentation":{"label":"Presentation"}}');
INSERT INTO olympiads (id, name, summary, icon, tag, display_order, description_md, description_html, year_file_types, problem_file_types) VALUES ('usatst', 'USA Team Selection Test', 'Final round of selection for the US Physics Team', '🇺🇸', 'National', 5, 'The final round of selection for the U.S. IPhO team, held during the Physics Team camp in Maryland. These are the only publicly available exams.
', '<p>The final round of selection for the U.S. IPhO team, held during the Physics Team camp in Maryland. These are the only publicly available exams.</p>
', '{"problems":{"label":"Problems"},"problemsEn":{"label":"Problems (EN)"},"theory":{"label":"Theory"},"experiment":{"label":"Experiment"},"solutions":{"label":"Solutions"},"answerSheet":{"label":"Answer Sheets"},"theorySolutions":{"label":"Theory Solutions"},"experimentSolutions":{"label":"Experiment Solutions"},"theoryMarkingScheme":{"label":"Theory Marking Scheme"},"experimentMarkingScheme":{"label":"Experiment Marking Scheme"},"theoryInstructions":{"label":"Theory General Instructions"},"experimentalInstructions":{"label":"Experiment General Instructions"},"experimentalFiles":{"label":"Experimental Files"},"experimentalPresentation":{"label":"Experimental Presentation"},"report":{"label":"Report"},"results":{"label":"Results"},"minutes":{"label":"Minutes"},"proceedings":{"label":"Proceedings"},"comments":{"label":"Comments"}}', '{"problem":{"label":"Problem"},"problemEn":{"label":"Problem (EN)"},"solution":{"label":"Solution"},"answerSheet":{"label":"Answer Sheet"},"markingScheme":{"label":"Marking Scheme"},"presentation":{"label":"Presentation"}}');
INSERT INTO olympiads (id, name, summary, icon, tag, display_order, description_md, description_html, year_file_types, problem_file_types) VALUES ('eotvos', 'Eötvös Competition', 'One of the oldest high school physics olympiads.', '🇭🇺', 'National', 6, 'The Hungarian Eötvös competition is perhaps the oldest high school physics competition in the world, with over a century of competition since its first edition in 1894. Each olympiad lasts for 5 hours and has 3 short problems. The competition tests creativity and problem-solving skills not found in most modern physics olympiads, and inspired the [European Physics Olympiad](/olympiads/eupho). Many of the old problems (pre-2018) have made their way into 200 Puzzling Physics Problems and its sequel. Note that it is an open-book exam, so you are expected to have a standard constants sheet with you (e.g [this](https://sgphysicsleague.org/data_sheet.pdf)). In my translations, I will make a note when it requires information that isn''t in a standard constants sheet.

There was a typo in the 2018 paper, where the final temperature in problem 2 is wrong. I have corrected it in all versions, including the problem statement in Hungarian. Other than that, problems 1 and 3 are _really_ good.

Sources: [Problems](http://eik.bme.hu/~vanko/fizika/eotvos.htm) and [Solutions in KoMaL (pre-2021)](http://db.komal.hu/KomalHU/). If you''re interested, here''s some [history of the competition](https://eik.bme.hu/~vanko/fizika/konferencia/wfphc/talk8.pdf)
', '<p>The Hungarian Eötvös competition is perhaps the oldest high school physics competition in the world, with over a century of competition since its first edition in 1894. Each olympiad lasts for 5 hours and has 3 short problems. The competition tests creativity and problem-solving skills not found in most modern physics olympiads, and inspired the <a href="/olympiads/eupho">European Physics Olympiad</a>. Many of the old problems (pre-2018) have made their way into 200 Puzzling Physics Problems and its sequel. Note that it is an open-book exam, so you are expected to have a standard constants sheet with you (e.g <a href="https://sgphysicsleague.org/data_sheet.pdf">this</a>). In my translations, I will make a note when it requires information that isn&#39;t in a standard constants sheet.</p>
<p>There was a typo in the 2018 paper, where the final temperature in problem 2 is wrong. I have corrected it in all versions, including the problem statement in Hungarian. Other than that, problems 1 and 3 are <em>really</em> good.</p>
<p>Sources: <a href="http://eik.bme.hu/~vanko/fizika/eotvos.htm">Problems</a> and <a href="http://db.komal.hu/KomalHU/">Solutions in KoMaL (pre-2021)</a>. If you&#39;re interested, here&#39;s some <a href="https://eik.bme.hu/~vanko/fizika/konferencia/wfphc/talk8.pdf">history of the competition</a></p>
', '{"problems":{"label":"Problems"},"problemsEn":{"label":"Problems (EN)"},"theory":{"label":"Theory"},"experiment":{"label":"Experiment"},"solutions":{"label":"Solutions"},"answerSheet":{"label":"Answer Sheets"},"theorySolutions":{"label":"Theory Solutions"},"experimentSolutions":{"label":"Experiment Solutions"},"theoryMarkingScheme":{"label":"Theory Marking Scheme"},"experimentMarkingScheme":{"label":"Experiment Marking Scheme"},"theoryInstructions":{"label":"Theory General Instructions"},"experimentalInstructions":{"label":"Experiment General Instructions"},"experimentalFiles":{"label":"Experimental Files"},"experimentalPresentation":{"label":"Experimental Presentation"},"report":{"label":"Report"},"results":{"label":"Results"},"minutes":{"label":"Minutes"},"proceedings":{"label":"Proceedings"},"comments":{"label":"Comments"}}', '{"problem":{"label":"Problem"},"problemEn":{"label":"Problem (EN)"},"solution":{"label":"Solution"},"answerSheet":{"label":"Answer Sheet"},"markingScheme":{"label":"Marking Scheme"},"presentation":{"label":"Presentation"}}');
INSERT INTO olympiads (id, name, summary, icon, tag, display_order, description_md, description_html, year_file_types, problem_file_types) VALUES ('pcup', 'Physics Cup', 'The most difficult high school physics olympiad', '🏆', 'Open', 7, 'Coming soon! For now, see a pdf version of the problems [here](https://github.com/m-spitfire/phys_cup). Thanks to spitfire for collating this.
', '<p>Coming soon! For now, see a pdf version of the problems <a href="https://github.com/m-spitfire/phys_cup">here</a>. Thanks to spitfire for collating this.</p>
', '{"problems":{"label":"Problems"},"problemsEn":{"label":"Problems (EN)"},"theory":{"label":"Theory"},"experiment":{"label":"Experiment"},"solutions":{"label":"Solutions"},"answerSheet":{"label":"Answer Sheets"},"theorySolutions":{"label":"Theory Solutions"},"experimentSolutions":{"label":"Experiment Solutions"},"theoryMarkingScheme":{"label":"Theory Marking Scheme"},"experimentMarkingScheme":{"label":"Experiment Marking Scheme"},"theoryInstructions":{"label":"Theory General Instructions"},"experimentalInstructions":{"label":"Experiment General Instructions"},"experimentalFiles":{"label":"Experimental Files"},"experimentalPresentation":{"label":"Experimental Presentation"},"report":{"label":"Report"},"results":{"label":"Results"},"minutes":{"label":"Minutes"},"proceedings":{"label":"Proceedings"},"comments":{"label":"Comments"}}', '{"problem":{"label":"Problem"},"problemEn":{"label":"Problem (EN)"},"solution":{"label":"Solution"},"answerSheet":{"label":"Answer Sheet"},"markingScheme":{"label":"Marking Scheme"},"presentation":{"label":"Presentation"}}');
INSERT INTO olympiads (id, name, summary, icon, tag, display_order, description_md, description_html, year_file_types, problem_file_types) VALUES ('aupho', 'Australian Physics Olympiad', 'First round of selection for the Australian team at the IPhO.', '🇦🇺', 'National', 8, '[Errata](https://www.physicsforums.com/insights/corrections-to-the-australian-physics-olympiad-questions-and-solutions/)
', '<p><a href="https://www.physicsforums.com/insights/corrections-to-the-australian-physics-olympiad-questions-and-solutions/">Errata</a></p>
', '{"problems":{"label":"Problems"},"problemsEn":{"label":"Problems (EN)"},"theory":{"label":"Theory"},"experiment":{"label":"Experiment"},"solutions":{"label":"Solutions"},"answerSheet":{"label":"Answer Sheets"},"theorySolutions":{"label":"Theory Solutions"},"experimentSolutions":{"label":"Experiment Solutions"},"theoryMarkingScheme":{"label":"Theory Marking Scheme"},"experimentMarkingScheme":{"label":"Experiment Marking Scheme"},"theoryInstructions":{"label":"Theory General Instructions"},"experimentalInstructions":{"label":"Experiment General Instructions"},"experimentalFiles":{"label":"Experimental Files"},"experimentalPresentation":{"label":"Experimental Presentation"},"report":{"label":"Report"},"results":{"label":"Results"},"minutes":{"label":"Minutes"},"proceedings":{"label":"Proceedings"},"comments":{"label":"Comments"},"SolutionA":{"label":"Solutions (Section A)"},"SolutionB":{"label":"Solutions (Section B)"}}', '{"problem":{"label":"Problem"},"problemEn":{"label":"Problem (EN)"},"solution":{"label":"Solution"},"answerSheet":{"label":"Answer Sheet"},"markingScheme":{"label":"Marking Scheme"},"presentation":{"label":"Presentation"}}');
INSERT INTO olympiads (id, name, summary, icon, tag, display_order, description_md, description_html, year_file_types, problem_file_types) VALUES ('spot', 'Singapore IPhO/APhO TST', 'Selection test for the Singapore team at IPhO and APhO.', '🇸🇬', 'National', 9, 'The Singapore Team Selection Test for IPhO, APhO and INSO. As of now, the top 5 participants go for IPhO, the next 8 go for APhO and recently the next 4 go to INSO (the nuclear science olympiad). It is decent practice for IPhO, being much more guided, but the time pressure is significantly higher too. Difficulty and time pressure varies wildly over the years, though.

Recently, the first few problems have been short standard problems similar to the InPhO, while the later problems are similar to USAPhO, though slightly longer.

**I only recommend doing the 2023-2026 papers, as the earlier years are mostly copied from well-known sources.** Note that the 2023-2025 papers have many problems that are copied from other olympiads. Most of those are copied from the <a target="_blank" href="https://olimpiada.ru/activity/74/tasks">All-Russian Olympiad</a> (11th grade finals). The original problems have errors: see my <a target="_blank" href="https://apochrome.notion.site/TST-Errata-1cfb933f14fe80788b41e3058b6522df?pvs=4">errata page</a>.
', '<p>The Singapore Team Selection Test for IPhO, APhO and INSO. As of now, the top 5 participants go for IPhO, the next 8 go for APhO and recently the next 4 go to INSO (the nuclear science olympiad). It is decent practice for IPhO, being much more guided, but the time pressure is significantly higher too. Difficulty and time pressure varies wildly over the years, though.</p>
<p>Recently, the first few problems have been short standard problems similar to the InPhO, while the later problems are similar to USAPhO, though slightly longer.</p>
<p><strong>I only recommend doing the 2023-2026 papers, as the earlier years are mostly copied from well-known sources.</strong> Note that the 2023-2025 papers have many problems that are copied from other olympiads. Most of those are copied from the <a target="_blank" href="https://olimpiada.ru/activity/74/tasks">All-Russian Olympiad</a> (11th grade finals). The original problems have errors: see my <a target="_blank" href="https://apochrome.notion.site/TST-Errata-1cfb933f14fe80788b41e3058b6522df?pvs=4">errata page</a>.</p>
', '{"problems":{"label":"Problems"},"problemsEn":{"label":"Problems (EN)"},"theory":{"label":"Theory"},"experiment":{"label":"Experiment"},"solutions":{"label":"Solutions"},"answerSheet":{"label":"Answer Sheets"},"theorySolutions":{"label":"Theory Solutions"},"experimentSolutions":{"label":"Experiment Solutions"},"theoryMarkingScheme":{"label":"Theory Marking Scheme"},"experimentMarkingScheme":{"label":"Experiment Marking Scheme"},"theoryInstructions":{"label":"Theory General Instructions"},"experimentalInstructions":{"label":"Experiment General Instructions"},"experimentalFiles":{"label":"Experimental Files"},"experimentalPresentation":{"label":"Experimental Presentation"},"report":{"label":"Report"},"results":{"label":"Results"},"minutes":{"label":"Minutes"},"proceedings":{"label":"Proceedings"},"comments":{"label":"Comments"}}', '{"problem":{"label":"Problem"},"problemEn":{"label":"Problem (EN)"},"solution":{"label":"Solution"},"answerSheet":{"label":"Answer Sheet"},"markingScheme":{"label":"Marking Scheme"},"presentation":{"label":"Presentation"}}');
INSERT INTO olympiads (id, name, summary, icon, tag, display_order, description_md, description_html, year_file_types, problem_file_types) VALUES ('cpho-f', 'Chinese Physics Olympiad (Finals)', 'Third phase of selection for the Chinese IPhO team', '🇨🇳', 'National', 10, 'This is the third round of selection for the Chinese IPhO team. This round of selection is followed by the team selection test, which is confidential and often contains problems from higher physics (analytical mechanics, advanced electrodynamics, quantum mechanics and statistical mechanics). Many of the files here are Word documents, but I will be converting them to pdfs in the near future for easier web viewing.
', '<p>This is the third round of selection for the Chinese IPhO team. This round of selection is followed by the team selection test, which is confidential and often contains problems from higher physics (analytical mechanics, advanced electrodynamics, quantum mechanics and statistical mechanics). Many of the files here are Word documents, but I will be converting them to pdfs in the near future for easier web viewing.</p>
', '{"problems":{"label":"Problems"},"problemsEn":{"label":"Problems (EN)"},"theory":{"label":"Theory"},"experiment":{"label":"Experiment"},"solutions":{"label":"Solutions"},"answerSheet":{"label":"Answer Sheets"},"theorySolutions":{"label":"Theory Solutions"},"experimentSolutions":{"label":"Experiment Solutions"},"theoryMarkingScheme":{"label":"Theory Marking Scheme"},"experimentMarkingScheme":{"label":"Experiment Marking Scheme"},"theoryInstructions":{"label":"Theory General Instructions"},"experimentalInstructions":{"label":"Experiment General Instructions"},"experimentalFiles":{"label":"Experimental Files"},"experimentalPresentation":{"label":"Experimental Presentation"},"report":{"label":"Report"},"results":{"label":"Results"},"minutes":{"label":"Minutes"},"proceedings":{"label":"Proceedings"},"comments":{"label":"Comments"}}', '{"problem":{"label":"Problem"},"problemEn":{"label":"Problem (EN)"},"solution":{"label":"Solution"},"answerSheet":{"label":"Answer Sheet"},"markingScheme":{"label":"Marking Scheme"},"presentation":{"label":"Presentation"}}');
INSERT INTO olympiads (id, name, summary, icon, tag, display_order, description_md, description_html, year_file_types, problem_file_types) VALUES ('izho', 'International Zhautykov Olympiad', 'A multi-subject olympiad comprising of Mathematics, Physics and Computing', '🇰🇿', 'International', 11, 'The International Zhautykov Olympiad (IZhO) is an annual multi-subject olympiad comprising of Mathematics, Physics and Computing. It is held in Kazakhstan and is named after the Kazakh mathematician and educator, Ilyas Zhautykov. The IZhO attracts top high school students from around the world to compete in challenging problems across these three subjects. The competition aims to foster international cooperation and promote excellence in science and mathematics among young students. 

Unfortunately, the Physics problems in this olympiad have many mistakes, as detailed in the [errata list](https://stefanivanov.site/teaching/errata.pdf).
', '<p>The International Zhautykov Olympiad (IZhO) is an annual multi-subject olympiad comprising of Mathematics, Physics and Computing. It is held in Kazakhstan and is named after the Kazakh mathematician and educator, Ilyas Zhautykov. The IZhO attracts top high school students from around the world to compete in challenging problems across these three subjects. The competition aims to foster international cooperation and promote excellence in science and mathematics among young students. </p>
<p>Unfortunately, the Physics problems in this olympiad have many mistakes, as detailed in the <a href="https://stefanivanov.site/teaching/errata.pdf">errata list</a>.</p>
', '{"problems":{"label":"Problems"},"problemsEn":{"label":"Problems (EN)"},"theory":{"label":"Theory"},"experiment":{"label":"Experiment"},"solutions":{"label":"Solutions"},"answerSheet":{"label":"Answer Sheets"},"theorySolutions":{"label":"Theory Solutions"},"experimentSolutions":{"label":"Experiment Solutions"},"theoryMarkingScheme":{"label":"Theory Marking Scheme"},"experimentMarkingScheme":{"label":"Experiment Marking Scheme"},"theoryInstructions":{"label":"Theory General Instructions"},"experimentalInstructions":{"label":"Experiment General Instructions"},"experimentalFiles":{"label":"Experimental Files"},"experimentalPresentation":{"label":"Experimental Presentation"},"report":{"label":"Report"},"results":{"label":"Results"},"minutes":{"label":"Minutes"},"proceedings":{"label":"Proceedings"},"comments":{"label":"Comments"}}', '{"problem":{"label":"Problem"},"problemEn":{"label":"Problem (EN)"},"solution":{"label":"Solution"},"answerSheet":{"label":"Answer Sheet"},"markingScheme":{"label":"Marking Scheme"},"presentation":{"label":"Presentation"}}');
INSERT INTO olympiads (id, name, summary, icon, tag, display_order, description_md, description_html, year_file_types, problem_file_types) VALUES ('inpho', 'Indian National Physics Olympiad', 'Second round of selection for the Indian IPhO team.', '🇮🇳', 'National', 12, 'The Indian National Physics Olympiad (InPhO) is the second round of selection for the Indian IPhO team. I thank [Ashmit Dutta](https://github.com/aedutta) for writing the detailed solutions for 2011 and 2012.
', '<p>The Indian National Physics Olympiad (InPhO) is the second round of selection for the Indian IPhO team. I thank <a href="https://github.com/aedutta">Ashmit Dutta</a> for writing the detailed solutions for 2011 and 2012.</p>
', '{"problems":{"label":"Problems"},"problemsEn":{"label":"Problems (EN)"},"theory":{"label":"Theory"},"experiment":{"label":"Experiment"},"solutions":{"label":"Solutions"},"answerSheet":{"label":"Answer Sheets"},"theorySolutions":{"label":"Theory Solutions"},"experimentSolutions":{"label":"Experiment Solutions"},"theoryMarkingScheme":{"label":"Theory Marking Scheme"},"experimentMarkingScheme":{"label":"Experiment Marking Scheme"},"theoryInstructions":{"label":"Theory General Instructions"},"experimentalInstructions":{"label":"Experiment General Instructions"},"experimentalFiles":{"label":"Experimental Files"},"experimentalPresentation":{"label":"Experimental Presentation"},"report":{"label":"Report"},"results":{"label":"Results"},"minutes":{"label":"Minutes"},"proceedings":{"label":"Proceedings"},"comments":{"label":"Comments"},"detailedSolutions":{"label":"Detailed Solutions"}}', '{"problem":{"label":"Problem"},"problemEn":{"label":"Problem (EN)"},"solution":{"label":"Solution"},"answerSheet":{"label":"Answer Sheet"},"markingScheme":{"label":"Marking Scheme"},"presentation":{"label":"Presentation"}}');
INSERT INTO olympiads (id, name, summary, icon, tag, display_order, description_md, description_html, year_file_types, problem_file_types) VALUES ('sjpo', 'Singapore Junior Physics Olympiad', 'A well-set national olympiad for secondary school students', '🇸🇬', 'National', 13, 'The Singapore Junior Physics Olympiad (SJPO) is an algebra-based olympiad for secondary school students that assumes no knowledge of calculus. It is quite well-set, with many thought-provoking problems. The time pressure can be quite high, with olympiadants having to solve 50 multiple-choice questions in 2 hours. The questions here are from the general round. In 2024 there was some technical issue which caused the competition to have to be taken again, so there are two versions of the problems. SJPO 2020 is pointless as it was a compilation of past year problems, so I won''t include it here. There were some technical issues in 2021 so it didn''t really work out. I''ve tried my best to find as many papers as I can, but if you have a paper or its solutions that isn''t here, do let me know. I thank the folks at [PD Stem Education](https://www.pd-stem.com/) for making solutions to 2022 and 2024, found [here](https://drive.google.com/drive/folders/18B5GEA6r5dmef2QbzQteKk3EKrXxuU05).

SJPO does have quite a few errors, unfortunately. I have started to maintain an [errata page](https://apochrome.notion.site/SJPO-Errata-315b933f14fe800994d1f9d524ab1f39?source=copy_link) here. I do not have time to go through every paper, so I would appreciate it if you dropp me an email when you find an error. See errata page for my email address.
', '<p>The Singapore Junior Physics Olympiad (SJPO) is an algebra-based olympiad for secondary school students that assumes no knowledge of calculus. It is quite well-set, with many thought-provoking problems. The time pressure can be quite high, with olympiadants having to solve 50 multiple-choice questions in 2 hours. The questions here are from the general round. In 2024 there was some technical issue which caused the competition to have to be taken again, so there are two versions of the problems. SJPO 2020 is pointless as it was a compilation of past year problems, so I won&#39;t include it here. There were some technical issues in 2021 so it didn&#39;t really work out. I&#39;ve tried my best to find as many papers as I can, but if you have a paper or its solutions that isn&#39;t here, do let me know. I thank the folks at <a href="https://www.pd-stem.com/">PD Stem Education</a> for making solutions to 2022 and 2024, found <a href="https://drive.google.com/drive/folders/18B5GEA6r5dmef2QbzQteKk3EKrXxuU05">here</a>.</p>
<p>SJPO does have quite a few errors, unfortunately. I have started to maintain an <a href="https://apochrome.notion.site/SJPO-Errata-315b933f14fe800994d1f9d524ab1f39?source=copy_link">errata page</a> here. I do not have time to go through every paper, so I would appreciate it if you dropp me an email when you find an error. See errata page for my email address.</p>
', '{"problems":{"label":"Problems"},"problemsEn":{"label":"Problems (EN)"},"theory":{"label":"Theory"},"experiment":{"label":"Experiment"},"solutions":{"label":"Solutions"},"answerSheet":{"label":"Answer Sheets"},"theorySolutions":{"label":"Theory Solutions"},"experimentSolutions":{"label":"Experiment Solutions"},"theoryMarkingScheme":{"label":"Theory Marking Scheme"},"experimentMarkingScheme":{"label":"Experiment Marking Scheme"},"theoryInstructions":{"label":"Theory General Instructions"},"experimentalInstructions":{"label":"Experiment General Instructions"},"experimentalFiles":{"label":"Experimental Files"},"experimentalPresentation":{"label":"Experimental Presentation"},"report":{"label":"Report"},"results":{"label":"Results"},"minutes":{"label":"Minutes"},"proceedings":{"label":"Proceedings"},"comments":{"label":"Comments"},"version2":{"label":"Problems (unused)"}}', '{"problem":{"label":"Problem"},"problemEn":{"label":"Problem (EN)"},"solution":{"label":"Solution"},"answerSheet":{"label":"Answer Sheet"},"markingScheme":{"label":"Marking Scheme"},"presentation":{"label":"Presentation"}}');
INSERT INTO olympiads (id, name, summary, icon, tag, display_order, description_md, description_html, year_file_types, problem_file_types) VALUES ('spho', 'Singapore Physics Olympiad', 'The first round of the selection for IPhO in Singapore', '🇸🇬', 'National', 14, 'The Singapore Physics Olympiad (SPhO) is the first round of the selection process for the International Physics Olympiad (IPhO) in Singapore. It is arguably easier than SJPO. I only recommend doing past year papers if you are preparing specifically for this, but even then you should only do 1 or 2 to get a feeling of how the paper is like, and spend the rest of your time learning physics properly. Most of the problems are straightforward, but intentionally niche or vague to make it artifically difficult. For example, in 2024, you needed to know what a Hohmann transfer was. If you did, it becomes a trivial application of the vis-viva equation, but impossible if you didn''t. Just like SJPO, it also tends to have quite a lot of mistakes, so don''t go insane if your answer differs from theirs. Generally, to do well, you just need to have superficial knowledge of everything in the syllabus, as the problems rarely go beyond the absolute basics of what you learn. 

Pre-2018 papers were set by NUS instead of NTU, so you''ll see a large difference in the style. Pre-2018 problems are sometimes copied from popular books like Morin''s Classical Mechanics, but there are some really nice original problems too. The more recent ones are also copied, but from other sources. For example, SPhO 2024 Q4 is copied wholesale from problem 177 of 200 More Puzzling Physics Problems. Funnily enough, SPhO even copies questions from itself, which is weird because the problems aren''t even that good. For example, 2023 Paper 2 copies a lot of problems from 2019 Paper 2.

Links: [Official Website](https://singaporephysics.wordpress.com/), [Old Website](https://ipssingapore.org/events/IPhO.html)
', '<p>The Singapore Physics Olympiad (SPhO) is the first round of the selection process for the International Physics Olympiad (IPhO) in Singapore. It is arguably easier than SJPO. I only recommend doing past year papers if you are preparing specifically for this, but even then you should only do 1 or 2 to get a feeling of how the paper is like, and spend the rest of your time learning physics properly. Most of the problems are straightforward, but intentionally niche or vague to make it artifically difficult. For example, in 2024, you needed to know what a Hohmann transfer was. If you did, it becomes a trivial application of the vis-viva equation, but impossible if you didn&#39;t. Just like SJPO, it also tends to have quite a lot of mistakes, so don&#39;t go insane if your answer differs from theirs. Generally, to do well, you just need to have superficial knowledge of everything in the syllabus, as the problems rarely go beyond the absolute basics of what you learn. </p>
<p>Pre-2018 papers were set by NUS instead of NTU, so you&#39;ll see a large difference in the style. Pre-2018 problems are sometimes copied from popular books like Morin&#39;s Classical Mechanics, but there are some really nice original problems too. The more recent ones are also copied, but from other sources. For example, SPhO 2024 Q4 is copied wholesale from problem 177 of 200 More Puzzling Physics Problems. Funnily enough, SPhO even copies questions from itself, which is weird because the problems aren&#39;t even that good. For example, 2023 Paper 2 copies a lot of problems from 2019 Paper 2.</p>
<p>Links: <a href="https://singaporephysics.wordpress.com/">Official Website</a>, <a href="https://ipssingapore.org/events/IPhO.html">Old Website</a></p>
', '{"problems":{"label":"Problems"},"problemsEn":{"label":"Problems (EN)"},"theory":{"label":"Theory"},"experiment":{"label":"Experiment"},"solutions":{"label":"Solutions"},"answerSheet":{"label":"Answer Sheets"},"theorySolutions":{"label":"Theory Solutions"},"experimentSolutions":{"label":"Experiment Solutions"},"theoryMarkingScheme":{"label":"Theory Marking Scheme"},"experimentMarkingScheme":{"label":"Experiment Marking Scheme"},"theoryInstructions":{"label":"Theory General Instructions"},"experimentalInstructions":{"label":"Experiment General Instructions"},"experimentalFiles":{"label":"Experimental Files"},"experimentalPresentation":{"label":"Experimental Presentation"},"report":{"label":"Report"},"results":{"label":"Results"},"minutes":{"label":"Minutes"},"proceedings":{"label":"Proceedings"},"comments":{"label":"Comments"},"paper1":{"label":"Paper 1"},"paper2":{"label":"Paper 2"}}', '{"problem":{"label":"Problem"},"problemEn":{"label":"Problem (EN)"},"solution":{"label":"Solution"},"answerSheet":{"label":"Answer Sheet"},"markingScheme":{"label":"Marking Scheme"},"presentation":{"label":"Presentation"}}');
INSERT INTO olympiads (id, name, summary, icon, tag, display_order, description_md, description_html, year_file_types, problem_file_types) VALUES ('bpho-r1', 'British Physics Olympiad Round 1', 'The first round of the British Physics Olympiad, a physics competition for high school students in the UK.', '🇬🇧', 'National', 15, NULL, NULL, '{"problems":{"label":"Problems"},"problemsEn":{"label":"Problems (EN)"},"theory":{"label":"Theory"},"experiment":{"label":"Experiment"},"solutions":{"label":"Solutions"},"answerSheet":{"label":"Answer Sheets"},"theorySolutions":{"label":"Theory Solutions"},"experimentSolutions":{"label":"Experiment Solutions"},"theoryMarkingScheme":{"label":"Theory Marking Scheme"},"experimentMarkingScheme":{"label":"Experiment Marking Scheme"},"theoryInstructions":{"label":"Theory General Instructions"},"experimentalInstructions":{"label":"Experiment General Instructions"},"experimentalFiles":{"label":"Experimental Files"},"experimentalPresentation":{"label":"Experimental Presentation"},"report":{"label":"Report"},"results":{"label":"Results"},"minutes":{"label":"Minutes"},"proceedings":{"label":"Proceedings"},"comments":{"label":"Comments"},"FirstSection":{"label":"Section 1"},"SecondSection":{"label":"Section 2"},"FirstSectionSolutions":{"label":"Solutions (Section 1)"},"SecondSectionSolutions":{"label":"Solutions (Section 2)"}}', '{"problem":{"label":"Problem"},"problemEn":{"label":"Problem (EN)"},"solution":{"label":"Solution"},"answerSheet":{"label":"Answer Sheet"},"markingScheme":{"label":"Marking Scheme"},"presentation":{"label":"Presentation"}}');
INSERT INTO olympiads (id, name, summary, icon, tag, display_order, description_md, description_html, year_file_types, problem_file_types) VALUES ('bpho-r2', 'British Physics Olympiad Round 2', 'The second round of the British Physics Olympiad, a physics competition for high school students in the UK.', '🇬🇧', 'National', 16, NULL, NULL, '{"problems":{"label":"Problems"},"problemsEn":{"label":"Problems (EN)"},"theory":{"label":"Theory"},"experiment":{"label":"Experiment"},"solutions":{"label":"Solutions"},"answerSheet":{"label":"Answer Sheets"},"theorySolutions":{"label":"Theory Solutions"},"experimentSolutions":{"label":"Experiment Solutions"},"theoryMarkingScheme":{"label":"Theory Marking Scheme"},"experimentMarkingScheme":{"label":"Experiment Marking Scheme"},"theoryInstructions":{"label":"Theory General Instructions"},"experimentalInstructions":{"label":"Experiment General Instructions"},"experimentalFiles":{"label":"Experimental Files"},"experimentalPresentation":{"label":"Experimental Presentation"},"report":{"label":"Report"},"results":{"label":"Results"},"minutes":{"label":"Minutes"},"proceedings":{"label":"Proceedings"},"comments":{"label":"Comments"}}', '{"problem":{"label":"Problem"},"problemEn":{"label":"Problem (EN)"},"solution":{"label":"Solution"},"answerSheet":{"label":"Answer Sheet"},"markingScheme":{"label":"Marking Scheme"},"presentation":{"label":"Presentation"}}');
INSERT INTO olympiads (id, name, summary, icon, tag, display_order, description_md, description_html, year_file_types, problem_file_types) VALUES ('kphc', 'Korean Middle School Physics Competition', 'A national physics olympiad for middle-school students', '🇰🇷', 'National', 17, 'The Korean Physics Middle-School Olympiad (KPhC) serves individuals targeting admission into specialized Science High Schools. The examination consists of 30 multiple-choice questions covering a broad range of classical and modern physics. On average, mechanics constitutes approximately 45% of the exam, followed by electromagnetism at 25%, waves and optics at 20%, and thermodynamics and modern physics accounting for roughly 5% each. The test is "multiple-selection", where certain questions may require selecting up to four correct options or identifying a single specific correct statement among several complex distractors.

The time limit have NOT consistent been consistent throughout the years. For example, the 2015 exam was split between two 1h40m sessions with a recess whereas the 2020 exam was one 2h45m session.
', '<p>The Korean Physics Middle-School Olympiad (KPhC) serves individuals targeting admission into specialized Science High Schools. The examination consists of 30 multiple-choice questions covering a broad range of classical and modern physics. On average, mechanics constitutes approximately 45% of the exam, followed by electromagnetism at 25%, waves and optics at 20%, and thermodynamics and modern physics accounting for roughly 5% each. The test is &quot;multiple-selection&quot;, where certain questions may require selecting up to four correct options or identifying a single specific correct statement among several complex distractors.</p>
<p>The time limit have NOT consistent been consistent throughout the years. For example, the 2015 exam was split between two 1h40m sessions with a recess whereas the 2020 exam was one 2h45m session.</p>
', '{"problems":{"label":"Problems"},"problemsEn":{"label":"Problems (EN)"},"theory":{"label":"Theory"},"experiment":{"label":"Experiment"},"solutions":{"label":"Solutions"},"answerSheet":{"label":"Answer Sheets"},"theorySolutions":{"label":"Theory Solutions"},"experimentSolutions":{"label":"Experiment Solutions"},"theoryMarkingScheme":{"label":"Theory Marking Scheme"},"experimentMarkingScheme":{"label":"Experiment Marking Scheme"},"theoryInstructions":{"label":"Theory General Instructions"},"experimentalInstructions":{"label":"Experiment General Instructions"},"experimentalFiles":{"label":"Experimental Files"},"experimentalPresentation":{"label":"Experimental Presentation"},"report":{"label":"Report"},"results":{"label":"Results"},"minutes":{"label":"Minutes"},"proceedings":{"label":"Proceedings"},"comments":{"label":"Comments"},"part1":{"label":"Round 1"},"part2":{"label":"Round 2"}}', '{"problem":{"label":"Problem"},"problemEn":{"label":"Problem (EN)"},"solution":{"label":"Solution"},"answerSheet":{"label":"Answer Sheet"},"markingScheme":{"label":"Marking Scheme"},"presentation":{"label":"Presentation"}}');
INSERT INTO olympiads (id, name, summary, icon, tag, display_order, description_md, description_html, year_file_types, problem_file_types) VALUES ('rupho-w', 'Russian Team Selection Test (W)', 'Preparation for 10th graders in Russia for the TST', '🇷🇺', 'National', 18, 'A IPhO-style competition for 10th graders in Russia to prepare for the team selection test (X and Y).
', '<p>A IPhO-style competition for 10th graders in Russia to prepare for the team selection test (X and Y).</p>
', '{"problems":{"label":"Problems"},"problemsEn":{"label":"Problems (EN)"},"theory":{"label":"Theory"},"experiment":{"label":"Experiment"},"solutions":{"label":"Solutions"},"answerSheet":{"label":"Answer Sheets"},"theorySolutions":{"label":"Theory Solutions"},"experimentSolutions":{"label":"Experiment Solutions"},"theoryMarkingScheme":{"label":"Theory Marking Scheme"},"experimentMarkingScheme":{"label":"Experiment Marking Scheme"},"theoryInstructions":{"label":"Theory General Instructions"},"experimentalInstructions":{"label":"Experiment General Instructions"},"experimentalFiles":{"label":"Experimental Files"},"experimentalPresentation":{"label":"Experimental Presentation"},"report":{"label":"Report"},"results":{"label":"Results"},"minutes":{"label":"Minutes"},"proceedings":{"label":"Proceedings"},"comments":{"label":"Comments"}}', '{"problem":{"label":"Problem"},"problemEn":{"label":"Problem (EN)"},"solution":{"label":"Solution"},"answerSheet":{"label":"Answer Sheet"},"markingScheme":{"label":"Marking Scheme"},"presentation":{"label":"Presentation"}}');
INSERT INTO olympiads (id, name, summary, icon, tag, display_order, description_md, description_html, year_file_types, problem_file_types) VALUES ('rupho-x', 'Russian Team Selection Test (X)', '1st stage of the Russian IPhO team selection', '🇷🇺', 'National', 19, NULL, NULL, '{"problems":{"label":"Problems"},"problemsEn":{"label":"Problems (EN)"},"theory":{"label":"Theory"},"experiment":{"label":"Experiment"},"solutions":{"label":"Solutions"},"answerSheet":{"label":"Answer Sheets"},"theorySolutions":{"label":"Theory Solutions"},"experimentSolutions":{"label":"Experiment Solutions"},"theoryMarkingScheme":{"label":"Theory Marking Scheme"},"experimentMarkingScheme":{"label":"Experiment Marking Scheme"},"theoryInstructions":{"label":"Theory General Instructions"},"experimentalInstructions":{"label":"Experiment General Instructions"},"experimentalFiles":{"label":"Experimental Files"},"experimentalPresentation":{"label":"Experimental Presentation"},"report":{"label":"Report"},"results":{"label":"Results"},"minutes":{"label":"Minutes"},"proceedings":{"label":"Proceedings"},"comments":{"label":"Comments"}}', '{"problem":{"label":"Problem"},"problemEn":{"label":"Problem (EN)"},"solution":{"label":"Solution"},"answerSheet":{"label":"Answer Sheet"},"markingScheme":{"label":"Marking Scheme"},"presentation":{"label":"Presentation"},"Part 1":{"label":"Part 1"},"Part 2":{"label":"Part 2"},"Part 3":{"label":"Part 3"}}');
INSERT INTO olympiads (id, name, summary, icon, tag, display_order, description_md, description_html, year_file_types, problem_file_types) VALUES ('rupho-y', 'Russian Team Selection Test (Y)', '2nd stage of the Russian IPhO team selection', '🇷🇺', 'National', 20, NULL, NULL, '{"problems":{"label":"Problems"},"problemsEn":{"label":"Problems (EN)"},"theory":{"label":"Theory"},"experiment":{"label":"Experiment"},"solutions":{"label":"Solutions"},"answerSheet":{"label":"Answer Sheets"},"theorySolutions":{"label":"Theory Solutions"},"experimentSolutions":{"label":"Experiment Solutions"},"theoryMarkingScheme":{"label":"Theory Marking Scheme"},"experimentMarkingScheme":{"label":"Experiment Marking Scheme"},"theoryInstructions":{"label":"Theory General Instructions"},"experimentalInstructions":{"label":"Experiment General Instructions"},"experimentalFiles":{"label":"Experimental Files"},"experimentalPresentation":{"label":"Experimental Presentation"},"report":{"label":"Report"},"results":{"label":"Results"},"minutes":{"label":"Minutes"},"proceedings":{"label":"Proceedings"},"comments":{"label":"Comments"}}', '{"problem":{"label":"Problem"},"problemEn":{"label":"Problem (EN)"},"solution":{"label":"Solution"},"answerSheet":{"label":"Answer Sheet"},"markingScheme":{"label":"Marking Scheme"},"presentation":{"label":"Presentation"},"Part 1":{"label":"Part 1"},"Part 2":{"label":"Part 2"},"Part 3":{"label":"Part 3"}}');
INSERT INTO olympiads (id, name, summary, icon, tag, display_order, description_md, description_html, year_file_types, problem_file_types) VALUES ('upho', 'All-Ukrainian Physics Olympiad', 'Annual national physics olympiad for Ukrainian secondary school students.', '🇺🇦', 'National', 21, 'The All-Ukrainian Physics Olympiad (UPhO) is a national competition for secondary school students in Ukraine, held annually in different cities. The competition consists of theoretical and experimental rounds across multiple grades.
', '<p>The All-Ukrainian Physics Olympiad (UPhO) is a national competition for secondary school students in Ukraine, held annually in different cities. The competition consists of theoretical and experimental rounds across multiple grades.</p>
', '{"problems":{"label":"Problems"},"problemsEn":{"label":"Problems (EN)"},"theory":{"label":"Theory"},"experiment":{"label":"Experiment"},"solutions":{"label":"Solutions"},"answerSheet":{"label":"Answer Sheets"},"theorySolutions":{"label":"Theory Solutions"},"experimentSolutions":{"label":"Experiment Solutions"},"theoryMarkingScheme":{"label":"Theory Marking Scheme"},"experimentMarkingScheme":{"label":"Experiment Marking Scheme"},"theoryInstructions":{"label":"Theory General Instructions"},"experimentalInstructions":{"label":"Experiment General Instructions"},"experimentalFiles":{"label":"Experimental Files"},"experimentalPresentation":{"label":"Experimental Presentation"},"report":{"label":"Report"},"results":{"label":"Results"},"minutes":{"label":"Minutes"},"proceedings":{"label":"Proceedings"},"comments":{"label":"Comments"}}', '{"problem":{"label":"Problem"},"problemEn":{"label":"Problem (EN)"},"solution":{"label":"Solution"},"answerSheet":{"label":"Answer Sheet"},"markingScheme":{"label":"Marking Scheme"},"presentation":{"label":"Presentation"}}');
INSERT INTO years (id, olympiad_id, year, notes, extra_links) VALUES (1, 'eupho', 2025, '[]', '[]');
INSERT INTO year_files (year_id, file_type, url) VALUES (1, 'theory', 'https://cdn.phoxiv.org/olympiads/eupho/2025_T.pdf');
INSERT INTO year_files (year_id, file_type, url) VALUES (1, 'experiment', 'https://cdn.phoxiv.org/olympiads/eupho/2025_E.pdf');
INSERT INTO year_files (year_id, file_type, url) VALUES (1, 'theorySolutions', 'https://cdn.phoxiv.org/olympiads/eupho/2025_T_S.pdf');
INSERT INTO year_files (year_id, file_type, url) VALUES (1, 'experimentSolutions', 'https://cdn.phoxiv.org/olympiads/eupho/2025_E_S.pdf');
INSERT INTO year_files (year_id, file_type, url) VALUES (1, 'results', 'https://cdn.phoxiv.org/olympiads/eupho/2025_R.pdf');
INSERT INTO years (id, olympiad_id, year, notes, extra_links) VALUES (2, 'eupho', 2024, '[]', '[]');
INSERT INTO year_files (year_id, file_type, url) VALUES (2, 'theory', 'https://cdn.phoxiv.org/olympiads/eupho/2024_T.pdf');
INSERT INTO year_files (year_id, file_type, url) VALUES (2, 'experiment', 'https://cdn.phoxiv.org/olympiads/eupho/2024_E.pdf');
INSERT INTO year_files (year_id, file_type, url) VALUES (2, 'theorySolutions', 'https://cdn.phoxiv.org/olympiads/eupho/2024_T_S.pdf');
INSERT INTO year_files (year_id, file_type, url) VALUES (2, 'experimentSolutions', 'https://cdn.phoxiv.org/olympiads/eupho/2024_E_S.pdf');
INSERT INTO year_files (year_id, file_type, url) VALUES (2, 'results', 'https://cdn.phoxiv.org/olympiads/eupho/2024_R.pdf');
INSERT INTO years (id, olympiad_id, year, notes, extra_links) VALUES (3, 'eupho', 2023, '[]', '[]');
INSERT INTO year_files (year_id, file_type, url) VALUES (3, 'theory', 'https://cdn.phoxiv.org/olympiads/eupho/2023_T.pdf');
INSERT INTO year_files (year_id, file_type, url) VALUES (3, 'experiment', 'https://cdn.phoxiv.org/olympiads/eupho/2023_E.pdf');
INSERT INTO year_files (year_id, file_type, url) VALUES (3, 'theorySolutions', 'https://cdn.phoxiv.org/olympiads/eupho/2023_T_S.pdf');
INSERT INTO year_files (year_id, file_type, url) VALUES (3, 'experimentSolutions', 'https://cdn.phoxiv.org/olympiads/eupho/2023_E_S.pdf');
INSERT INTO year_files (year_id, file_type, url) VALUES (3, 'results', 'https://cdn.phoxiv.org/olympiads/eupho/2023_R.pdf');
INSERT INTO years (id, olympiad_id, year, notes, extra_links) VALUES (4, 'eupho', 2022, '[]', '[]');
INSERT INTO year_files (year_id, file_type, url) VALUES (4, 'theory', 'https://cdn.phoxiv.org/olympiads/eupho/2022_T.pdf');
INSERT INTO year_files (year_id, file_type, url) VALUES (4, 'experiment', 'https://cdn.phoxiv.org/olympiads/eupho/2022_E.pdf');
INSERT INTO year_files (year_id, file_type, url) VALUES (4, 'theorySolutions', 'https://cdn.phoxiv.org/olympiads/eupho/2022_T_S.pdf');
INSERT INTO year_files (year_id, file_type, url) VALUES (4, 'experimentSolutions', 'https://cdn.phoxiv.org/olympiads/eupho/2022_E_S.pdf');
INSERT INTO year_files (year_id, file_type, url) VALUES (4, 'results', 'https://cdn.phoxiv.org/olympiads/eupho/2022_R.pdf');
INSERT INTO years (id, olympiad_id, year, notes, extra_links) VALUES (5, 'eupho', 2021, '[]', '[]');
INSERT INTO year_files (year_id, file_type, url) VALUES (5, 'theory', 'https://cdn.phoxiv.org/olympiads/eupho/2021_T.pdf');
INSERT INTO year_files (year_id, file_type, url) VALUES (5, 'experiment', 'https://cdn.phoxiv.org/olympiads/eupho/2021_E.pdf');
INSERT INTO year_files (year_id, file_type, url) VALUES (5, 'theorySolutions', 'https://cdn.phoxiv.org/olympiads/eupho/2021_T_S.pdf');
INSERT INTO year_files (year_id, file_type, url) VALUES (5, 'experimentSolutions', 'https://cdn.phoxiv.org/olympiads/eupho/2021_E_S.pdf');
INSERT INTO year_files (year_id, file_type, url) VALUES (5, 'experimentalFiles', 'https://cdn.phoxiv.org/olympiads/eupho/2021_E_F.zip');
INSERT INTO year_files (year_id, file_type, url) VALUES (5, 'results', 'https://cdn.phoxiv.org/olympiads/eupho/2021_R.pdf');
INSERT INTO years (id, olympiad_id, year, notes, extra_links) VALUES (6, 'eupho', 2020, '[]', '[]');
INSERT INTO year_files (year_id, file_type, url) VALUES (6, 'theory', 'https://cdn.phoxiv.org/olympiads/eupho/2020_T.pdf');
INSERT INTO year_files (year_id, file_type, url) VALUES (6, 'experiment', 'https://cdn.phoxiv.org/olympiads/eupho/2020_E.pdf');
INSERT INTO year_files (year_id, file_type, url) VALUES (6, 'theorySolutions', 'https://cdn.phoxiv.org/olympiads/eupho/2020_T_S.pdf');
INSERT INTO year_files (year_id, file_type, url) VALUES (6, 'experimentSolutions', 'https://cdn.phoxiv.org/olympiads/eupho/2020_E_S.pdf');
INSERT INTO year_files (year_id, file_type, url) VALUES (6, 'experimentalFiles', 'https://cdn.phoxiv.org/olympiads/eupho/2020_E_F.zip');
INSERT INTO year_files (year_id, file_type, url) VALUES (6, 'results', 'https://cdn.phoxiv.org/olympiads/eupho/2020_R.pdf');
INSERT INTO years (id, olympiad_id, year, notes, extra_links) VALUES (7, 'eupho', 2019, '[]', '[]');
INSERT INTO year_files (year_id, file_type, url) VALUES (7, 'theory', 'https://cdn.phoxiv.org/olympiads/eupho/2019_T.pdf');
INSERT INTO year_files (year_id, file_type, url) VALUES (7, 'experiment', 'https://cdn.phoxiv.org/olympiads/eupho/2019_E.pdf');
INSERT INTO year_files (year_id, file_type, url) VALUES (7, 'theorySolutions', 'https://cdn.phoxiv.org/olympiads/eupho/2019_T_S.pdf');
INSERT INTO year_files (year_id, file_type, url) VALUES (7, 'theoryMarkingScheme', 'https://cdn.phoxiv.org/olympiads/eupho/2019_T_M.pdf');
INSERT INTO year_files (year_id, file_type, url) VALUES (7, 'results', 'https://cdn.phoxiv.org/olympiads/eupho/2019_R.pdf');
INSERT INTO years (id, olympiad_id, year, notes, extra_links) VALUES (8, 'eupho', 2018, '[]', '[]');
INSERT INTO year_files (year_id, file_type, url) VALUES (8, 'theory', 'https://cdn.phoxiv.org/olympiads/eupho/2018_T.pdf');
INSERT INTO year_files (year_id, file_type, url) VALUES (8, 'experiment', 'https://cdn.phoxiv.org/olympiads/eupho/2018_E.pdf');
INSERT INTO year_files (year_id, file_type, url) VALUES (8, 'theorySolutions', 'https://cdn.phoxiv.org/olympiads/eupho/2018_T_S.pdf');
INSERT INTO year_files (year_id, file_type, url) VALUES (8, 'experimentSolutions', 'https://cdn.phoxiv.org/olympiads/eupho/2018_E_S.pdf');
INSERT INTO year_files (year_id, file_type, url) VALUES (8, 'theoryMarkingScheme', 'https://cdn.phoxiv.org/olympiads/eupho/2018_T_M.pdf');
INSERT INTO year_files (year_id, file_type, url) VALUES (8, 'experimentMarkingScheme', 'https://cdn.phoxiv.org/olympiads/eupho/2018_E_M.pdf');
INSERT INTO year_files (year_id, file_type, url) VALUES (8, 'results', 'https://cdn.phoxiv.org/olympiads/eupho/2018_R.pdf');
INSERT INTO years (id, olympiad_id, year, notes, extra_links) VALUES (9, 'eupho', 2017, '[]', '[]');
INSERT INTO year_files (year_id, file_type, url) VALUES (9, 'theory', 'https://cdn.phoxiv.org/olympiads/eupho/2017_T.pdf');
INSERT INTO year_files (year_id, file_type, url) VALUES (9, 'experiment', 'https://cdn.phoxiv.org/olympiads/eupho/2017_E.pdf');
INSERT INTO year_files (year_id, file_type, url) VALUES (9, 'theorySolutions', 'https://cdn.phoxiv.org/olympiads/eupho/2017_T_S.pdf');
INSERT INTO year_files (year_id, file_type, url) VALUES (9, 'experimentSolutions', 'https://cdn.phoxiv.org/olympiads/eupho/2017_E_S.pdf');
INSERT INTO year_files (year_id, file_type, url) VALUES (9, 'results', 'https://cdn.phoxiv.org/olympiads/eupho/2017_R.pdf');
INSERT INTO years (id, olympiad_id, year, notes, extra_links) VALUES (10, 'ipho', 2025, '[]', '[]');
INSERT INTO year_files (year_id, file_type, url) VALUES (10, 'theoryInstructions', 'https://cdn.phoxiv.org/olympiads/ipho/2025_TG0.pdf');
INSERT INTO year_files (year_id, file_type, url) VALUES (10, 'experimentalInstructions', 'https://cdn.phoxiv.org/olympiads/ipho/2025_EG0.pdf');
INSERT INTO year_files (year_id, file_type, url) VALUES (10, 'results', 'https://cdn.phoxiv.org/olympiads/ipho/2025_R.pdf');
INSERT INTO problems (id, year_id, number, title) VALUES (1, 10, 'T1', 'Hydrogen and galaxies');
INSERT INTO problem_files (problem_id, file_type, url) VALUES (1, 'problem', 'https://cdn.phoxiv.org/olympiads/ipho/2025/T1.pdf');
INSERT INTO problem_files (problem_id, file_type, url) VALUES (1, 'solution', 'https://cdn.phoxiv.org/olympiads/ipho/2025/T1_S.pdf');
INSERT INTO problem_files (problem_id, file_type, url) VALUES (1, 'answerSheet', 'https://cdn.phoxiv.org/olympiads/ipho/2025/T1_A.pdf');
INSERT INTO problems (id, year_id, number, title) VALUES (2, 10, 'T2', 'Cox''s Timepiece');
INSERT INTO problem_files (problem_id, file_type, url) VALUES (2, 'problem', 'https://cdn.phoxiv.org/olympiads/ipho/2025/T2.pdf');
INSERT INTO problem_files (problem_id, file_type, url) VALUES (2, 'solution', 'https://cdn.phoxiv.org/olympiads/ipho/2025/T2_S.pdf');
INSERT INTO problem_files (problem_id, file_type, url) VALUES (2, 'answerSheet', 'https://cdn.phoxiv.org/olympiads/ipho/2025/T2_A.pdf');
INSERT INTO problems (id, year_id, number, title) VALUES (3, 10, 'T3', 'Champagne!');
INSERT INTO problem_files (problem_id, file_type, url) VALUES (3, 'problem', 'https://cdn.phoxiv.org/olympiads/ipho/2025/T3.pdf');
INSERT INTO problem_files (problem_id, file_type, url) VALUES (3, 'solution', 'https://cdn.phoxiv.org/olympiads/ipho/2025/T3_S.pdf');
INSERT INTO problem_files (problem_id, file_type, url) VALUES (3, 'answerSheet', 'https://cdn.phoxiv.org/olympiads/ipho/2025/T3_A.pdf');
INSERT INTO problems (id, year_id, number, title) VALUES (4, 10, 'T4', 'Strongly correlated Fermi gases (Theory Backup)');
INSERT INTO problem_files (problem_id, file_type, url) VALUES (4, 'problem', 'https://cdn.phoxiv.org/olympiads/ipho/2025/T4.pdf');
INSERT INTO problem_files (problem_id, file_type, url) VALUES (4, 'answerSheet', 'https://cdn.phoxiv.org/olympiads/ipho/2025/T4_A.pdf');
INSERT INTO problems (id, year_id, number, title) VALUES (5, 10, 'E1', 'Earth''s magnetic field measurement');
INSERT INTO problem_files (problem_id, file_type, url) VALUES (5, 'problem', 'https://cdn.phoxiv.org/olympiads/ipho/2025/E1.pdf');
INSERT INTO problem_files (problem_id, file_type, url) VALUES (5, 'solution', 'https://cdn.phoxiv.org/olympiads/ipho/2025/E1_S.pdf');
INSERT INTO problem_files (problem_id, file_type, url) VALUES (5, 'answerSheet', 'https://cdn.phoxiv.org/olympiads/ipho/2025/E1_A.pdf');
INSERT INTO problems (id, year_id, number, title) VALUES (6, 10, 'E2', 'Sand craters and dunes');
INSERT INTO problem_files (problem_id, file_type, url) VALUES (6, 'problem', 'https://cdn.phoxiv.org/olympiads/ipho/2025/E2.pdf');
INSERT INTO problem_files (problem_id, file_type, url) VALUES (6, 'solution', 'https://cdn.phoxiv.org/olympiads/ipho/2025/E2_S.pdf');
INSERT INTO problem_files (problem_id, file_type, url) VALUES (6, 'answerSheet', 'https://cdn.phoxiv.org/olympiads/ipho/2025/E2_A.pdf');
INSERT INTO years (id, olympiad_id, year, notes, extra_links) VALUES (11, 'ipho', 2024, '[]', '[]');
INSERT INTO year_files (year_id, file_type, url) VALUES (11, 'minutes', 'https://cdn.phoxiv.org/olympiads/ipho/2024_min.pdf');
INSERT INTO problems (id, year_id, number, title) VALUES (7, 11, 'T1', 'Greenhouse Effect');
INSERT INTO problem_files (problem_id, file_type, url) VALUES (7, 'problem', 'https://cdn.phoxiv.org/olympiads/ipho/2024/T1.pdf');
INSERT INTO problem_files (problem_id, file_type, url) VALUES (7, 'solution', 'https://cdn.phoxiv.org/olympiads/ipho/2024/T1_S.pdf');
INSERT INTO problem_files (problem_id, file_type, url) VALUES (7, 'answerSheet', 'https://cdn.phoxiv.org/olympiads/ipho/2024/T1_A.pdf');
INSERT INTO problem_files (problem_id, file_type, url) VALUES (7, 'markingScheme', 'https://cdn.phoxiv.org/olympiads/ipho/2024/T1_M.pdf');
INSERT INTO problem_files (problem_id, file_type, url) VALUES (7, 'presentation', 'https://cdn.phoxiv.org/olympiads/ipho/2024/T1_P.pdf');
INSERT INTO problems (id, year_id, number, title) VALUES (8, 11, 'T2', 'Trapping Ions and Cooling Atoms');
INSERT INTO problem_files (problem_id, file_type, url) VALUES (8, 'problem', 'https://cdn.phoxiv.org/olympiads/ipho/2024/T2.pdf');
INSERT INTO problem_files (problem_id, file_type, url) VALUES (8, 'solution', 'https://cdn.phoxiv.org/olympiads/ipho/2024/T2_S.pdf');
INSERT INTO problem_files (problem_id, file_type, url) VALUES (8, 'answerSheet', 'https://cdn.phoxiv.org/olympiads/ipho/2024/T2_A.pdf');
INSERT INTO problem_files (problem_id, file_type, url) VALUES (8, 'markingScheme', 'https://cdn.phoxiv.org/olympiads/ipho/2024/T2_M.pdf');
INSERT INTO problem_files (problem_id, file_type, url) VALUES (8, 'presentation', 'https://cdn.phoxiv.org/olympiads/ipho/2024/T2_P.pdf');
INSERT INTO problems (id, year_id, number, title) VALUES (9, 11, 'T3', 'Black Widow Pulsar');
INSERT INTO problem_files (problem_id, file_type, url) VALUES (9, 'problem', 'https://cdn.phoxiv.org/olympiads/ipho/2024/T3.pdf');
INSERT INTO problem_files (problem_id, file_type, url) VALUES (9, 'solution', 'https://cdn.phoxiv.org/olympiads/ipho/2024/T3_S.pdf');
INSERT INTO problem_files (problem_id, file_type, url) VALUES (9, 'answerSheet', 'https://cdn.phoxiv.org/olympiads/ipho/2024/T3_A.pdf');
INSERT INTO problem_files (problem_id, file_type, url) VALUES (9, 'markingScheme', 'https://cdn.phoxiv.org/olympiads/ipho/2024/T3_M.pdf');
INSERT INTO problem_files (problem_id, file_type, url) VALUES (9, 'presentation', 'https://cdn.phoxiv.org/olympiads/ipho/2024/T3_P.pdf');
INSERT INTO problems (id, year_id, number, title) VALUES (10, 11, 'E1', 'Heat Conduction in a Copper Rod');
INSERT INTO problem_files (problem_id, file_type, url) VALUES (10, 'problem', 'https://cdn.phoxiv.org/olympiads/ipho/2024/E1.pdf');
INSERT INTO problem_files (problem_id, file_type, url) VALUES (10, 'solution', 'https://cdn.phoxiv.org/olympiads/ipho/2024/E1_S.pdf');
INSERT INTO problem_files (problem_id, file_type, url) VALUES (10, 'answerSheet', 'https://cdn.phoxiv.org/olympiads/ipho/2024/E1_A.pdf');
INSERT INTO problem_files (problem_id, file_type, url) VALUES (10, 'markingScheme', 'https://cdn.phoxiv.org/olympiads/ipho/2024/E1_M.pdf');
INSERT INTO problem_files (problem_id, file_type, url) VALUES (10, 'presentation', 'https://cdn.phoxiv.org/olympiads/ipho/2024/E1_P.pdf');
INSERT INTO problems (id, year_id, number, title) VALUES (11, 11, 'E2', 'Diffraction from Phase Steps');
INSERT INTO problem_files (problem_id, file_type, url) VALUES (11, 'problem', 'https://cdn.phoxiv.org/olympiads/ipho/2024/E2.pdf');
INSERT INTO problem_files (problem_id, file_type, url) VALUES (11, 'solution', 'https://cdn.phoxiv.org/olympiads/ipho/2024/E2_S.pdf');
INSERT INTO problem_files (problem_id, file_type, url) VALUES (11, 'answerSheet', 'https://cdn.phoxiv.org/olympiads/ipho/2024/E2_A.pdf');
INSERT INTO problem_files (problem_id, file_type, url) VALUES (11, 'markingScheme', 'https://cdn.phoxiv.org/olympiads/ipho/2024/E2_M.pdf');
INSERT INTO problem_files (problem_id, file_type, url) VALUES (11, 'presentation', 'https://cdn.phoxiv.org/olympiads/ipho/2024/E2_P.pdf');
INSERT INTO years (id, olympiad_id, year, notes, extra_links) VALUES (12, 'ipho', 2023, '[]', '[]');
INSERT INTO year_files (year_id, file_type, url) VALUES (12, 'theoryInstructions', 'https://cdn.phoxiv.org/olympiads/ipho/2023_TG0.pdf');
INSERT INTO year_files (year_id, file_type, url) VALUES (12, 'experimentalInstructions', 'https://cdn.phoxiv.org/olympiads/ipho/2023_EG0.pdf');
INSERT INTO year_files (year_id, file_type, url) VALUES (12, 'minutes', 'https://cdn.phoxiv.org/olympiads/ipho/2023_min.pdf');
INSERT INTO problems (id, year_id, number, title) VALUES (12, 12, 'T1', 'Soil Colloids');
INSERT INTO problem_files (problem_id, file_type, url) VALUES (12, 'problem', 'https://cdn.phoxiv.org/olympiads/ipho/2023/T1.pdf');
INSERT INTO problem_files (problem_id, file_type, url) VALUES (12, 'solution', 'https://cdn.phoxiv.org/olympiads/ipho/2023/T1_S.pdf');
INSERT INTO problem_files (problem_id, file_type, url) VALUES (12, 'answerSheet', 'https://cdn.phoxiv.org/olympiads/ipho/2023/T1_A.pdf');
INSERT INTO problem_files (problem_id, file_type, url) VALUES (12, 'markingScheme', 'https://cdn.phoxiv.org/olympiads/ipho/2023/T1_M.pdf');
INSERT INTO problems (id, year_id, number, title) VALUES (13, 12, 'T2', 'Neutron Stars');
INSERT INTO problem_files (problem_id, file_type, url) VALUES (13, 'problem', 'https://cdn.phoxiv.org/olympiads/ipho/2023/T2.pdf');
INSERT INTO problem_files (problem_id, file_type, url) VALUES (13, 'solution', 'https://cdn.phoxiv.org/olympiads/ipho/2023/T2_S.pdf');
INSERT INTO problem_files (problem_id, file_type, url) VALUES (13, 'answerSheet', 'https://cdn.phoxiv.org/olympiads/ipho/2023/T2_A.pdf');
INSERT INTO problem_files (problem_id, file_type, url) VALUES (13, 'markingScheme', 'https://cdn.phoxiv.org/olympiads/ipho/2023/T2_M.pdf');
INSERT INTO problems (id, year_id, number, title) VALUES (14, 12, 'T3', 'Water and Objects');
INSERT INTO problem_files (problem_id, file_type, url) VALUES (14, 'problem', 'https://cdn.phoxiv.org/olympiads/ipho/2023/T3.pdf');
INSERT INTO problem_files (problem_id, file_type, url) VALUES (14, 'solution', 'https://cdn.phoxiv.org/olympiads/ipho/2023/T3_S.pdf');
INSERT INTO problem_files (problem_id, file_type, url) VALUES (14, 'answerSheet', 'https://cdn.phoxiv.org/olympiads/ipho/2023/T3_A.pdf');
INSERT INTO problem_files (problem_id, file_type, url) VALUES (14, 'markingScheme', 'https://cdn.phoxiv.org/olympiads/ipho/2023/T3_M.pdf');
INSERT INTO problems (id, year_id, number, title) VALUES (15, 12, 'E1', 'Mass Measurement');
INSERT INTO problem_files (problem_id, file_type, url) VALUES (15, 'problem', 'https://cdn.phoxiv.org/olympiads/ipho/2023/E1.pdf');
INSERT INTO problem_files (problem_id, file_type, url) VALUES (15, 'solution', 'https://cdn.phoxiv.org/olympiads/ipho/2023/E1_S.pdf');
INSERT INTO problem_files (problem_id, file_type, url) VALUES (15, 'answerSheet', 'https://cdn.phoxiv.org/olympiads/ipho/2023/E1_A.pdf');
INSERT INTO problem_files (problem_id, file_type, url) VALUES (15, 'markingScheme', 'https://cdn.phoxiv.org/olympiads/ipho/2023/E1_M.pdf');
INSERT INTO problems (id, year_id, number, title) VALUES (16, 12, 'E2', 'Birefringence');
INSERT INTO problem_files (problem_id, file_type, url) VALUES (16, 'problem', 'https://cdn.phoxiv.org/olympiads/ipho/2023/E2.pdf');
INSERT INTO problem_files (problem_id, file_type, url) VALUES (16, 'solution', 'https://cdn.phoxiv.org/olympiads/ipho/2023/E2_S.pdf');
INSERT INTO problem_files (problem_id, file_type, url) VALUES (16, 'answerSheet', 'https://cdn.phoxiv.org/olympiads/ipho/2023/E2_A.pdf');
INSERT INTO problem_files (problem_id, file_type, url) VALUES (16, 'markingScheme', 'https://cdn.phoxiv.org/olympiads/ipho/2023/E2_M.pdf');
INSERT INTO years (id, olympiad_id, year, notes, extra_links) VALUES (13, 'ipho', 2022, '[]', '[]');
INSERT INTO year_files (year_id, file_type, url) VALUES (13, 'theorySolutions', 'https://cdn.phoxiv.org/olympiads/ipho/2022_T_S.pdf');
INSERT INTO year_files (year_id, file_type, url) VALUES (13, 'experimentSolutions', 'https://cdn.phoxiv.org/olympiads/ipho/2022_E_S.pdf');
INSERT INTO year_files (year_id, file_type, url) VALUES (13, 'theoryInstructions', 'https://cdn.phoxiv.org/olympiads/ipho/2022_TG0.pdf');
INSERT INTO year_files (year_id, file_type, url) VALUES (13, 'experimentalInstructions', 'https://cdn.phoxiv.org/olympiads/ipho/2022_EG0.pdf');
INSERT INTO year_files (year_id, file_type, url) VALUES (13, 'experimentalFiles', 'https://cdn.phoxiv.org/olympiads/ipho/2022_E_F.zip');
INSERT INTO year_files (year_id, file_type, url) VALUES (13, 'results', 'https://cdn.phoxiv.org/olympiads/ipho/2022_R.xlsx');
INSERT INTO year_files (year_id, file_type, url) VALUES (13, 'minutes', 'https://cdn.phoxiv.org/olympiads/ipho/2022_min.pdf');
INSERT INTO year_files (year_id, file_type, url) VALUES (13, 'extraMinutes', 'https://cdn.phoxiv.org/olympiads/ipho/2022_min2.pdf');
INSERT INTO problems (id, year_id, number, title) VALUES (17, 13, 'T1', 'Permanent magnets');
INSERT INTO problem_files (problem_id, file_type, url) VALUES (17, 'problem', 'https://cdn.phoxiv.org/olympiads/ipho/2022/T1.pdf');
INSERT INTO problem_files (problem_id, file_type, url) VALUES (17, 'answerSheet', 'https://cdn.phoxiv.org/olympiads/ipho/2022/T1_A.pdf');
INSERT INTO problems (id, year_id, number, title) VALUES (18, 13, 'T2', 'James Webb Space Telescope');
INSERT INTO problem_files (problem_id, file_type, url) VALUES (18, 'problem', 'https://cdn.phoxiv.org/olympiads/ipho/2022/T2.pdf');
INSERT INTO problem_files (problem_id, file_type, url) VALUES (18, 'answerSheet', 'https://cdn.phoxiv.org/olympiads/ipho/2022/T2_A.pdf');
INSERT INTO problems (id, year_id, number, title) VALUES (19, 13, 'T3', 'Scaling laws');
INSERT INTO problem_files (problem_id, file_type, url) VALUES (19, 'problem', 'https://cdn.phoxiv.org/olympiads/ipho/2022/T3.pdf');
INSERT INTO problem_files (problem_id, file_type, url) VALUES (19, 'answerSheet', 'https://cdn.phoxiv.org/olympiads/ipho/2022/T3_A.pdf');
INSERT INTO problems (id, year_id, number, title) VALUES (20, 13, 'E1', 'Planet');
INSERT INTO problem_files (problem_id, file_type, url) VALUES (20, 'problem', 'https://cdn.phoxiv.org/olympiads/ipho/2022/E1.pdf');
INSERT INTO problem_files (problem_id, file_type, url) VALUES (20, 'answerSheet', 'https://cdn.phoxiv.org/olympiads/ipho/2022/E1_A.pdf');
INSERT INTO problems (id, year_id, number, title) VALUES (21, 13, 'E2', 'Cylindrical Diode');
INSERT INTO problem_files (problem_id, file_type, url) VALUES (21, 'problem', 'https://cdn.phoxiv.org/olympiads/ipho/2022/E2.pdf');
INSERT INTO problem_files (problem_id, file_type, url) VALUES (21, 'answerSheet', 'https://cdn.phoxiv.org/olympiads/ipho/2022/E2_A.pdf');
INSERT INTO years (id, olympiad_id, year, notes, extra_links) VALUES (14, 'ipho', 2021, '[]', '[]');
INSERT INTO year_files (year_id, file_type, url) VALUES (14, 'experimentalInstructions', 'https://cdn.phoxiv.org/olympiads/ipho/2021_EG0.pdf');
INSERT INTO year_files (year_id, file_type, url) VALUES (14, 'experimentalFiles', 'https://cdn.phoxiv.org/olympiads/ipho/2021_E_F.zip');
INSERT INTO year_files (year_id, file_type, url) VALUES (14, 'minutes', 'https://cdn.phoxiv.org/olympiads/ipho/2021_min.pdf');
INSERT INTO year_files (year_id, file_type, url) VALUES (14, 'proceedings', 'https://cdn.phoxiv.org/olympiads/ipho/2021_proc.pdf');
INSERT INTO problems (id, year_id, number, title) VALUES (22, 14, 'T1', 'Planetary Physics');
INSERT INTO problem_files (problem_id, file_type, url) VALUES (22, 'problem', 'https://cdn.phoxiv.org/olympiads/ipho/2021/T1.pdf');
INSERT INTO problem_files (problem_id, file_type, url) VALUES (22, 'solution', 'https://cdn.phoxiv.org/olympiads/ipho/2021/T1_S.pdf');
INSERT INTO problem_files (problem_id, file_type, url) VALUES (22, 'answerSheet', 'https://cdn.phoxiv.org/olympiads/ipho/2021/T1_A.pdf');
INSERT INTO problems (id, year_id, number, title) VALUES (23, 14, 'T2', 'Electrostatic Lens');
INSERT INTO problem_files (problem_id, file_type, url) VALUES (23, 'problem', 'https://cdn.phoxiv.org/olympiads/ipho/2021/T2.pdf');
INSERT INTO problem_files (problem_id, file_type, url) VALUES (23, 'solution', 'https://cdn.phoxiv.org/olympiads/ipho/2021/T2_S.pdf');
INSERT INTO problem_files (problem_id, file_type, url) VALUES (23, 'answerSheet', 'https://cdn.phoxiv.org/olympiads/ipho/2021/T2_A.pdf');
INSERT INTO problems (id, year_id, number, title) VALUES (24, 14, 'T3', 'Particles and Waves');
INSERT INTO problem_files (problem_id, file_type, url) VALUES (24, 'problem', 'https://cdn.phoxiv.org/olympiads/ipho/2021/T3.pdf');
INSERT INTO problem_files (problem_id, file_type, url) VALUES (24, 'solution', 'https://cdn.phoxiv.org/olympiads/ipho/2021/T3_S.pdf');
INSERT INTO problem_files (problem_id, file_type, url) VALUES (24, 'answerSheet', 'https://cdn.phoxiv.org/olympiads/ipho/2021/T3_A.pdf');
INSERT INTO problems (id, year_id, number, title) VALUES (25, 14, 'E1', 'Non-ideal Capacitors');
INSERT INTO problem_files (problem_id, file_type, url) VALUES (25, 'problem', 'https://cdn.phoxiv.org/olympiads/ipho/2021/E1.pdf');
INSERT INTO problem_files (problem_id, file_type, url) VALUES (25, 'solution', 'https://cdn.phoxiv.org/olympiads/ipho/2021/E1_S.pdf');
INSERT INTO problem_files (problem_id, file_type, url) VALUES (25, 'answerSheet', 'https://cdn.phoxiv.org/olympiads/ipho/2021/E1_A.pdf');
INSERT INTO problems (id, year_id, number, title) VALUES (26, 14, 'E2', 'LEDs');
INSERT INTO problem_files (problem_id, file_type, url) VALUES (26, 'problem', 'https://cdn.phoxiv.org/olympiads/ipho/2021/E2.pdf');
INSERT INTO problem_files (problem_id, file_type, url) VALUES (26, 'solution', 'https://cdn.phoxiv.org/olympiads/ipho/2021/E2_S.pdf');
INSERT INTO problem_files (problem_id, file_type, url) VALUES (26, 'answerSheet', 'https://cdn.phoxiv.org/olympiads/ipho/2021/E2_A.pdf');
INSERT INTO years (id, olympiad_id, year, notes, extra_links) VALUES (15, 'ipho', 2020, '[]', '[{"label":"Solutions","url":"https://i20.mipt.ru/#problems"}]');
INSERT INTO problems (id, year_id, number, title) VALUES (27, 15, 'T1', 'Problem Mix');
INSERT INTO problem_files (problem_id, file_type, url) VALUES (27, 'problem', 'https://cdn.phoxiv.org/olympiads/ipho/2020/T1.pdf');
INSERT INTO problems (id, year_id, number, title) VALUES (28, 15, 'T2', 'Anisotropic Friction');
INSERT INTO problem_files (problem_id, file_type, url) VALUES (28, 'problem', 'https://cdn.phoxiv.org/olympiads/ipho/2020/T2.pdf');
INSERT INTO problems (id, year_id, number, title) VALUES (29, 15, 'T3', 'Laser Technologies');
INSERT INTO problem_files (problem_id, file_type, url) VALUES (29, 'problem', 'https://cdn.phoxiv.org/olympiads/ipho/2020/T3.pdf');
INSERT INTO problems (id, year_id, number, title) VALUES (30, 15, 'E1', 'Crystallography');
INSERT INTO problem_files (problem_id, file_type, url) VALUES (30, 'problem', 'https://cdn.phoxiv.org/olympiads/ipho/2020/E1.pdf');
INSERT INTO problem_files (problem_id, file_type, url) VALUES (30, 'answerSheet', 'https://cdn.phoxiv.org/olympiads/ipho/2020/E1_A.pdf');
INSERT INTO years (id, olympiad_id, year, notes, extra_links) VALUES (16, 'ipho', 2019, '[]', '[]');
INSERT INTO year_files (year_id, file_type, url) VALUES (16, 'minutes', 'https://cdn.phoxiv.org/olympiads/ipho/2019_min.pdf');
INSERT INTO problems (id, year_id, number, title) VALUES (31, 16, 'T1', 'Zero-length springs and slinky coils');
INSERT INTO problem_files (problem_id, file_type, url) VALUES (31, 'problem', 'https://cdn.phoxiv.org/olympiads/ipho/2019/T1.pdf');
INSERT INTO problem_files (problem_id, file_type, url) VALUES (31, 'solution', 'https://cdn.phoxiv.org/olympiads/ipho/2019/T1_S.pdf');
INSERT INTO problem_files (problem_id, file_type, url) VALUES (31, 'markingScheme', 'https://cdn.phoxiv.org/olympiads/ipho/2019/T1_M.pdf');
INSERT INTO problem_files (problem_id, file_type, url) VALUES (31, 'presentation', 'https://cdn.phoxiv.org/olympiads/ipho/2019/T1_P.pdf');
INSERT INTO problems (id, year_id, number, title) VALUES (32, 16, 'T2', 'The Physics of a Microwave Oven');
INSERT INTO problem_files (problem_id, file_type, url) VALUES (32, 'problem', 'https://cdn.phoxiv.org/olympiads/ipho/2019/T2.pdf');
INSERT INTO problem_files (problem_id, file_type, url) VALUES (32, 'solution', 'https://cdn.phoxiv.org/olympiads/ipho/2019/T2_S.pdf');
INSERT INTO problem_files (problem_id, file_type, url) VALUES (32, 'markingScheme', 'https://cdn.phoxiv.org/olympiads/ipho/2019/T2_M.pdf');
INSERT INTO problem_files (problem_id, file_type, url) VALUES (32, 'presentation', 'https://cdn.phoxiv.org/olympiads/ipho/2019/T2_P.pdf');
INSERT INTO problems (id, year_id, number, title) VALUES (33, 16, 'T3', 'Thermoacoustic Engine');
INSERT INTO problem_files (problem_id, file_type, url) VALUES (33, 'problem', 'https://cdn.phoxiv.org/olympiads/ipho/2019/T3.pdf');
INSERT INTO problem_files (problem_id, file_type, url) VALUES (33, 'solution', 'https://cdn.phoxiv.org/olympiads/ipho/2019/T3_S.pdf');
INSERT INTO problem_files (problem_id, file_type, url) VALUES (33, 'markingScheme', 'https://cdn.phoxiv.org/olympiads/ipho/2019/T3_M.pdf');
INSERT INTO problem_files (problem_id, file_type, url) VALUES (33, 'presentation', 'https://cdn.phoxiv.org/olympiads/ipho/2019/T3_P.pdf');
INSERT INTO problems (id, year_id, number, title) VALUES (34, 16, 'E1', 'Optical Measurements');
INSERT INTO problem_files (problem_id, file_type, url) VALUES (34, 'problem', 'https://cdn.phoxiv.org/olympiads/ipho/2019/E1.pdf');
INSERT INTO problem_files (problem_id, file_type, url) VALUES (34, 'solution', 'https://cdn.phoxiv.org/olympiads/ipho/2019/E1_S.pdf');
INSERT INTO problem_files (problem_id, file_type, url) VALUES (34, 'markingScheme', 'https://cdn.phoxiv.org/olympiads/ipho/2019/E1_M.pdf');
INSERT INTO problem_files (problem_id, file_type, url) VALUES (34, 'presentation', 'https://cdn.phoxiv.org/olympiads/ipho/2019/E1_P.pdf');
INSERT INTO problem_files (problem_id, file_type, url) VALUES (34, 'calibration', 'https://cdn.phoxiv.org/olympiads/ipho/2019/E1_C.pdf');
INSERT INTO problems (id, year_id, number, title) VALUES (35, 16, 'E2', 'Wiedemann-Franz Law');
INSERT INTO problem_files (problem_id, file_type, url) VALUES (35, 'problem', 'https://cdn.phoxiv.org/olympiads/ipho/2019/E2.pdf');
INSERT INTO problem_files (problem_id, file_type, url) VALUES (35, 'solution', 'https://cdn.phoxiv.org/olympiads/ipho/2019/E2_S.pdf');
INSERT INTO problem_files (problem_id, file_type, url) VALUES (35, 'markingScheme', 'https://cdn.phoxiv.org/olympiads/ipho/2019/E2_M.pdf');
INSERT INTO problem_files (problem_id, file_type, url) VALUES (35, 'presentation', 'https://cdn.phoxiv.org/olympiads/ipho/2019/E2_P.pdf');
INSERT INTO years (id, olympiad_id, year, notes, extra_links) VALUES (17, 'ipho', 2018, '[]', '[]');
INSERT INTO year_files (year_id, file_type, url) VALUES (17, 'minutes', 'https://cdn.phoxiv.org/olympiads/ipho/2018_min.pdf');
INSERT INTO problems (id, year_id, number, title) VALUES (36, 17, 'T1', 'LIGO-GW150914');
INSERT INTO problem_files (problem_id, file_type, url) VALUES (36, 'problem', 'https://cdn.phoxiv.org/olympiads/ipho/2018/T1.pdf');
INSERT INTO problem_files (problem_id, file_type, url) VALUES (36, 'solution', 'https://cdn.phoxiv.org/olympiads/ipho/2018/T1_S.pdf');
INSERT INTO problem_files (problem_id, file_type, url) VALUES (36, 'answerSheet', 'https://cdn.phoxiv.org/olympiads/ipho/2018/T1_A.pdf');
INSERT INTO problem_files (problem_id, file_type, url) VALUES (36, 'markingScheme', 'https://cdn.phoxiv.org/olympiads/ipho/2018/T1_M.pdf');
INSERT INTO problems (id, year_id, number, title) VALUES (37, 17, 'T2', 'Where is the neutrino?');
INSERT INTO problem_files (problem_id, file_type, url) VALUES (37, 'problem', 'https://cdn.phoxiv.org/olympiads/ipho/2018/T2.pdf');
INSERT INTO problem_files (problem_id, file_type, url) VALUES (37, 'solution', 'https://cdn.phoxiv.org/olympiads/ipho/2018/T2_S.pdf');
INSERT INTO problem_files (problem_id, file_type, url) VALUES (37, 'answerSheet', 'https://cdn.phoxiv.org/olympiads/ipho/2018/T2_A.pdf');
INSERT INTO problem_files (problem_id, file_type, url) VALUES (37, 'markingScheme', 'https://cdn.phoxiv.org/olympiads/ipho/2018/T2_M.pdf');
INSERT INTO problems (id, year_id, number, title) VALUES (38, 17, 'T3', 'Physics of Live Systems');
INSERT INTO problem_files (problem_id, file_type, url) VALUES (38, 'problem', 'https://cdn.phoxiv.org/olympiads/ipho/2018/T3.pdf');
INSERT INTO problem_files (problem_id, file_type, url) VALUES (38, 'solution', 'https://cdn.phoxiv.org/olympiads/ipho/2018/T3_S.pdf');
INSERT INTO problem_files (problem_id, file_type, url) VALUES (38, 'answerSheet', 'https://cdn.phoxiv.org/olympiads/ipho/2018/T3_A.pdf');
INSERT INTO problem_files (problem_id, file_type, url) VALUES (38, 'markingScheme', 'https://cdn.phoxiv.org/olympiads/ipho/2018/T3_M.pdf');
INSERT INTO problems (id, year_id, number, title) VALUES (39, 17, 'E1', 'Paper Transistor');
INSERT INTO problem_files (problem_id, file_type, url) VALUES (39, 'problem', 'https://cdn.phoxiv.org/olympiads/ipho/2018/E1.pdf');
INSERT INTO problem_files (problem_id, file_type, url) VALUES (39, 'solution', 'https://cdn.phoxiv.org/olympiads/ipho/2018/E1_S.pdf');
INSERT INTO problem_files (problem_id, file_type, url) VALUES (39, 'answerSheet', 'https://cdn.phoxiv.org/olympiads/ipho/2018/E1_A.pdf');
INSERT INTO problem_files (problem_id, file_type, url) VALUES (39, 'markingScheme', 'https://cdn.phoxiv.org/olympiads/ipho/2018/E1_M.pdf');
INSERT INTO problems (id, year_id, number, title) VALUES (40, 17, 'E2', 'Viscoelasticity of a Polymer Thread');
INSERT INTO problem_files (problem_id, file_type, url) VALUES (40, 'problem', 'https://cdn.phoxiv.org/olympiads/ipho/2018/E2.pdf');
INSERT INTO problem_files (problem_id, file_type, url) VALUES (40, 'solution', 'https://cdn.phoxiv.org/olympiads/ipho/2018/E2_S.pdf');
INSERT INTO problem_files (problem_id, file_type, url) VALUES (40, 'answerSheet', 'https://cdn.phoxiv.org/olympiads/ipho/2018/E2_A.pdf');
INSERT INTO problem_files (problem_id, file_type, url) VALUES (40, 'markingScheme', 'https://cdn.phoxiv.org/olympiads/ipho/2018/E2_M.pdf');
INSERT INTO years (id, olympiad_id, year, notes, extra_links) VALUES (18, 'ipho', 2017, '["Note: most of this year''s problems have major issues."]', '[]');
INSERT INTO year_files (year_id, file_type, url) VALUES (18, 'theoryInstructions', 'https://cdn.phoxiv.org/olympiads/ipho/2017_TG0.pdf');
INSERT INTO year_files (year_id, file_type, url) VALUES (18, 'experimentalInstructions', 'https://cdn.phoxiv.org/olympiads/ipho/2017_EG0.pdf');
INSERT INTO year_files (year_id, file_type, url) VALUES (18, 'minutes', 'https://cdn.phoxiv.org/olympiads/ipho/2017_min.pdf');
INSERT INTO problems (id, year_id, number, title) VALUES (41, 18, 'T1', 'Dark Matter');
INSERT INTO problem_files (problem_id, file_type, url) VALUES (41, 'problem', 'https://cdn.phoxiv.org/olympiads/ipho/2017/T1.pdf');
INSERT INTO problem_files (problem_id, file_type, url) VALUES (41, 'solution', 'https://cdn.phoxiv.org/olympiads/ipho/2017/T1_S.pdf');
INSERT INTO problem_files (problem_id, file_type, url) VALUES (41, 'answerSheet', 'https://cdn.phoxiv.org/olympiads/ipho/2017/T1_A.pdf');
INSERT INTO problems (id, year_id, number, title) VALUES (42, 18, 'T2', 'Earthquake Volcano and Tsunami');
INSERT INTO problem_files (problem_id, file_type, url) VALUES (42, 'problem', 'https://cdn.phoxiv.org/olympiads/ipho/2017/T2.pdf');
INSERT INTO problem_files (problem_id, file_type, url) VALUES (42, 'solution', 'https://cdn.phoxiv.org/olympiads/ipho/2017/T2_S.pdf');
INSERT INTO problem_files (problem_id, file_type, url) VALUES (42, 'answerSheet', 'https://cdn.phoxiv.org/olympiads/ipho/2017/T2_A.pdf');
INSERT INTO problems (id, year_id, number, title) VALUES (43, 18, 'T3', 'Cosmic Inflation');
INSERT INTO problem_files (problem_id, file_type, url) VALUES (43, 'problem', 'https://cdn.phoxiv.org/olympiads/ipho/2017/T3.pdf');
INSERT INTO problem_files (problem_id, file_type, url) VALUES (43, 'solution', 'https://cdn.phoxiv.org/olympiads/ipho/2017/T3_S.pdf');
INSERT INTO problem_files (problem_id, file_type, url) VALUES (43, 'answerSheet', 'https://cdn.phoxiv.org/olympiads/ipho/2017/T3_A.pdf');
INSERT INTO problems (id, year_id, number, title) VALUES (44, 18, 'E1', 'Optics of a Salt Solution');
INSERT INTO problem_files (problem_id, file_type, url) VALUES (44, 'problem', 'https://cdn.phoxiv.org/olympiads/ipho/2017/E1.pdf');
INSERT INTO problem_files (problem_id, file_type, url) VALUES (44, 'solution', 'https://cdn.phoxiv.org/olympiads/ipho/2017/E1_S.pdf');
INSERT INTO problem_files (problem_id, file_type, url) VALUES (44, 'answerSheet', 'https://cdn.phoxiv.org/olympiads/ipho/2017/E1_A.pdf');
INSERT INTO problems (id, year_id, number, title) VALUES (45, 18, 'E2', 'Earthquake and Volcano Sensing');
INSERT INTO problem_files (problem_id, file_type, url) VALUES (45, 'problem', 'https://cdn.phoxiv.org/olympiads/ipho/2017/E2.pdf');
INSERT INTO problem_files (problem_id, file_type, url) VALUES (45, 'solution', 'https://cdn.phoxiv.org/olympiads/ipho/2017/E2_S.pdf');
INSERT INTO problem_files (problem_id, file_type, url) VALUES (45, 'answerSheet', 'https://cdn.phoxiv.org/olympiads/ipho/2017/E2_A.pdf');
INSERT INTO years (id, olympiad_id, year, notes, extra_links) VALUES (19, 'ipho', 2016, '[]', '[]');
INSERT INTO year_files (year_id, file_type, url) VALUES (19, 'theoryInstructions', 'https://cdn.phoxiv.org/olympiads/ipho/2016_TG0.pdf');
INSERT INTO year_files (year_id, file_type, url) VALUES (19, 'experimentalInstructions', 'https://cdn.phoxiv.org/olympiads/ipho/2016_EG0.pdf');
INSERT INTO year_files (year_id, file_type, url) VALUES (19, 'results', 'https://cdn.phoxiv.org/olympiads/ipho/2016_R.pdf');
INSERT INTO year_files (year_id, file_type, url) VALUES (19, 'minutes', 'https://cdn.phoxiv.org/olympiads/ipho/2016_min.pdf');
INSERT INTO problems (id, year_id, number, title) VALUES (46, 19, 'T1', 'Two Problems in Mechanics');
INSERT INTO problem_files (problem_id, file_type, url) VALUES (46, 'problem', 'https://cdn.phoxiv.org/olympiads/ipho/2016/T1.pdf');
INSERT INTO problem_files (problem_id, file_type, url) VALUES (46, 'solution', 'https://cdn.phoxiv.org/olympiads/ipho/2016/T1_S.pdf');
INSERT INTO problem_files (problem_id, file_type, url) VALUES (46, 'answerSheet', 'https://cdn.phoxiv.org/olympiads/ipho/2016/T1_A.pdf');
INSERT INTO problem_files (problem_id, file_type, url) VALUES (46, 'presentation', 'https://cdn.phoxiv.org/olympiads/ipho/2016/T1_P.pdf');
INSERT INTO problems (id, year_id, number, title) VALUES (47, 19, 'T2', 'Nonlinear Dynamics in Electric Circuits');
INSERT INTO problem_files (problem_id, file_type, url) VALUES (47, 'problem', 'https://cdn.phoxiv.org/olympiads/ipho/2016/T2.pdf');
INSERT INTO problem_files (problem_id, file_type, url) VALUES (47, 'solution', 'https://cdn.phoxiv.org/olympiads/ipho/2016/T2_S.pdf');
INSERT INTO problem_files (problem_id, file_type, url) VALUES (47, 'answerSheet', 'https://cdn.phoxiv.org/olympiads/ipho/2016/T2_A.pdf');
INSERT INTO problem_files (problem_id, file_type, url) VALUES (47, 'presentation', 'https://cdn.phoxiv.org/olympiads/ipho/2016/T2_P.pdf');
INSERT INTO problems (id, year_id, number, title) VALUES (48, 19, 'T3', 'Large Hadron Collider');
INSERT INTO problem_files (problem_id, file_type, url) VALUES (48, 'problem', 'https://cdn.phoxiv.org/olympiads/ipho/2016/T3.pdf');
INSERT INTO problem_files (problem_id, file_type, url) VALUES (48, 'solution', 'https://cdn.phoxiv.org/olympiads/ipho/2016/T3_S.pdf');
INSERT INTO problem_files (problem_id, file_type, url) VALUES (48, 'answerSheet', 'https://cdn.phoxiv.org/olympiads/ipho/2016/T3_A.pdf');
INSERT INTO problem_files (problem_id, file_type, url) VALUES (48, 'presentation', 'https://cdn.phoxiv.org/olympiads/ipho/2016/T3_P.pdf');
INSERT INTO problems (id, year_id, number, title) VALUES (49, 19, 'E1', 'Electrical Conductivity in 2D');
INSERT INTO problem_files (problem_id, file_type, url) VALUES (49, 'problem', 'https://cdn.phoxiv.org/olympiads/ipho/2016/E1.pdf');
INSERT INTO problem_files (problem_id, file_type, url) VALUES (49, 'solution', 'https://cdn.phoxiv.org/olympiads/ipho/2016/E1_S.pdf');
INSERT INTO problem_files (problem_id, file_type, url) VALUES (49, 'answerSheet', 'https://cdn.phoxiv.org/olympiads/ipho/2016/E1_A.pdf');
INSERT INTO problem_files (problem_id, file_type, url) VALUES (49, 'markingScheme', 'https://cdn.phoxiv.org/olympiads/ipho/2016/E1_M.pdf');
INSERT INTO problem_files (problem_id, file_type, url) VALUES (49, 'presentation', 'https://cdn.phoxiv.org/olympiads/ipho/2016/E1_P.pdf');
INSERT INTO problem_files (problem_id, file_type, url) VALUES (49, 'calibration', 'https://cdn.phoxiv.org/olympiads/ipho/2016/E1_C.pdf');
INSERT INTO problems (id, year_id, number, title) VALUES (50, 19, 'E2', 'Jumping Beads');
INSERT INTO problem_files (problem_id, file_type, url) VALUES (50, 'problem', 'https://cdn.phoxiv.org/olympiads/ipho/2016/E2.pdf');
INSERT INTO problem_files (problem_id, file_type, url) VALUES (50, 'solution', 'https://cdn.phoxiv.org/olympiads/ipho/2016/E2_S.pdf');
INSERT INTO problem_files (problem_id, file_type, url) VALUES (50, 'answerSheet', 'https://cdn.phoxiv.org/olympiads/ipho/2016/E2_A.pdf');
INSERT INTO problem_files (problem_id, file_type, url) VALUES (50, 'markingScheme', 'https://cdn.phoxiv.org/olympiads/ipho/2016/E2_M.pdf');
INSERT INTO problem_files (problem_id, file_type, url) VALUES (50, 'presentation', 'https://cdn.phoxiv.org/olympiads/ipho/2016/E2_P.pdf');
INSERT INTO years (id, olympiad_id, year, notes, extra_links) VALUES (20, 'ipho', 2015, '[]', '[]');
INSERT INTO year_files (year_id, file_type, url) VALUES (20, 'results', 'https://cdn.phoxiv.org/olympiads/ipho/2015_R.pdf');
INSERT INTO year_files (year_id, file_type, url) VALUES (20, 'minutes', 'https://cdn.phoxiv.org/olympiads/ipho/2015_min.pdf');
INSERT INTO problems (id, year_id, number, title) VALUES (51, 20, 'T1', 'Particles from the Sun');
INSERT INTO problem_files (problem_id, file_type, url) VALUES (51, 'problem', 'https://cdn.phoxiv.org/olympiads/ipho/2015/T1.pdf');
INSERT INTO problem_files (problem_id, file_type, url) VALUES (51, 'solution', 'https://cdn.phoxiv.org/olympiads/ipho/2015/T1_S.pdf');
INSERT INTO problems (id, year_id, number, title) VALUES (52, 20, 'T2', 'The Extremum Principle');
INSERT INTO problem_files (problem_id, file_type, url) VALUES (52, 'problem', 'https://cdn.phoxiv.org/olympiads/ipho/2015/T2.pdf');
INSERT INTO problem_files (problem_id, file_type, url) VALUES (52, 'solution', 'https://cdn.phoxiv.org/olympiads/ipho/2015/T2_S.pdf');
INSERT INTO problems (id, year_id, number, title) VALUES (53, 20, 'T3', 'The Design of a Nuclear Reactor');
INSERT INTO problem_files (problem_id, file_type, url) VALUES (53, 'problem', 'https://cdn.phoxiv.org/olympiads/ipho/2015/T3.pdf');
INSERT INTO problem_files (problem_id, file_type, url) VALUES (53, 'solution', 'https://cdn.phoxiv.org/olympiads/ipho/2015/T3_S.pdf');
INSERT INTO problems (id, year_id, number, title) VALUES (54, 20, 'E1', 'Diffraction due to Helical Structure');
INSERT INTO problem_files (problem_id, file_type, url) VALUES (54, 'problem', 'https://cdn.phoxiv.org/olympiads/ipho/2015/E1.pdf');
INSERT INTO problem_files (problem_id, file_type, url) VALUES (54, 'solution', 'https://cdn.phoxiv.org/olympiads/ipho/2015/E1_S.pdf');
INSERT INTO problems (id, year_id, number, title) VALUES (55, 20, 'E2', 'Diffraction due to Surface Tension');
INSERT INTO problem_files (problem_id, file_type, url) VALUES (55, 'problem', 'https://cdn.phoxiv.org/olympiads/ipho/2015/E2.pdf');
INSERT INTO problem_files (problem_id, file_type, url) VALUES (55, 'solution', 'https://cdn.phoxiv.org/olympiads/ipho/2015/E2_S.pdf');
INSERT INTO years (id, olympiad_id, year, notes, extra_links) VALUES (21, 'ipho', 2014, '[]', '[]');
INSERT INTO year_files (year_id, file_type, url) VALUES (21, 'minutes', 'https://cdn.phoxiv.org/olympiads/ipho/2014_min.pdf');
INSERT INTO problems (id, year_id, number, title) VALUES (56, 21, 'T1', 'Three Problems');
INSERT INTO problem_files (problem_id, file_type, url) VALUES (56, 'problem', 'https://cdn.phoxiv.org/olympiads/ipho/2014/T1.pdf');
INSERT INTO problem_files (problem_id, file_type, url) VALUES (56, 'solution', 'https://cdn.phoxiv.org/olympiads/ipho/2014/T1_S.pdf');
INSERT INTO problem_files (problem_id, file_type, url) VALUES (56, 'presentation', 'https://cdn.phoxiv.org/olympiads/ipho/2014/T1_P.pdf');
INSERT INTO problems (id, year_id, number, title) VALUES (57, 21, 'T2', 'Van der Waals Gas');
INSERT INTO problem_files (problem_id, file_type, url) VALUES (57, 'problem', 'https://cdn.phoxiv.org/olympiads/ipho/2014/T2.pdf');
INSERT INTO problem_files (problem_id, file_type, url) VALUES (57, 'solution', 'https://cdn.phoxiv.org/olympiads/ipho/2014/T2_S.pdf');
INSERT INTO problem_files (problem_id, file_type, url) VALUES (57, 'presentation', 'https://cdn.phoxiv.org/olympiads/ipho/2014/T2_P.pdf');
INSERT INTO problems (id, year_id, number, title) VALUES (58, 21, 'T3', 'Gas Discharge');
INSERT INTO problem_files (problem_id, file_type, url) VALUES (58, 'problem', 'https://cdn.phoxiv.org/olympiads/ipho/2014/T3.pdf');
INSERT INTO problem_files (problem_id, file_type, url) VALUES (58, 'solution', 'https://cdn.phoxiv.org/olympiads/ipho/2014/T3_S.pdf');
INSERT INTO problem_files (problem_id, file_type, url) VALUES (58, 'presentation', 'https://cdn.phoxiv.org/olympiads/ipho/2014/T3_P.pdf');
INSERT INTO problems (id, year_id, number, title) VALUES (59, 21, 'E1', 'To see invisible!');
INSERT INTO problem_files (problem_id, file_type, url) VALUES (59, 'problem', 'https://cdn.phoxiv.org/olympiads/ipho/2014/E1.pdf');
INSERT INTO problem_files (problem_id, file_type, url) VALUES (59, 'solution', 'https://cdn.phoxiv.org/olympiads/ipho/2014/E1_S.pdf');
INSERT INTO years (id, olympiad_id, year, notes, extra_links) VALUES (22, 'ipho', 2013, '[]', '[]');
INSERT INTO year_files (year_id, file_type, url) VALUES (22, 'theoryInstructions', 'https://cdn.phoxiv.org/olympiads/ipho/2013_TG0.pdf');
INSERT INTO year_files (year_id, file_type, url) VALUES (22, 'results', 'https://cdn.phoxiv.org/olympiads/ipho/2013_R.pdf');
INSERT INTO year_files (year_id, file_type, url) VALUES (22, 'minutes', 'https://cdn.phoxiv.org/olympiads/ipho/2013_min.pdf');
INSERT INTO problems (id, year_id, number, title) VALUES (60, 22, 'T1', 'The Maribo Meteorite');
INSERT INTO problem_files (problem_id, file_type, url) VALUES (60, 'problem', 'https://cdn.phoxiv.org/olympiads/ipho/2013/T1.pdf');
INSERT INTO problem_files (problem_id, file_type, url) VALUES (60, 'solution', 'https://cdn.phoxiv.org/olympiads/ipho/2013/T1_S.pdf');
INSERT INTO problems (id, year_id, number, title) VALUES (61, 22, 'T2', 'Plasmonic Steam Generator');
INSERT INTO problem_files (problem_id, file_type, url) VALUES (61, 'problem', 'https://cdn.phoxiv.org/olympiads/ipho/2013/T2.pdf');
INSERT INTO problem_files (problem_id, file_type, url) VALUES (61, 'solution', 'https://cdn.phoxiv.org/olympiads/ipho/2013/T2_S.pdf');
INSERT INTO problems (id, year_id, number, title) VALUES (62, 22, 'T3', 'The Greenlandic Ice Sheet');
INSERT INTO problem_files (problem_id, file_type, url) VALUES (62, 'problem', 'https://cdn.phoxiv.org/olympiads/ipho/2013/T3.pdf');
INSERT INTO problem_files (problem_id, file_type, url) VALUES (62, 'solution', 'https://cdn.phoxiv.org/olympiads/ipho/2013/T3_S.pdf');
INSERT INTO problems (id, year_id, number, title) VALUES (63, 22, 'E1', 'Speed of Light');
INSERT INTO problem_files (problem_id, file_type, url) VALUES (63, 'problem', 'https://cdn.phoxiv.org/olympiads/ipho/2013/E1.pdf');
INSERT INTO problem_files (problem_id, file_type, url) VALUES (63, 'solution', 'https://cdn.phoxiv.org/olympiads/ipho/2013/E1_S.pdf');
INSERT INTO problems (id, year_id, number, title) VALUES (64, 22, 'E2', 'Solar Cells');
INSERT INTO problem_files (problem_id, file_type, url) VALUES (64, 'problem', 'https://cdn.phoxiv.org/olympiads/ipho/2013/E2.pdf');
INSERT INTO problem_files (problem_id, file_type, url) VALUES (64, 'solution', 'https://cdn.phoxiv.org/olympiads/ipho/2013/E2_S.pdf');
INSERT INTO years (id, olympiad_id, year, notes, extra_links) VALUES (23, 'ipho', 2012, '[]', '[]');
INSERT INTO year_files (year_id, file_type, url) VALUES (23, 'theory', 'https://cdn.phoxiv.org/olympiads/ipho/2012_T.pdf');
INSERT INTO year_files (year_id, file_type, url) VALUES (23, 'experiment', 'https://cdn.phoxiv.org/olympiads/ipho/2012_E.pdf');
INSERT INTO year_files (year_id, file_type, url) VALUES (23, 'theorySolutions', 'https://cdn.phoxiv.org/olympiads/ipho/2012_T_S.pdf');
INSERT INTO year_files (year_id, file_type, url) VALUES (23, 'experimentSolutions', 'https://cdn.phoxiv.org/olympiads/ipho/2012_E_S.pdf');
INSERT INTO year_files (year_id, file_type, url) VALUES (23, 'results', 'https://cdn.phoxiv.org/olympiads/ipho/2012_R.xlsx');
INSERT INTO year_files (year_id, file_type, url) VALUES (23, 'minutes', 'https://cdn.phoxiv.org/olympiads/ipho/2012_min.pdf');
INSERT INTO problems (id, year_id, number, title) VALUES (65, 23, 'T1', 'Focus on sketches');
INSERT INTO problems (id, year_id, number, title) VALUES (66, 23, 'T2', 'Kelvin water dropper');
INSERT INTO problems (id, year_id, number, title) VALUES (67, 23, 'T3', 'Protostar formation');
INSERT INTO problems (id, year_id, number, title) VALUES (68, 23, 'E1', 'The Magnetic Permeability of Water');
INSERT INTO problems (id, year_id, number, title) VALUES (69, 23, 'E2', 'Nonlinear Black Box');
INSERT INTO years (id, olympiad_id, year, notes, extra_links) VALUES (24, 'ipho', 2011, '[]', '[]');
INSERT INTO year_files (year_id, file_type, url) VALUES (24, 'minutes', 'https://cdn.phoxiv.org/olympiads/ipho/2011_min.pdf');
INSERT INTO problems (id, year_id, number, title) VALUES (70, 24, 'T1', 'A Three-body Problem and LISA');
INSERT INTO problem_files (problem_id, file_type, url) VALUES (70, 'problem', 'https://cdn.phoxiv.org/olympiads/ipho/2011/T1.pdf');
INSERT INTO problem_files (problem_id, file_type, url) VALUES (70, 'solution', 'https://cdn.phoxiv.org/olympiads/ipho/2011/T1_S.pdf');
INSERT INTO problem_files (problem_id, file_type, url) VALUES (70, 'answerSheet', 'https://cdn.phoxiv.org/olympiads/ipho/2011/T1_A.pdf');
INSERT INTO problems (id, year_id, number, title) VALUES (71, 24, 'T2', 'An Electrified Soap Bubble');
INSERT INTO problem_files (problem_id, file_type, url) VALUES (71, 'problem', 'https://cdn.phoxiv.org/olympiads/ipho/2011/T2.pdf');
INSERT INTO problem_files (problem_id, file_type, url) VALUES (71, 'solution', 'https://cdn.phoxiv.org/olympiads/ipho/2011/T2_S.pdf');
INSERT INTO problem_files (problem_id, file_type, url) VALUES (71, 'answerSheet', 'https://cdn.phoxiv.org/olympiads/ipho/2011/T2_A.pdf');
INSERT INTO problems (id, year_id, number, title) VALUES (72, 24, 'T3', 'Scattering of an Ion by a Neutral Atom');
INSERT INTO problem_files (problem_id, file_type, url) VALUES (72, 'problem', 'https://cdn.phoxiv.org/olympiads/ipho/2011/T3.pdf');
INSERT INTO problem_files (problem_id, file_type, url) VALUES (72, 'solution', 'https://cdn.phoxiv.org/olympiads/ipho/2011/T3_S.pdf');
INSERT INTO problem_files (problem_id, file_type, url) VALUES (72, 'answerSheet', 'https://cdn.phoxiv.org/olympiads/ipho/2011/T3_A.pdf');
INSERT INTO problems (id, year_id, number, title) VALUES (73, 24, 'E1', 'Electrical Black Box: Capacitive Displacement Sensor');
INSERT INTO problem_files (problem_id, file_type, url) VALUES (73, 'problem', 'https://cdn.phoxiv.org/olympiads/ipho/2011/E1.pdf');
INSERT INTO problem_files (problem_id, file_type, url) VALUES (73, 'solution', 'https://cdn.phoxiv.org/olympiads/ipho/2011/E1_S.pdf');
INSERT INTO problem_files (problem_id, file_type, url) VALUES (73, 'answerSheet', 'https://cdn.phoxiv.org/olympiads/ipho/2011/E1_A.pdf');
INSERT INTO problems (id, year_id, number, title) VALUES (74, 24, 'E2', 'Mechanical Black Box: a cylinder with a ball inside');
INSERT INTO problem_files (problem_id, file_type, url) VALUES (74, 'problem', 'https://cdn.phoxiv.org/olympiads/ipho/2011/E2.pdf');
INSERT INTO problem_files (problem_id, file_type, url) VALUES (74, 'solution', 'https://cdn.phoxiv.org/olympiads/ipho/2011/E2_S.pdf');
INSERT INTO problem_files (problem_id, file_type, url) VALUES (74, 'answerSheet', 'https://cdn.phoxiv.org/olympiads/ipho/2011/E2_A.pdf');
INSERT INTO years (id, olympiad_id, year, notes, extra_links) VALUES (25, 'ipho', 2010, '[]', '[]');
INSERT INTO year_files (year_id, file_type, url) VALUES (25, 'theoryInstructions', 'https://cdn.phoxiv.org/olympiads/ipho/2010_TG0.pdf');
INSERT INTO year_files (year_id, file_type, url) VALUES (25, 'experimentalInstructions', 'https://cdn.phoxiv.org/olympiads/ipho/2010_EG0.pdf');
INSERT INTO year_files (year_id, file_type, url) VALUES (25, 'minutes', 'https://cdn.phoxiv.org/olympiads/ipho/2010_min.pdf');
INSERT INTO problems (id, year_id, number, title) VALUES (75, 25, 'T1', 'Image of a charge in a metallic object');
INSERT INTO problem_files (problem_id, file_type, url) VALUES (75, 'problem', 'https://cdn.phoxiv.org/olympiads/ipho/2010/T1.pdf');
INSERT INTO problem_files (problem_id, file_type, url) VALUES (75, 'solution', 'https://cdn.phoxiv.org/olympiads/ipho/2010/T1_S.pdf');
INSERT INTO problem_files (problem_id, file_type, url) VALUES (75, 'answerSheet', 'https://cdn.phoxiv.org/olympiads/ipho/2010/T1_A.pdf');
INSERT INTO problems (id, year_id, number, title) VALUES (76, 25, 'T2', 'Chimney physics');
INSERT INTO problem_files (problem_id, file_type, url) VALUES (76, 'problem', 'https://cdn.phoxiv.org/olympiads/ipho/2010/T2.pdf');
INSERT INTO problem_files (problem_id, file_type, url) VALUES (76, 'solution', 'https://cdn.phoxiv.org/olympiads/ipho/2010/T2_S.pdf');
INSERT INTO problem_files (problem_id, file_type, url) VALUES (76, 'answerSheet', 'https://cdn.phoxiv.org/olympiads/ipho/2010/T2_A.pdf');
INSERT INTO problems (id, year_id, number, title) VALUES (77, 25, 'T3', 'Simple model of an atomic nucleus');
INSERT INTO problem_files (problem_id, file_type, url) VALUES (77, 'problem', 'https://cdn.phoxiv.org/olympiads/ipho/2010/T3.pdf');
INSERT INTO problem_files (problem_id, file_type, url) VALUES (77, 'solution', 'https://cdn.phoxiv.org/olympiads/ipho/2010/T3_S.pdf');
INSERT INTO problem_files (problem_id, file_type, url) VALUES (77, 'answerSheet', 'https://cdn.phoxiv.org/olympiads/ipho/2010/T3_A.pdf');
INSERT INTO problems (id, year_id, number, title) VALUES (78, 25, 'E1', 'Elasticity of Sheets');
INSERT INTO problem_files (problem_id, file_type, url) VALUES (78, 'problem', 'https://cdn.phoxiv.org/olympiads/ipho/2010/E1.pdf');
INSERT INTO problem_files (problem_id, file_type, url) VALUES (78, 'solution', 'https://cdn.phoxiv.org/olympiads/ipho/2010/E1_S.pdf');
INSERT INTO problem_files (problem_id, file_type, url) VALUES (78, 'answerSheet', 'https://cdn.phoxiv.org/olympiads/ipho/2010/E1_A.pdf');
INSERT INTO problems (id, year_id, number, title) VALUES (79, 25, 'E2', 'Forces between Magnets');
INSERT INTO problem_files (problem_id, file_type, url) VALUES (79, 'problem', 'https://cdn.phoxiv.org/olympiads/ipho/2010/E2.pdf');
INSERT INTO problem_files (problem_id, file_type, url) VALUES (79, 'solution', 'https://cdn.phoxiv.org/olympiads/ipho/2010/E2_S.pdf');
INSERT INTO problem_files (problem_id, file_type, url) VALUES (79, 'answerSheet', 'https://cdn.phoxiv.org/olympiads/ipho/2010/E2_A.pdf');
INSERT INTO years (id, olympiad_id, year, notes, extra_links) VALUES (26, 'ipho', 2009, '[]', '[]');
INSERT INTO year_files (year_id, file_type, url) VALUES (26, 'minutes', 'https://cdn.phoxiv.org/olympiads/ipho/2009_min.pdf');
INSERT INTO problems (id, year_id, number, title) VALUES (80, 26, 'T1', 'Evolution of the Earth-Moon System');
INSERT INTO problem_files (problem_id, file_type, url) VALUES (80, 'problem', 'https://cdn.phoxiv.org/olympiads/ipho/2009/T1.pdf');
INSERT INTO problem_files (problem_id, file_type, url) VALUES (80, 'solution', 'https://cdn.phoxiv.org/olympiads/ipho/2009/T1_S.pdf');
INSERT INTO problem_files (problem_id, file_type, url) VALUES (80, 'answerSheet', 'https://cdn.phoxiv.org/olympiads/ipho/2009/T1_A.pdf');
INSERT INTO problems (id, year_id, number, title) VALUES (81, 26, 'T2', 'Doppler Laser Cooling and Optical Molasses');
INSERT INTO problem_files (problem_id, file_type, url) VALUES (81, 'problem', 'https://cdn.phoxiv.org/olympiads/ipho/2009/T2.pdf');
INSERT INTO problem_files (problem_id, file_type, url) VALUES (81, 'solution', 'https://cdn.phoxiv.org/olympiads/ipho/2009/T2_S.pdf');
INSERT INTO problem_files (problem_id, file_type, url) VALUES (81, 'answerSheet', 'https://cdn.phoxiv.org/olympiads/ipho/2009/T2_A.pdf');
INSERT INTO problems (id, year_id, number, title) VALUES (82, 26, 'T3', 'Why are Stars so Large?');
INSERT INTO problem_files (problem_id, file_type, url) VALUES (82, 'problem', 'https://cdn.phoxiv.org/olympiads/ipho/2009/T3.pdf');
INSERT INTO problem_files (problem_id, file_type, url) VALUES (82, 'solution', 'https://cdn.phoxiv.org/olympiads/ipho/2009/T3_S.pdf');
INSERT INTO problem_files (problem_id, file_type, url) VALUES (82, 'answerSheet', 'https://cdn.phoxiv.org/olympiads/ipho/2009/T3_A.pdf');
INSERT INTO problems (id, year_id, number, title) VALUES (83, 26, 'E1', 'Wavelength of a Diode Laser');
INSERT INTO problem_files (problem_id, file_type, url) VALUES (83, 'problem', 'https://cdn.phoxiv.org/olympiads/ipho/2009/E1.pdf');
INSERT INTO problem_files (problem_id, file_type, url) VALUES (83, 'solution', 'https://cdn.phoxiv.org/olympiads/ipho/2009/E1_S.pdf');
INSERT INTO problem_files (problem_id, file_type, url) VALUES (83, 'answerSheet', 'https://cdn.phoxiv.org/olympiads/ipho/2009/E1_A.pdf');
INSERT INTO problems (id, year_id, number, title) VALUES (84, 26, 'E2', 'Birefringence of Mica');
INSERT INTO problem_files (problem_id, file_type, url) VALUES (84, 'problem', 'https://cdn.phoxiv.org/olympiads/ipho/2009/E2.pdf');
INSERT INTO problem_files (problem_id, file_type, url) VALUES (84, 'solution', 'https://cdn.phoxiv.org/olympiads/ipho/2009/E2_S.pdf');
INSERT INTO problem_files (problem_id, file_type, url) VALUES (84, 'answerSheet', 'https://cdn.phoxiv.org/olympiads/ipho/2009/E2_A.pdf');
INSERT INTO years (id, olympiad_id, year, notes, extra_links) VALUES (27, 'ipho', 2008, '[]', '[]');
INSERT INTO year_files (year_id, file_type, url) VALUES (27, 'minutes', 'https://cdn.phoxiv.org/olympiads/ipho/2008_min.pdf');
INSERT INTO problems (id, year_id, number, title) VALUES (85, 27, 'T1', 'Water-Powered Rice-Pounding Mortar');
INSERT INTO problem_files (problem_id, file_type, url) VALUES (85, 'problem', 'https://cdn.phoxiv.org/olympiads/ipho/2008/T1.pdf');
INSERT INTO problem_files (problem_id, file_type, url) VALUES (85, 'solution', 'https://cdn.phoxiv.org/olympiads/ipho/2008/T1_S.pdf');
INSERT INTO problems (id, year_id, number, title) VALUES (86, 27, 'T2', 'Cherenkov Light and Ring Imaging Counter');
INSERT INTO problem_files (problem_id, file_type, url) VALUES (86, 'problem', 'https://cdn.phoxiv.org/olympiads/ipho/2008/T2.pdf');
INSERT INTO problem_files (problem_id, file_type, url) VALUES (86, 'solution', 'https://cdn.phoxiv.org/olympiads/ipho/2008/T2_S.pdf');
INSERT INTO problems (id, year_id, number, title) VALUES (87, 27, 'T3', 'Change of Air Temperature in the Atmosphere');
INSERT INTO problem_files (problem_id, file_type, url) VALUES (87, 'problem', 'https://cdn.phoxiv.org/olympiads/ipho/2008/T3.pdf');
INSERT INTO problem_files (problem_id, file_type, url) VALUES (87, 'solution', 'https://cdn.phoxiv.org/olympiads/ipho/2008/T3_S.pdf');
INSERT INTO problems (id, year_id, number, title) VALUES (88, 27, 'E1', 'Differential Thermometric Method');
INSERT INTO problem_files (problem_id, file_type, url) VALUES (88, 'problem', 'https://cdn.phoxiv.org/olympiads/ipho/2008/E1.pdf');
INSERT INTO problem_files (problem_id, file_type, url) VALUES (88, 'solution', 'https://cdn.phoxiv.org/olympiads/ipho/2008/E1_S.pdf');
INSERT INTO years (id, olympiad_id, year, notes, extra_links) VALUES (28, 'ipho', 2007, '[]', '[]');
INSERT INTO year_files (year_id, file_type, url) VALUES (28, 'experimentalInstructions', 'https://cdn.phoxiv.org/olympiads/ipho/2007_EG0.pdf');
INSERT INTO year_files (year_id, file_type, url) VALUES (28, 'minutes', 'https://cdn.phoxiv.org/olympiads/ipho/2007_min.pdf');
INSERT INTO problems (id, year_id, number, title) VALUES (89, 28, 'T1', 'Black Holes');
INSERT INTO problem_files (problem_id, file_type, url) VALUES (89, 'problem', 'https://cdn.phoxiv.org/olympiads/ipho/2007/T1.pdf');
INSERT INTO problem_files (problem_id, file_type, url) VALUES (89, 'solution', 'https://cdn.phoxiv.org/olympiads/ipho/2007/T1_S.pdf');
INSERT INTO problems (id, year_id, number, title) VALUES (90, 28, 'T2', 'Air Bags');
INSERT INTO problem_files (problem_id, file_type, url) VALUES (90, 'problem', 'https://cdn.phoxiv.org/olympiads/ipho/2007/T2.pdf');
INSERT INTO problem_files (problem_id, file_type, url) VALUES (90, 'solution', 'https://cdn.phoxiv.org/olympiads/ipho/2007/T2_S.pdf');
INSERT INTO problems (id, year_id, number, title) VALUES (91, 28, 'T3', 'Binary Stars');
INSERT INTO problem_files (problem_id, file_type, url) VALUES (91, 'problem', 'https://cdn.phoxiv.org/olympiads/ipho/2007/T3.pdf');
INSERT INTO problem_files (problem_id, file_type, url) VALUES (91, 'solution', 'https://cdn.phoxiv.org/olympiads/ipho/2007/T3_S.pdf');
INSERT INTO problems (id, year_id, number, title) VALUES (92, 28, 'E1', 'Band Gap of Semiconductor Thin Films');
INSERT INTO problem_files (problem_id, file_type, url) VALUES (92, 'problem', 'https://cdn.phoxiv.org/olympiads/ipho/2007/E1.pdf');
INSERT INTO problem_files (problem_id, file_type, url) VALUES (92, 'solution', 'https://cdn.phoxiv.org/olympiads/ipho/2007/E1_S.pdf');
INSERT INTO years (id, olympiad_id, year, notes, extra_links) VALUES (29, 'ipho', 2006, '[]', '[]');
INSERT INTO year_files (year_id, file_type, url) VALUES (29, 'minutes', 'https://cdn.phoxiv.org/olympiads/ipho/2006_min.pdf');
INSERT INTO problems (id, year_id, number, title) VALUES (93, 29, 'T1', 'Gravity in a Neutron Interferometer');
INSERT INTO problem_files (problem_id, file_type, url) VALUES (93, 'problem', 'https://cdn.phoxiv.org/olympiads/ipho/2006/T1.pdf');
INSERT INTO problem_files (problem_id, file_type, url) VALUES (93, 'solution', 'https://cdn.phoxiv.org/olympiads/ipho/2006/T1_S.pdf');
INSERT INTO problems (id, year_id, number, title) VALUES (94, 29, 'T2', 'Watching a Rod in Motion');
INSERT INTO problem_files (problem_id, file_type, url) VALUES (94, 'problem', 'https://cdn.phoxiv.org/olympiads/ipho/2006/T2.pdf');
INSERT INTO problem_files (problem_id, file_type, url) VALUES (94, 'solution', 'https://cdn.phoxiv.org/olympiads/ipho/2006/T2_S.pdf');
INSERT INTO problems (id, year_id, number, title) VALUES (95, 29, 'T3', 'Five Estimations');
INSERT INTO problem_files (problem_id, file_type, url) VALUES (95, 'problem', 'https://cdn.phoxiv.org/olympiads/ipho/2006/T3.pdf');
INSERT INTO problem_files (problem_id, file_type, url) VALUES (95, 'solution', 'https://cdn.phoxiv.org/olympiads/ipho/2006/T3_S.pdf');
INSERT INTO problems (id, year_id, number, title) VALUES (96, 29, 'E1', 'Interference Reflection and Diffraction');
INSERT INTO problem_files (problem_id, file_type, url) VALUES (96, 'problem', 'https://cdn.phoxiv.org/olympiads/ipho/2006/E1.pdf');
INSERT INTO problem_files (problem_id, file_type, url) VALUES (96, 'solution', 'https://cdn.phoxiv.org/olympiads/ipho/2006/E1_S.pdf');
INSERT INTO years (id, olympiad_id, year, notes, extra_links) VALUES (30, 'ipho', 2005, '[]', '[]');
INSERT INTO year_files (year_id, file_type, url) VALUES (30, 'minutes', 'https://cdn.phoxiv.org/olympiads/ipho/2005_min.pdf');
INSERT INTO problems (id, year_id, number, title) VALUES (97, 30, 'T1', 'An Ill Fated Satellite');
INSERT INTO problem_files (problem_id, file_type, url) VALUES (97, 'problem', 'https://cdn.phoxiv.org/olympiads/ipho/2005/T1.pdf');
INSERT INTO problem_files (problem_id, file_type, url) VALUES (97, 'solution', 'https://cdn.phoxiv.org/olympiads/ipho/2005/T1_S.pdf');
INSERT INTO problems (id, year_id, number, title) VALUES (98, 30, 'T2', 'Absolute Measurements of Electrical Quantities');
INSERT INTO problem_files (problem_id, file_type, url) VALUES (98, 'problem', 'https://cdn.phoxiv.org/olympiads/ipho/2005/T2.pdf');
INSERT INTO problem_files (problem_id, file_type, url) VALUES (98, 'solution', 'https://cdn.phoxiv.org/olympiads/ipho/2005/T2_S.pdf');
INSERT INTO problems (id, year_id, number, title) VALUES (99, 30, 'T3', 'Neutrons in a Gravitational Field');
INSERT INTO problem_files (problem_id, file_type, url) VALUES (99, 'problem', 'https://cdn.phoxiv.org/olympiads/ipho/2005/T3.pdf');
INSERT INTO problem_files (problem_id, file_type, url) VALUES (99, 'solution', 'https://cdn.phoxiv.org/olympiads/ipho/2005/T3_S.pdf');
INSERT INTO problems (id, year_id, number, title) VALUES (100, 30, 'E1', 'Planck''s Constant in an Incandescent Lamp');
INSERT INTO problem_files (problem_id, file_type, url) VALUES (100, 'problem', 'https://cdn.phoxiv.org/olympiads/ipho/2005/E1.pdf');
INSERT INTO problem_files (problem_id, file_type, url) VALUES (100, 'solution', 'https://cdn.phoxiv.org/olympiads/ipho/2005/E1_S.pdf');
INSERT INTO years (id, olympiad_id, year, notes, extra_links) VALUES (31, 'ipho', 2004, '[]', '[]');
INSERT INTO year_files (year_id, file_type, url) VALUES (31, 'minutes', 'https://cdn.phoxiv.org/olympiads/ipho/2004_min.pdf');
INSERT INTO problems (id, year_id, number, title) VALUES (101, 31, 'T1', '"Ping-Pong" Resistor');
INSERT INTO problem_files (problem_id, file_type, url) VALUES (101, 'problem', 'https://cdn.phoxiv.org/olympiads/ipho/2004/T1.pdf');
INSERT INTO problem_files (problem_id, file_type, url) VALUES (101, 'solution', 'https://cdn.phoxiv.org/olympiads/ipho/2004/T1_S.pdf');
INSERT INTO problem_files (problem_id, file_type, url) VALUES (101, 'answerSheet', 'https://cdn.phoxiv.org/olympiads/ipho/2004/T1_A.pdf');
INSERT INTO problems (id, year_id, number, title) VALUES (102, 31, 'T2', 'Rising Balloon');
INSERT INTO problem_files (problem_id, file_type, url) VALUES (102, 'problem', 'https://cdn.phoxiv.org/olympiads/ipho/2004/T2.pdf');
INSERT INTO problem_files (problem_id, file_type, url) VALUES (102, 'solution', 'https://cdn.phoxiv.org/olympiads/ipho/2004/T2_S.pdf');
INSERT INTO problem_files (problem_id, file_type, url) VALUES (102, 'answerSheet', 'https://cdn.phoxiv.org/olympiads/ipho/2004/T2_A.pdf');
INSERT INTO problems (id, year_id, number, title) VALUES (103, 31, 'T3', 'Atomic Probe Microscope');
INSERT INTO problem_files (problem_id, file_type, url) VALUES (103, 'problem', 'https://cdn.phoxiv.org/olympiads/ipho/2004/T3.pdf');
INSERT INTO problem_files (problem_id, file_type, url) VALUES (103, 'solution', 'https://cdn.phoxiv.org/olympiads/ipho/2004/T3_S.pdf');
INSERT INTO problem_files (problem_id, file_type, url) VALUES (103, 'answerSheet', 'https://cdn.phoxiv.org/olympiads/ipho/2004/T3_A.pdf');
INSERT INTO problems (id, year_id, number, title) VALUES (104, 31, 'E1', 'Mechanical Black Box');
INSERT INTO problem_files (problem_id, file_type, url) VALUES (104, 'problem', 'https://cdn.phoxiv.org/olympiads/ipho/2004/E1.pdf');
INSERT INTO problem_files (problem_id, file_type, url) VALUES (104, 'solution', 'https://cdn.phoxiv.org/olympiads/ipho/2004/E1_S.pdf');
INSERT INTO problem_files (problem_id, file_type, url) VALUES (104, 'answerSheet', 'https://cdn.phoxiv.org/olympiads/ipho/2004/E1_A.pdf');
INSERT INTO years (id, olympiad_id, year, notes, extra_links) VALUES (32, 'ipho', 2003, '[]', '[]');
INSERT INTO year_files (year_id, file_type, url) VALUES (32, 'minutes', 'https://cdn.phoxiv.org/olympiads/ipho/2003_min.pdf');
INSERT INTO problems (id, year_id, number, title) VALUES (105, 32, 'T1', 'A Swing with a Falling Weight');
INSERT INTO problem_files (problem_id, file_type, url) VALUES (105, 'problem', 'https://cdn.phoxiv.org/olympiads/ipho/2003/T1.pdf');
INSERT INTO problem_files (problem_id, file_type, url) VALUES (105, 'solution', 'https://cdn.phoxiv.org/olympiads/ipho/2003/T1_S.pdf');
INSERT INTO problems (id, year_id, number, title) VALUES (106, 32, 'T2', 'A Piezoelectric Crystal Resonator');
INSERT INTO problem_files (problem_id, file_type, url) VALUES (106, 'problem', 'https://cdn.phoxiv.org/olympiads/ipho/2003/T2.pdf');
INSERT INTO problem_files (problem_id, file_type, url) VALUES (106, 'solution', 'https://cdn.phoxiv.org/olympiads/ipho/2003/T2_S.pdf');
INSERT INTO problems (id, year_id, number, title) VALUES (107, 32, 'T3', 'Neutrino Mass and Neutron Decay');
INSERT INTO problem_files (problem_id, file_type, url) VALUES (107, 'problem', 'https://cdn.phoxiv.org/olympiads/ipho/2003/T3.pdf');
INSERT INTO problem_files (problem_id, file_type, url) VALUES (107, 'solution', 'https://cdn.phoxiv.org/olympiads/ipho/2003/T3_S.pdf');
INSERT INTO problems (id, year_id, number, title) VALUES (108, 32, 'E1', 'Optical Properties of Laser Diode');
INSERT INTO problem_files (problem_id, file_type, url) VALUES (108, 'problem', 'https://cdn.phoxiv.org/olympiads/ipho/2003/E1.pdf');
INSERT INTO problem_files (problem_id, file_type, url) VALUES (108, 'solution', 'https://cdn.phoxiv.org/olympiads/ipho/2003/E1_S.pdf');
INSERT INTO years (id, olympiad_id, year, notes, extra_links) VALUES (33, 'ipho', 2002, '[]', '[]');
INSERT INTO year_files (year_id, file_type, url) VALUES (33, 'theoryInstructions', 'https://cdn.phoxiv.org/olympiads/ipho/2002_TG0.pdf');
INSERT INTO year_files (year_id, file_type, url) VALUES (33, 'experimentalInstructions', 'https://cdn.phoxiv.org/olympiads/ipho/2002_EG0.pdf');
INSERT INTO year_files (year_id, file_type, url) VALUES (33, 'minutes', 'https://cdn.phoxiv.org/olympiads/ipho/2002_min.pdf');
INSERT INTO problems (id, year_id, number, title) VALUES (109, 33, 'T1', 'Ground-Penetrating Radar');
INSERT INTO problem_files (problem_id, file_type, url) VALUES (109, 'problem', 'https://cdn.phoxiv.org/olympiads/ipho/2002/T1.pdf');
INSERT INTO problem_files (problem_id, file_type, url) VALUES (109, 'solution', 'https://cdn.phoxiv.org/olympiads/ipho/2002/T1_S.pdf');
INSERT INTO problems (id, year_id, number, title) VALUES (110, 33, 'T2', 'Sensing Electrical Signals');
INSERT INTO problem_files (problem_id, file_type, url) VALUES (110, 'problem', 'https://cdn.phoxiv.org/olympiads/ipho/2002/T2.pdf');
INSERT INTO problem_files (problem_id, file_type, url) VALUES (110, 'solution', 'https://cdn.phoxiv.org/olympiads/ipho/2002/T2_S.pdf');
INSERT INTO problems (id, year_id, number, title) VALUES (111, 33, 'T3', 'A Heavy Vehicle Moving on an Inclined Road');
INSERT INTO problem_files (problem_id, file_type, url) VALUES (111, 'problem', 'https://cdn.phoxiv.org/olympiads/ipho/2002/T3.pdf');
INSERT INTO problem_files (problem_id, file_type, url) VALUES (111, 'solution', 'https://cdn.phoxiv.org/olympiads/ipho/2002/T3_S.pdf');
INSERT INTO problems (id, year_id, number, title) VALUES (112, 33, 'E1', 'Physical Constants with Electrolysis');
INSERT INTO problem_files (problem_id, file_type, url) VALUES (112, 'problem', 'https://cdn.phoxiv.org/olympiads/ipho/2002/E1.pdf');
INSERT INTO problem_files (problem_id, file_type, url) VALUES (112, 'solution', 'https://cdn.phoxiv.org/olympiads/ipho/2002/E1_S.pdf');
INSERT INTO problems (id, year_id, number, title) VALUES (113, 33, 'E2', 'Optical Black Box');
INSERT INTO problem_files (problem_id, file_type, url) VALUES (113, 'problem', 'https://cdn.phoxiv.org/olympiads/ipho/2002/E2.pdf');
INSERT INTO problem_files (problem_id, file_type, url) VALUES (113, 'solution', 'https://cdn.phoxiv.org/olympiads/ipho/2002/E2_S.pdf');
INSERT INTO years (id, olympiad_id, year, notes, extra_links) VALUES (34, 'ipho', 2001, '[]', '[]');
INSERT INTO year_files (year_id, file_type, url) VALUES (34, 'theory', 'https://cdn.phoxiv.org/olympiads/ipho/2001_T.pdf');
INSERT INTO year_files (year_id, file_type, url) VALUES (34, 'experiment', 'https://cdn.phoxiv.org/olympiads/ipho/2001_E.pdf');
INSERT INTO year_files (year_id, file_type, url) VALUES (34, 'theorySolutions', 'https://cdn.phoxiv.org/olympiads/ipho/2001_T_S.pdf');
INSERT INTO year_files (year_id, file_type, url) VALUES (34, 'experimentSolutions', 'https://cdn.phoxiv.org/olympiads/ipho/2001_E_S.pdf');
INSERT INTO year_files (year_id, file_type, url) VALUES (34, 'minutes', 'https://cdn.phoxiv.org/olympiads/ipho/2001_min.pdf');
INSERT INTO years (id, olympiad_id, year, notes, extra_links) VALUES (35, 'ipho', 2000, '[]', '[]');
INSERT INTO year_files (year_id, file_type, url) VALUES (35, 'minutes', 'https://cdn.phoxiv.org/olympiads/ipho/2000_min.pdf');
INSERT INTO problems (id, year_id, number, title) VALUES (114, 35, 'T1', 'Five Problems');
INSERT INTO problem_files (problem_id, file_type, url) VALUES (114, 'problem', 'https://cdn.phoxiv.org/olympiads/ipho/2000/T1.htm');
INSERT INTO problem_files (problem_id, file_type, url) VALUES (114, 'solution', 'https://cdn.phoxiv.org/olympiads/ipho/2000/T1_S.pdf');
INSERT INTO problems (id, year_id, number, title) VALUES (115, 35, 'T2', 'Cathode Ray Tube');
INSERT INTO problem_files (problem_id, file_type, url) VALUES (115, 'problem', 'https://cdn.phoxiv.org/olympiads/ipho/2000/T2.pdf');
INSERT INTO problem_files (problem_id, file_type, url) VALUES (115, 'solution', 'https://cdn.phoxiv.org/olympiads/ipho/2000/T2_S.pdf');
INSERT INTO problems (id, year_id, number, title) VALUES (116, 35, 'T3', 'Gravitational Waves and Light');
INSERT INTO problem_files (problem_id, file_type, url) VALUES (116, 'problem', 'https://cdn.phoxiv.org/olympiads/ipho/2000/T3.htm');
INSERT INTO problem_files (problem_id, file_type, url) VALUES (116, 'solution', 'https://cdn.phoxiv.org/olympiads/ipho/2000/T3_S.pdf');
INSERT INTO problems (id, year_id, number, title) VALUES (117, 35, 'E1', 'CDROM Spectrometer');
INSERT INTO problem_files (problem_id, file_type, url) VALUES (117, 'problem', 'https://cdn.phoxiv.org/olympiads/ipho/2000/E1.htm');
INSERT INTO problems (id, year_id, number, title) VALUES (118, 35, 'E2', 'The Magnetic Puck');
INSERT INTO problem_files (problem_id, file_type, url) VALUES (118, 'problem', 'https://cdn.phoxiv.org/olympiads/ipho/2000/E2.htm');
INSERT INTO years (id, olympiad_id, year, notes, extra_links) VALUES (36, 'ipho', 1999, '[]', '[]');
INSERT INTO year_files (year_id, file_type, url) VALUES (36, 'minutes', 'https://cdn.phoxiv.org/olympiads/ipho/1999_min.pdf');
INSERT INTO problems (id, year_id, number, title) VALUES (119, 36, 'T1', 'Absorption of Radiation by a Gas');
INSERT INTO problem_files (problem_id, file_type, url) VALUES (119, 'problem', 'https://cdn.phoxiv.org/olympiads/ipho/1999/T1.pdf');
INSERT INTO problem_files (problem_id, file_type, url) VALUES (119, 'solution', 'https://cdn.phoxiv.org/olympiads/ipho/1999/T1_S.pdf');
INSERT INTO problems (id, year_id, number, title) VALUES (120, 36, 'T2', 'Magnetic Field with a V-Shaped Wire');
INSERT INTO problem_files (problem_id, file_type, url) VALUES (120, 'problem', 'https://cdn.phoxiv.org/olympiads/ipho/1999/T2.pdf');
INSERT INTO problem_files (problem_id, file_type, url) VALUES (120, 'solution', 'https://cdn.phoxiv.org/olympiads/ipho/1999/T2_S.pdf');
INSERT INTO problems (id, year_id, number, title) VALUES (121, 36, 'T3', 'A Space Probe to Jupiter');
INSERT INTO problem_files (problem_id, file_type, url) VALUES (121, 'problem', 'https://cdn.phoxiv.org/olympiads/ipho/1999/T3.pdf');
INSERT INTO problem_files (problem_id, file_type, url) VALUES (121, 'solution', 'https://cdn.phoxiv.org/olympiads/ipho/1999/T3_S.pdf');
INSERT INTO problems (id, year_id, number, title) VALUES (122, 36, 'E1', 'Torsion Pendulum');
INSERT INTO problem_files (problem_id, file_type, url) VALUES (122, 'problem', 'https://cdn.phoxiv.org/olympiads/ipho/1999/E1.pdf');
INSERT INTO problem_files (problem_id, file_type, url) VALUES (122, 'solution', 'https://cdn.phoxiv.org/olympiads/ipho/1999/E1_S.pdf');
INSERT INTO years (id, olympiad_id, year, notes, extra_links) VALUES (37, 'ipho', 1998, '[]', '[]');
INSERT INTO year_files (year_id, file_type, url) VALUES (37, 'theory', 'https://cdn.phoxiv.org/olympiads/ipho/1998_T.pdf');
INSERT INTO year_files (year_id, file_type, url) VALUES (37, 'experiment', 'https://cdn.phoxiv.org/olympiads/ipho/1998_E.pdf');
INSERT INTO year_files (year_id, file_type, url) VALUES (37, 'minutes', 'https://cdn.phoxiv.org/olympiads/ipho/1998_min.pdf');
INSERT INTO years (id, olympiad_id, year, notes, extra_links) VALUES (38, 'ipho', 1997, '[]', '[]');
INSERT INTO year_files (year_id, file_type, url) VALUES (38, 'theory', 'https://cdn.phoxiv.org/olympiads/ipho/1997_T.pdf');
INSERT INTO year_files (year_id, file_type, url) VALUES (38, 'experiment', 'https://cdn.phoxiv.org/olympiads/ipho/1997_E.htm');
INSERT INTO year_files (year_id, file_type, url) VALUES (38, 'theorySolutions', 'https://cdn.phoxiv.org/olympiads/ipho/1997_T_S.pdf');
INSERT INTO year_files (year_id, file_type, url) VALUES (38, 'experimentSolutions', 'https://cdn.phoxiv.org/olympiads/ipho/1997_E_S.htm');
INSERT INTO years (id, olympiad_id, year, notes, extra_links) VALUES (39, 'ipho', 1996, '[]', '[]');
INSERT INTO year_files (year_id, file_type, url) VALUES (39, 'theory', 'https://cdn.phoxiv.org/olympiads/ipho/1996_T.pdf');
INSERT INTO year_files (year_id, file_type, url) VALUES (39, 'experiment', 'https://cdn.phoxiv.org/olympiads/ipho/1996_E.pdf');
INSERT INTO years (id, olympiad_id, year, notes, extra_links) VALUES (40, 'ipho', 1995, '[]', '[]');
INSERT INTO year_files (year_id, file_type, url) VALUES (40, 'theory', 'https://cdn.phoxiv.org/olympiads/ipho/1995_T.pdf');
INSERT INTO year_files (year_id, file_type, url) VALUES (40, 'theorySolutions', 'https://cdn.phoxiv.org/olympiads/ipho/1995_T_S.pdf');
INSERT INTO year_files (year_id, file_type, url) VALUES (40, 'comments', 'https://cdn.phoxiv.org/olympiads/ipho/1995_comments.pdf');
INSERT INTO problems (id, year_id, number, title) VALUES (123, 40, 'T1', 'Gravitational Red Shift and Stellar Mass');
INSERT INTO problems (id, year_id, number, title) VALUES (124, 40, 'T2', 'Sound Propagation');
INSERT INTO problems (id, year_id, number, title) VALUES (125, 40, 'T3', 'Cylindrical Buoy');
INSERT INTO problems (id, year_id, number, title) VALUES (126, 40, 'E1', 'Terminal Velocity in a Viscous Liquid');
INSERT INTO problem_files (problem_id, file_type, url) VALUES (126, 'problem', 'https://cdn.phoxiv.org/olympiads/ipho/1995/E1.pdf');
INSERT INTO problem_files (problem_id, file_type, url) VALUES (126, 'solution', 'https://cdn.phoxiv.org/olympiads/ipho/1995/E1_S.pdf');
INSERT INTO problems (id, year_id, number, title) VALUES (127, 40, 'E2', 'Diffraction and Scattering of Laser Light');
INSERT INTO problem_files (problem_id, file_type, url) VALUES (127, 'problem', 'https://cdn.phoxiv.org/olympiads/ipho/1995/E2.pdf');
INSERT INTO problem_files (problem_id, file_type, url) VALUES (127, 'solution', 'https://cdn.phoxiv.org/olympiads/ipho/1995/E2_S.pdf');
INSERT INTO years (id, olympiad_id, year, notes, extra_links) VALUES (41, 'ipho', 1994, '[]', '[]');
INSERT INTO year_files (year_id, file_type, url) VALUES (41, 'problems', 'https://cdn.phoxiv.org/olympiads/ipho/1994.pdf');
INSERT INTO years (id, olympiad_id, year, notes, extra_links) VALUES (42, 'ipho', 1993, '[]', '[]');
INSERT INTO year_files (year_id, file_type, url) VALUES (42, 'problems', 'https://cdn.phoxiv.org/olympiads/ipho/1993.pdf');
INSERT INTO years (id, olympiad_id, year, notes, extra_links) VALUES (43, 'ipho', 1992, '[]', '[]');
INSERT INTO problems (id, year_id, number, title) VALUES (128, 43, 'T1', 'A Rotating Satellite');
INSERT INTO problem_files (problem_id, file_type, url) VALUES (128, 'problem', 'https://cdn.phoxiv.org/olympiads/ipho/1992/T1.pdf');
INSERT INTO problem_files (problem_id, file_type, url) VALUES (128, 'solution', 'https://cdn.phoxiv.org/olympiads/ipho/1992/T1_S.pdf');
INSERT INTO problems (id, year_id, number, title) VALUES (129, 43, 'T2', 'The Longitudinal Motion of a Linear Molecule');
INSERT INTO problem_files (problem_id, file_type, url) VALUES (129, 'problem', 'https://cdn.phoxiv.org/olympiads/ipho/1992/T2.pdf');
INSERT INTO problem_files (problem_id, file_type, url) VALUES (129, 'solution', 'https://cdn.phoxiv.org/olympiads/ipho/1992/T2_S.pdf');
INSERT INTO problems (id, year_id, number, title) VALUES (130, 43, 'T3', 'A Satellite in Sunshine');
INSERT INTO problem_files (problem_id, file_type, url) VALUES (130, 'problem', 'https://cdn.phoxiv.org/olympiads/ipho/1992/T3.pdf');
INSERT INTO problem_files (problem_id, file_type, url) VALUES (130, 'solution', 'https://cdn.phoxiv.org/olympiads/ipho/1992/T3_S.pdf');
INSERT INTO problems (id, year_id, number, title) VALUES (131, 43, 'E1', 'Electric Breakdown of Air');
INSERT INTO problem_files (problem_id, file_type, url) VALUES (131, 'problem', 'https://cdn.phoxiv.org/olympiads/ipho/1992/E1.pdf');
INSERT INTO problems (id, year_id, number, title) VALUES (132, 43, 'E2', 'A Grating and Optical Filters');
INSERT INTO problem_files (problem_id, file_type, url) VALUES (132, 'problem', 'https://cdn.phoxiv.org/olympiads/ipho/1992/E2.pdf');
INSERT INTO years (id, olympiad_id, year, notes, extra_links) VALUES (44, 'ipho', 1991, '[]', '[]');
INSERT INTO year_files (year_id, file_type, url) VALUES (44, 'problems', 'https://cdn.phoxiv.org/olympiads/ipho/1991.pdf');
INSERT INTO years (id, olympiad_id, year, notes, extra_links) VALUES (45, 'ipho', 1990, '[]', '[]');
INSERT INTO year_files (year_id, file_type, url) VALUES (45, 'problems', 'https://cdn.phoxiv.org/olympiads/ipho/1990.pdf');
INSERT INTO years (id, olympiad_id, year, notes, extra_links) VALUES (46, 'ipho', 1989, '[]', '[]');
INSERT INTO year_files (year_id, file_type, url) VALUES (46, 'problems', 'https://cdn.phoxiv.org/olympiads/ipho/1989.pdf');
INSERT INTO years (id, olympiad_id, year, notes, extra_links) VALUES (47, 'ipho', 1988, '[]', '[]');
INSERT INTO year_files (year_id, file_type, url) VALUES (47, 'problems', 'https://cdn.phoxiv.org/olympiads/ipho/1988.pdf');
INSERT INTO years (id, olympiad_id, year, notes, extra_links) VALUES (48, 'ipho', 1987, '[]', '[]');
INSERT INTO year_files (year_id, file_type, url) VALUES (48, 'problems', 'https://cdn.phoxiv.org/olympiads/ipho/1987.pdf');
INSERT INTO years (id, olympiad_id, year, notes, extra_links) VALUES (49, 'ipho', 1986, '[]', '[]');
INSERT INTO year_files (year_id, file_type, url) VALUES (49, 'theory', 'https://cdn.phoxiv.org/olympiads/ipho/1986_T.pdf');
INSERT INTO year_files (year_id, file_type, url) VALUES (49, 'experiment', 'https://cdn.phoxiv.org/olympiads/ipho/1986_E.pdf');
INSERT INTO year_files (year_id, file_type, url) VALUES (49, 'theorySolutions', 'https://cdn.phoxiv.org/olympiads/ipho/1986_T_S.pdf');
INSERT INTO year_files (year_id, file_type, url) VALUES (49, 'experimentSolutions', 'https://cdn.phoxiv.org/olympiads/ipho/1986_E_S.pdf');
INSERT INTO years (id, olympiad_id, year, notes, extra_links) VALUES (50, 'ipho', 1985, '[]', '[]');
INSERT INTO year_files (year_id, file_type, url) VALUES (50, 'problems', 'https://cdn.phoxiv.org/olympiads/ipho/1985.pdf');
INSERT INTO years (id, olympiad_id, year, notes, extra_links) VALUES (51, 'ipho', 1984, '[]', '[]');
INSERT INTO year_files (year_id, file_type, url) VALUES (51, 'problems', 'https://cdn.phoxiv.org/olympiads/ipho/1984.pdf');
INSERT INTO years (id, olympiad_id, year, notes, extra_links) VALUES (52, 'ipho', 1983, '[]', '[]');
INSERT INTO year_files (year_id, file_type, url) VALUES (52, 'problems', 'https://cdn.phoxiv.org/olympiads/ipho/1983.pdf');
INSERT INTO problems (id, year_id, number, title) VALUES (133, 52, 'T1', 'Jumping Particle');
INSERT INTO problem_files (problem_id, file_type, url) VALUES (133, 'solution', 'https://cdn.phoxiv.org/olympiads/ipho/1983/T1_S.pdf');
INSERT INTO problem_files (problem_id, file_type, url) VALUES (133, 'markingScheme', 'https://cdn.phoxiv.org/olympiads/ipho/1983/T1_M.pdf');
INSERT INTO problems (id, year_id, number, title) VALUES (134, 52, 'T2', 'Different Kind of Oscillation');
INSERT INTO problem_files (problem_id, file_type, url) VALUES (134, 'solution', 'https://cdn.phoxiv.org/olympiads/ipho/1983/T2_S.pdf');
INSERT INTO problem_files (problem_id, file_type, url) VALUES (134, 'markingScheme', 'https://cdn.phoxiv.org/olympiads/ipho/1983/T2_M.pdf');
INSERT INTO problems (id, year_id, number, title) VALUES (135, 52, 'T3', 'Prisms');
INSERT INTO problem_files (problem_id, file_type, url) VALUES (135, 'solution', 'https://cdn.phoxiv.org/olympiads/ipho/1983/T3_S.pdf');
INSERT INTO problem_files (problem_id, file_type, url) VALUES (135, 'markingScheme', 'https://cdn.phoxiv.org/olympiads/ipho/1983/T3_M.pdf');
INSERT INTO problems (id, year_id, number, title) VALUES (136, 52, 'T4', 'Compton Scattering');
INSERT INTO problem_files (problem_id, file_type, url) VALUES (136, 'solution', 'https://cdn.phoxiv.org/olympiads/ipho/1983/T4_S.pdf');
INSERT INTO problem_files (problem_id, file_type, url) VALUES (136, 'markingScheme', 'https://cdn.phoxiv.org/olympiads/ipho/1983/T4_M.pdf');
INSERT INTO problems (id, year_id, number, title) VALUES (137, 52, 'T5', 'IPhO''s Logo');
INSERT INTO problem_files (problem_id, file_type, url) VALUES (137, 'solution', 'https://cdn.phoxiv.org/olympiads/ipho/1983/T5_S.pdf');
INSERT INTO years (id, olympiad_id, year, notes, extra_links) VALUES (53, 'ipho', 1982, '[]', '[]');
INSERT INTO year_files (year_id, file_type, url) VALUES (53, 'problems', 'https://cdn.phoxiv.org/olympiads/ipho/1982.pdf');
INSERT INTO years (id, olympiad_id, year, notes, extra_links) VALUES (54, 'ipho', 1981, '[]', '[]');
INSERT INTO year_files (year_id, file_type, url) VALUES (54, 'theory', 'https://cdn.phoxiv.org/olympiads/ipho/1981_T.pdf');
INSERT INTO year_files (year_id, file_type, url) VALUES (54, 'experiment', 'https://cdn.phoxiv.org/olympiads/ipho/1981_E.pdf');
INSERT INTO years (id, olympiad_id, year, notes, extra_links) VALUES (55, 'ipho', 1979, '[]', '[]');
INSERT INTO year_files (year_id, file_type, url) VALUES (55, 'problems', 'https://cdn.phoxiv.org/olympiads/ipho/1979.pdf');
INSERT INTO years (id, olympiad_id, year, notes, extra_links) VALUES (56, 'ipho', 1977, '[]', '[]');
INSERT INTO year_files (year_id, file_type, url) VALUES (56, 'problems', 'https://cdn.phoxiv.org/olympiads/ipho/1977.pdf');
INSERT INTO years (id, olympiad_id, year, notes, extra_links) VALUES (57, 'ipho', 1976, '[]', '[]');
INSERT INTO year_files (year_id, file_type, url) VALUES (57, 'problems', 'https://cdn.phoxiv.org/olympiads/ipho/1976.pdf');
INSERT INTO years (id, olympiad_id, year, notes, extra_links) VALUES (58, 'ipho', 1975, '[]', '[]');
INSERT INTO year_files (year_id, file_type, url) VALUES (58, 'problems', 'https://cdn.phoxiv.org/olympiads/ipho/1975.pdf');
INSERT INTO years (id, olympiad_id, year, notes, extra_links) VALUES (59, 'ipho', 1974, '[]', '[]');
INSERT INTO year_files (year_id, file_type, url) VALUES (59, 'problems', 'https://cdn.phoxiv.org/olympiads/ipho/1974.pdf');
INSERT INTO years (id, olympiad_id, year, notes, extra_links) VALUES (60, 'ipho', 1972, '[]', '[]');
INSERT INTO year_files (year_id, file_type, url) VALUES (60, 'problems', 'https://cdn.phoxiv.org/olympiads/ipho/1972.pdf');
INSERT INTO years (id, olympiad_id, year, notes, extra_links) VALUES (61, 'ipho', 1971, '[]', '[]');
INSERT INTO year_files (year_id, file_type, url) VALUES (61, 'problems', 'https://cdn.phoxiv.org/olympiads/ipho/1971.pdf');
INSERT INTO year_files (year_id, file_type, url) VALUES (61, 'solutions', 'https://cdn.phoxiv.org/olympiads/ipho/1971_S.pdf');
INSERT INTO years (id, olympiad_id, year, notes, extra_links) VALUES (62, 'ipho', 1970, '[]', '[]');
INSERT INTO year_files (year_id, file_type, url) VALUES (62, 'problems', 'https://cdn.phoxiv.org/olympiads/ipho/1970.pdf');
INSERT INTO years (id, olympiad_id, year, notes, extra_links) VALUES (63, 'ipho', 1969, '[]', '[]');
INSERT INTO year_files (year_id, file_type, url) VALUES (63, 'problems', 'https://cdn.phoxiv.org/olympiads/ipho/1969.pdf');
INSERT INTO years (id, olympiad_id, year, notes, extra_links) VALUES (64, 'ipho', 1968, '[]', '[]');
INSERT INTO year_files (year_id, file_type, url) VALUES (64, 'problems', 'https://cdn.phoxiv.org/olympiads/ipho/1968.pdf');
INSERT INTO years (id, olympiad_id, year, notes, extra_links) VALUES (65, 'ipho', 1967, '[]', '[]');
INSERT INTO year_files (year_id, file_type, url) VALUES (65, 'problems', 'https://cdn.phoxiv.org/olympiads/ipho/1967.pdf');
INSERT INTO years (id, olympiad_id, year, notes, extra_links) VALUES (66, 'apho', 2025, '["Note: there are two sets of solutions for T3. The handwritten one is the updated one used for the final marking."]', '[]');
INSERT INTO year_files (year_id, file_type, url) VALUES (66, 'results', 'https://cdn.phoxiv.org/olympiads/apho/2025_R.pdf');
INSERT INTO problems (id, year_id, number, title) VALUES (138, 66, 'T1', 'Precession of the Earth''s axis');
INSERT INTO problem_files (problem_id, file_type, url) VALUES (138, 'problem', 'https://cdn.phoxiv.org/olympiads/apho/2025/T1.pdf');
INSERT INTO problem_files (problem_id, file_type, url) VALUES (138, 'solution', 'https://cdn.phoxiv.org/olympiads/apho/2025/T1_S.pdf');
INSERT INTO problem_files (problem_id, file_type, url) VALUES (138, 'answerSheet', 'https://cdn.phoxiv.org/olympiads/apho/2025/T1_A.pdf');
INSERT INTO problems (id, year_id, number, title) VALUES (139, 66, 'T2', 'Waves and Phase Transitions');
INSERT INTO problem_files (problem_id, file_type, url) VALUES (139, 'problem', 'https://cdn.phoxiv.org/olympiads/apho/2025/T2.pdf');
INSERT INTO problem_files (problem_id, file_type, url) VALUES (139, 'solution', 'https://cdn.phoxiv.org/olympiads/apho/2025/T2_S.pdf');
INSERT INTO problem_files (problem_id, file_type, url) VALUES (139, 'answerSheet', 'https://cdn.phoxiv.org/olympiads/apho/2025/T2_A.pdf');
INSERT INTO problems (id, year_id, number, title) VALUES (140, 66, 'T3', 'Physics of the Atmosphere');
INSERT INTO problem_files (problem_id, file_type, url) VALUES (140, 'problem', 'https://cdn.phoxiv.org/olympiads/apho/2025/T3.pdf');
INSERT INTO problem_files (problem_id, file_type, url) VALUES (140, 'solution', 'https://cdn.phoxiv.org/olympiads/apho/2025/T3_S.pdf');
INSERT INTO problem_files (problem_id, file_type, url) VALUES (140, 'answerSheet', 'https://cdn.phoxiv.org/olympiads/apho/2025/T3_A.pdf');
INSERT INTO problem_files (problem_id, file_type, url) VALUES (140, 'handwrittenSolution', 'https://cdn.phoxiv.org/olympiads/apho/2025/T3_S_H.pdf');
INSERT INTO problems (id, year_id, number, title) VALUES (141, 66, 'E1', 'Physics of Induction Cooking');
INSERT INTO problem_files (problem_id, file_type, url) VALUES (141, 'problem', 'https://cdn.phoxiv.org/olympiads/apho/2025/E1.pdf');
INSERT INTO problem_files (problem_id, file_type, url) VALUES (141, 'solution', 'https://cdn.phoxiv.org/olympiads/apho/2025/E1_S.pdf');
INSERT INTO problem_files (problem_id, file_type, url) VALUES (141, 'answerSheet', 'https://cdn.phoxiv.org/olympiads/apho/2025/E1_A.pdf');
INSERT INTO problem_files (problem_id, file_type, url) VALUES (141, 'markingScheme', 'https://cdn.phoxiv.org/olympiads/apho/2025/E1_M.pdf');
INSERT INTO years (id, olympiad_id, year, notes, extra_links) VALUES (67, 'apho', 2024, '[]', '[]');
INSERT INTO year_files (year_id, file_type, url) VALUES (67, 'theory', 'https://cdn.phoxiv.org/olympiads/apho/2024_T.pdf');
INSERT INTO year_files (year_id, file_type, url) VALUES (67, 'experiment', 'https://cdn.phoxiv.org/olympiads/apho/2024_E.pdf');
INSERT INTO year_files (year_id, file_type, url) VALUES (67, 'theorySolutions', 'https://cdn.phoxiv.org/olympiads/apho/2024_T_S.pdf');
INSERT INTO year_files (year_id, file_type, url) VALUES (67, 'experimentSolutions', 'https://cdn.phoxiv.org/olympiads/apho/2024_E_S.pdf');
INSERT INTO years (id, olympiad_id, year, notes, extra_links) VALUES (68, 'apho', 2023, '[]', '[]');
INSERT INTO year_files (year_id, file_type, url) VALUES (68, 'experimentalInstructions', 'https://cdn.phoxiv.org/olympiads/apho/2023_EG0.pdf');
INSERT INTO problems (id, year_id, number, title) VALUES (142, 68, 'T1', 'ISS Orbital Decay Dynamics');
INSERT INTO problem_files (problem_id, file_type, url) VALUES (142, 'problem', 'https://cdn.phoxiv.org/olympiads/apho/2023/T1.pdf');
INSERT INTO problem_files (problem_id, file_type, url) VALUES (142, 'solution', 'https://cdn.phoxiv.org/olympiads/apho/2023/T1_S.pdf');
INSERT INTO problem_files (problem_id, file_type, url) VALUES (142, 'markingScheme', 'https://cdn.phoxiv.org/olympiads/apho/2023/T1_M.pdf');
INSERT INTO problems (id, year_id, number, title) VALUES (143, 68, 'T2', 'A ball on a turntable');
INSERT INTO problem_files (problem_id, file_type, url) VALUES (143, 'problem', 'https://cdn.phoxiv.org/olympiads/apho/2023/T2.pdf');
INSERT INTO problem_files (problem_id, file_type, url) VALUES (143, 'solution', 'https://cdn.phoxiv.org/olympiads/apho/2023/T2_S.pdf');
INSERT INTO problem_files (problem_id, file_type, url) VALUES (143, 'markingScheme', 'https://cdn.phoxiv.org/olympiads/apho/2023/T2_M.pdf');
INSERT INTO problems (id, year_id, number, title) VALUES (144, 68, 'T3', 'Cavitation');
INSERT INTO problem_files (problem_id, file_type, url) VALUES (144, 'problem', 'https://cdn.phoxiv.org/olympiads/apho/2023/T3.pdf');
INSERT INTO problem_files (problem_id, file_type, url) VALUES (144, 'solution', 'https://cdn.phoxiv.org/olympiads/apho/2023/T3_S.pdf');
INSERT INTO problem_files (problem_id, file_type, url) VALUES (144, 'markingScheme', 'https://cdn.phoxiv.org/olympiads/apho/2023/T3_M.pdf');
INSERT INTO problems (id, year_id, number, title) VALUES (145, 68, 'E1', 'Hertzian Contact Stress');
INSERT INTO problem_files (problem_id, file_type, url) VALUES (145, 'problem', 'https://cdn.phoxiv.org/olympiads/apho/2023/E1.pdf');
INSERT INTO problem_files (problem_id, file_type, url) VALUES (145, 'solution', 'https://cdn.phoxiv.org/olympiads/apho/2023/E1_S.pdf');
INSERT INTO problems (id, year_id, number, title) VALUES (146, 68, 'E2', 'Interference from thermally deformed surface (thermos-deformation)');
INSERT INTO problem_files (problem_id, file_type, url) VALUES (146, 'problem', 'https://cdn.phoxiv.org/olympiads/apho/2023/E2.pdf');
INSERT INTO problem_files (problem_id, file_type, url) VALUES (146, 'solution', 'https://cdn.phoxiv.org/olympiads/apho/2023/E2_S.pdf');
INSERT INTO years (id, olympiad_id, year, notes, extra_links) VALUES (69, 'apho', 2022, '[]', '[{"label":"Experimental Simulation","url":"https://apho2022.github.io"}]');
INSERT INTO year_files (year_id, file_type, url) VALUES (69, 'theoryInstructions', 'https://cdn.phoxiv.org/olympiads/apho/2022_TG0.pdf');
INSERT INTO year_files (year_id, file_type, url) VALUES (69, 'experimentalInstructions', 'https://cdn.phoxiv.org/olympiads/apho/2022_EG0.pdf');
INSERT INTO year_files (year_id, file_type, url) VALUES (69, 'experimentalPresentation', 'https://cdn.phoxiv.org/olympiads/apho/2022_E_P.pdf');
INSERT INTO year_files (year_id, file_type, url) VALUES (69, 'results', 'https://cdn.phoxiv.org/olympiads/apho/2022_R.pdf');
INSERT INTO problems (id, year_id, number, title) VALUES (147, 69, 'T1', 'The Stern-Gerlach Experiment');
INSERT INTO problem_files (problem_id, file_type, url) VALUES (147, 'problem', 'https://cdn.phoxiv.org/olympiads/apho/2022/T1.pdf');
INSERT INTO problem_files (problem_id, file_type, url) VALUES (147, 'solution', 'https://cdn.phoxiv.org/olympiads/apho/2022/T1_S.pdf');
INSERT INTO problem_files (problem_id, file_type, url) VALUES (147, 'answerSheet', 'https://cdn.phoxiv.org/olympiads/apho/2022/T1_A.pdf');
INSERT INTO problems (id, year_id, number, title) VALUES (148, 69, 'T2', 'A Mechanical Model for Phase Transitions');
INSERT INTO problem_files (problem_id, file_type, url) VALUES (148, 'problem', 'https://cdn.phoxiv.org/olympiads/apho/2022/T2.pdf');
INSERT INTO problem_files (problem_id, file_type, url) VALUES (148, 'solution', 'https://cdn.phoxiv.org/olympiads/apho/2022/T2_S.pdf');
INSERT INTO problem_files (problem_id, file_type, url) VALUES (148, 'answerSheet', 'https://cdn.phoxiv.org/olympiads/apho/2022/T2_A.pdf');
INSERT INTO problems (id, year_id, number, title) VALUES (149, 69, 'T3', 'Maxwell Rayleigh and Mount Everest');
INSERT INTO problem_files (problem_id, file_type, url) VALUES (149, 'problem', 'https://cdn.phoxiv.org/olympiads/apho/2022/T3.pdf');
INSERT INTO problem_files (problem_id, file_type, url) VALUES (149, 'solution', 'https://cdn.phoxiv.org/olympiads/apho/2022/T3_S.pdf');
INSERT INTO problem_files (problem_id, file_type, url) VALUES (149, 'answerSheet', 'https://cdn.phoxiv.org/olympiads/apho/2022/T3_A.pdf');
INSERT INTO problems (id, year_id, number, title) VALUES (150, 69, 'E1', 'Magnetic Black Box');
INSERT INTO problem_files (problem_id, file_type, url) VALUES (150, 'problem', 'https://cdn.phoxiv.org/olympiads/apho/2022/E1.pdf');
INSERT INTO problem_files (problem_id, file_type, url) VALUES (150, 'solution', 'https://cdn.phoxiv.org/olympiads/apho/2022/E1_S.pdf');
INSERT INTO problem_files (problem_id, file_type, url) VALUES (150, 'answerSheet', 'https://cdn.phoxiv.org/olympiads/apho/2022/E1_A.pdf');
INSERT INTO problem_files (problem_id, file_type, url) VALUES (150, 'markingScheme', 'https://cdn.phoxiv.org/olympiads/apho/2022/E1_M.pdf');
INSERT INTO problems (id, year_id, number, title) VALUES (151, 69, 'E2', 'Acoustic Black Box');
INSERT INTO problem_files (problem_id, file_type, url) VALUES (151, 'problem', 'https://cdn.phoxiv.org/olympiads/apho/2022/E2.pdf');
INSERT INTO problem_files (problem_id, file_type, url) VALUES (151, 'solution', 'https://cdn.phoxiv.org/olympiads/apho/2022/E2_S.pdf');
INSERT INTO problem_files (problem_id, file_type, url) VALUES (151, 'answerSheet', 'https://cdn.phoxiv.org/olympiads/apho/2022/E2_A.pdf');
INSERT INTO problem_files (problem_id, file_type, url) VALUES (151, 'markingScheme', 'https://cdn.phoxiv.org/olympiads/apho/2022/E2_M.pdf');
INSERT INTO years (id, olympiad_id, year, notes, extra_links) VALUES (70, 'apho', 2021, '[]', '[]');
INSERT INTO year_files (year_id, file_type, url) VALUES (70, 'experimentalInstructions', 'https://cdn.phoxiv.org/olympiads/apho/2021_EG0.pdf');
INSERT INTO year_files (year_id, file_type, url) VALUES (70, 'experimentalFiles', 'https://cdn.phoxiv.org/olympiads/apho/2021_E_F.zip');
INSERT INTO problems (id, year_id, number, title) VALUES (152, 70, 'T1', 'Water-Hammer Effect');
INSERT INTO problem_files (problem_id, file_type, url) VALUES (152, 'problem', 'https://cdn.phoxiv.org/olympiads/apho/2021/T1.pdf');
INSERT INTO problem_files (problem_id, file_type, url) VALUES (152, 'solution', 'https://cdn.phoxiv.org/olympiads/apho/2021/T1_S.pdf');
INSERT INTO problem_files (problem_id, file_type, url) VALUES (152, 'answerSheet', 'https://cdn.phoxiv.org/olympiads/apho/2021/T1_A.pdf');
INSERT INTO problem_files (problem_id, file_type, url) VALUES (152, 'markingScheme', 'https://cdn.phoxiv.org/olympiads/apho/2021/T1_M.pdf');
INSERT INTO problems (id, year_id, number, title) VALUES (153, 70, 'T2', 'Ray Tracing');
INSERT INTO problem_files (problem_id, file_type, url) VALUES (153, 'problem', 'https://cdn.phoxiv.org/olympiads/apho/2021/T2.pdf');
INSERT INTO problem_files (problem_id, file_type, url) VALUES (153, 'solution', 'https://cdn.phoxiv.org/olympiads/apho/2021/T2_S.pdf');
INSERT INTO problem_files (problem_id, file_type, url) VALUES (153, 'answerSheet', 'https://cdn.phoxiv.org/olympiads/apho/2021/T2_A.pdf');
INSERT INTO problem_files (problem_id, file_type, url) VALUES (153, 'markingScheme', 'https://cdn.phoxiv.org/olympiads/apho/2021/T2_M.pdf');
INSERT INTO problems (id, year_id, number, title) VALUES (154, 70, 'T3', 'Magnetic Levitation');
INSERT INTO problem_files (problem_id, file_type, url) VALUES (154, 'problem', 'https://cdn.phoxiv.org/olympiads/apho/2021/T3.pdf');
INSERT INTO problem_files (problem_id, file_type, url) VALUES (154, 'solution', 'https://cdn.phoxiv.org/olympiads/apho/2021/T3_S.pdf');
INSERT INTO problem_files (problem_id, file_type, url) VALUES (154, 'answerSheet', 'https://cdn.phoxiv.org/olympiads/apho/2021/T3_A.pdf');
INSERT INTO problem_files (problem_id, file_type, url) VALUES (154, 'markingScheme', 'https://cdn.phoxiv.org/olympiads/apho/2021/T3_M.pdf');
INSERT INTO problems (id, year_id, number, title) VALUES (155, 70, 'E1', 'Elasticity of cantilever');
INSERT INTO problem_files (problem_id, file_type, url) VALUES (155, 'problem', 'https://cdn.phoxiv.org/olympiads/apho/2021/E1.pdf');
INSERT INTO problem_files (problem_id, file_type, url) VALUES (155, 'solution', 'https://cdn.phoxiv.org/olympiads/apho/2021/E1_S.pdf');
INSERT INTO problem_files (problem_id, file_type, url) VALUES (155, 'answerSheet', 'https://cdn.phoxiv.org/olympiads/apho/2021/E1_A.pdf');
INSERT INTO problem_files (problem_id, file_type, url) VALUES (155, 'markingScheme', 'https://cdn.phoxiv.org/olympiads/apho/2021/E1_M.pdf');
INSERT INTO problems (id, year_id, number, title) VALUES (156, 70, 'E2', 'Optical methods');
INSERT INTO problem_files (problem_id, file_type, url) VALUES (156, 'problem', 'https://cdn.phoxiv.org/olympiads/apho/2021/E2.pdf');
INSERT INTO problem_files (problem_id, file_type, url) VALUES (156, 'solution', 'https://cdn.phoxiv.org/olympiads/apho/2021/E2_S.pdf');
INSERT INTO problem_files (problem_id, file_type, url) VALUES (156, 'answerSheet', 'https://cdn.phoxiv.org/olympiads/apho/2021/E2_A.pdf');
INSERT INTO problem_files (problem_id, file_type, url) VALUES (156, 'markingScheme', 'https://cdn.phoxiv.org/olympiads/apho/2021/E2_M.pdf');
INSERT INTO years (id, olympiad_id, year, notes, extra_links) VALUES (71, 'apho', 2019, '[]', '[]');
INSERT INTO year_files (year_id, file_type, url) VALUES (71, 'theoryInstructions', 'https://cdn.phoxiv.org/olympiads/apho/2019_TG0.pdf');
INSERT INTO year_files (year_id, file_type, url) VALUES (71, 'experimentalInstructions', 'https://cdn.phoxiv.org/olympiads/apho/2019_EG0.pdf');
INSERT INTO year_files (year_id, file_type, url) VALUES (71, 'results', 'https://cdn.phoxiv.org/olympiads/apho/2019_R.pdf');
INSERT INTO year_files (year_id, file_type, url) VALUES (71, 'proceedings', 'https://cdn.phoxiv.org/olympiads/apho/2019_proc.pdf');
INSERT INTO problems (id, year_id, number, title) VALUES (157, 71, 'T1', 'RF Reflectometry of Single-Electron Circuits');
INSERT INTO problem_files (problem_id, file_type, url) VALUES (157, 'problem', 'https://cdn.phoxiv.org/olympiads/apho/2019/T1.pdf');
INSERT INTO problem_files (problem_id, file_type, url) VALUES (157, 'solution', 'https://cdn.phoxiv.org/olympiads/apho/2019/T1_S.pdf');
INSERT INTO problem_files (problem_id, file_type, url) VALUES (157, 'answerSheet', 'https://cdn.phoxiv.org/olympiads/apho/2019/T1_A.pdf');
INSERT INTO problem_files (problem_id, file_type, url) VALUES (157, 'markingScheme', 'https://cdn.phoxiv.org/olympiads/apho/2019/T1_M.pdf');
INSERT INTO problems (id, year_id, number, title) VALUES (158, 71, 'T2', 'Jets from AGN');
INSERT INTO problem_files (problem_id, file_type, url) VALUES (158, 'problem', 'https://cdn.phoxiv.org/olympiads/apho/2019/T2.pdf');
INSERT INTO problem_files (problem_id, file_type, url) VALUES (158, 'solution', 'https://cdn.phoxiv.org/olympiads/apho/2019/T2_S.pdf');
INSERT INTO problem_files (problem_id, file_type, url) VALUES (158, 'answerSheet', 'https://cdn.phoxiv.org/olympiads/apho/2019/T2_A.pdf');
INSERT INTO problem_files (problem_id, file_type, url) VALUES (158, 'markingScheme', 'https://cdn.phoxiv.org/olympiads/apho/2019/T2_M.pdf');
INSERT INTO problems (id, year_id, number, title) VALUES (159, 71, 'T3', 'Tippe top');
INSERT INTO problem_files (problem_id, file_type, url) VALUES (159, 'problem', 'https://cdn.phoxiv.org/olympiads/apho/2019/T3.pdf');
INSERT INTO problem_files (problem_id, file_type, url) VALUES (159, 'solution', 'https://cdn.phoxiv.org/olympiads/apho/2019/T3_S.pdf');
INSERT INTO problem_files (problem_id, file_type, url) VALUES (159, 'answerSheet', 'https://cdn.phoxiv.org/olympiads/apho/2019/T3_A.pdf');
INSERT INTO problem_files (problem_id, file_type, url) VALUES (159, 'markingScheme', 'https://cdn.phoxiv.org/olympiads/apho/2019/T3_M.pdf');
INSERT INTO problems (id, year_id, number, title) VALUES (160, 71, 'E1', 'Static response of ferrofluid');
INSERT INTO problem_files (problem_id, file_type, url) VALUES (160, 'problem', 'https://cdn.phoxiv.org/olympiads/apho/2019/E1.pdf');
INSERT INTO problem_files (problem_id, file_type, url) VALUES (160, 'solution', 'https://cdn.phoxiv.org/olympiads/apho/2019/E1_S.pdf');
INSERT INTO problem_files (problem_id, file_type, url) VALUES (160, 'answerSheet', 'https://cdn.phoxiv.org/olympiads/apho/2019/E1_A.pdf');
INSERT INTO problem_files (problem_id, file_type, url) VALUES (160, 'markingScheme', 'https://cdn.phoxiv.org/olympiads/apho/2019/E1_M.pdf');
INSERT INTO problems (id, year_id, number, title) VALUES (161, 71, 'E2', 'Wave pulses in ferrofluid');
INSERT INTO problem_files (problem_id, file_type, url) VALUES (161, 'problem', 'https://cdn.phoxiv.org/olympiads/apho/2019/E2.pdf');
INSERT INTO problem_files (problem_id, file_type, url) VALUES (161, 'solution', 'https://cdn.phoxiv.org/olympiads/apho/2019/E2_S.pdf');
INSERT INTO problem_files (problem_id, file_type, url) VALUES (161, 'answerSheet', 'https://cdn.phoxiv.org/olympiads/apho/2019/E2_A.pdf');
INSERT INTO problem_files (problem_id, file_type, url) VALUES (161, 'markingScheme', 'https://cdn.phoxiv.org/olympiads/apho/2019/E2_M.pdf');
INSERT INTO years (id, olympiad_id, year, notes, extra_links) VALUES (72, 'apho', 2018, '[]', '[]');
INSERT INTO problems (id, year_id, number, title) VALUES (162, 72, 'T1', 'Optical Trap of Neutral Atoms');
INSERT INTO problem_files (problem_id, file_type, url) VALUES (162, 'problem', 'https://cdn.phoxiv.org/olympiads/apho/2018/T1.pdf');
INSERT INTO problem_files (problem_id, file_type, url) VALUES (162, 'solution', 'https://cdn.phoxiv.org/olympiads/apho/2018/T1_S.pdf');
INSERT INTO problems (id, year_id, number, title) VALUES (163, 72, 'T2', 'Space Elevator');
INSERT INTO problem_files (problem_id, file_type, url) VALUES (163, 'problem', 'https://cdn.phoxiv.org/olympiads/apho/2018/T2.pdf');
INSERT INTO problem_files (problem_id, file_type, url) VALUES (163, 'solution', 'https://cdn.phoxiv.org/olympiads/apho/2018/T2_S.pdf');
INSERT INTO problems (id, year_id, number, title) VALUES (164, 72, 'T3', 'Thermoelectric Effects');
INSERT INTO problem_files (problem_id, file_type, url) VALUES (164, 'problem', 'https://cdn.phoxiv.org/olympiads/apho/2018/T3.pdf');
INSERT INTO problem_files (problem_id, file_type, url) VALUES (164, 'solution', 'https://cdn.phoxiv.org/olympiads/apho/2018/T3_S.pdf');
INSERT INTO problems (id, year_id, number, title) VALUES (165, 72, 'E1', 'Giant magnetoresistance (GMR)');
INSERT INTO problem_files (problem_id, file_type, url) VALUES (165, 'problem', 'https://cdn.phoxiv.org/olympiads/apho/2018/E1.pdf');
INSERT INTO problem_files (problem_id, file_type, url) VALUES (165, 'solution', 'https://cdn.phoxiv.org/olympiads/apho/2018/E1_S.pdf');
INSERT INTO problem_files (problem_id, file_type, url) VALUES (165, 'answerSheet', 'https://cdn.phoxiv.org/olympiads/apho/2018/E1_A.pdf');
INSERT INTO years (id, olympiad_id, year, notes, extra_links) VALUES (73, 'apho', 2017, '[]', '[{"label":"Results","url":"https://apho2017.mipt.ru/results/"}]');
INSERT INTO year_files (year_id, file_type, url) VALUES (73, 'minutes', 'https://cdn.phoxiv.org/olympiads/apho/2017_min.pdf');
INSERT INTO problems (id, year_id, number, title) VALUES (166, 73, 'T1', 'Vortices in superfluid');
INSERT INTO problem_files (problem_id, file_type, url) VALUES (166, 'problem', 'https://cdn.phoxiv.org/olympiads/apho/2017/T1.pdf');
INSERT INTO problem_files (problem_id, file_type, url) VALUES (166, 'solution', 'https://cdn.phoxiv.org/olympiads/apho/2017/T1_S.pdf');
INSERT INTO problem_files (problem_id, file_type, url) VALUES (166, 'answerSheet', 'https://cdn.phoxiv.org/olympiads/apho/2017/T1_A.pdf');
INSERT INTO problem_files (problem_id, file_type, url) VALUES (166, 'markingScheme', 'https://cdn.phoxiv.org/olympiads/apho/2017/T1_M.pdf');
INSERT INTO problems (id, year_id, number, title) VALUES (167, 73, 'T2', 'Evolution of Supermassive Black Holes Binary');
INSERT INTO problem_files (problem_id, file_type, url) VALUES (167, 'problem', 'https://cdn.phoxiv.org/olympiads/apho/2017/T2.pdf');
INSERT INTO problem_files (problem_id, file_type, url) VALUES (167, 'solution', 'https://cdn.phoxiv.org/olympiads/apho/2017/T2_S.pdf');
INSERT INTO problem_files (problem_id, file_type, url) VALUES (167, 'answerSheet', 'https://cdn.phoxiv.org/olympiads/apho/2017/T2_A.pdf');
INSERT INTO problem_files (problem_id, file_type, url) VALUES (167, 'markingScheme', 'https://cdn.phoxiv.org/olympiads/apho/2017/T2_M.pdf');
INSERT INTO problems (id, year_id, number, title) VALUES (168, 73, 'T3', 'Space Debris');
INSERT INTO problem_files (problem_id, file_type, url) VALUES (168, 'problem', 'https://cdn.phoxiv.org/olympiads/apho/2017/T3.pdf');
INSERT INTO problem_files (problem_id, file_type, url) VALUES (168, 'solution', 'https://cdn.phoxiv.org/olympiads/apho/2017/T3_S.pdf');
INSERT INTO problem_files (problem_id, file_type, url) VALUES (168, 'answerSheet', 'https://cdn.phoxiv.org/olympiads/apho/2017/T3_A.pdf');
INSERT INTO problem_files (problem_id, file_type, url) VALUES (168, 'markingScheme', 'https://cdn.phoxiv.org/olympiads/apho/2017/T3_M.pdf');
INSERT INTO problems (id, year_id, number, title) VALUES (169, 73, 'E1', 'Photonic Crystal');
INSERT INTO problem_files (problem_id, file_type, url) VALUES (169, 'problem', 'https://cdn.phoxiv.org/olympiads/apho/2017/E1.pdf');
INSERT INTO problem_files (problem_id, file_type, url) VALUES (169, 'solution', 'https://cdn.phoxiv.org/olympiads/apho/2017/E1_S.pdf');
INSERT INTO problem_files (problem_id, file_type, url) VALUES (169, 'answerSheet', 'https://cdn.phoxiv.org/olympiads/apho/2017/E1_A.pdf');
INSERT INTO problem_files (problem_id, file_type, url) VALUES (169, 'markingScheme', 'https://cdn.phoxiv.org/olympiads/apho/2017/E1_M.pdf');
INSERT INTO years (id, olympiad_id, year, notes, extra_links) VALUES (74, 'apho', 2016, '[]', '[]');
INSERT INTO year_files (year_id, file_type, url) VALUES (74, 'theoryInstructions', 'https://cdn.phoxiv.org/olympiads/apho/2016_TG0.pdf');
INSERT INTO year_files (year_id, file_type, url) VALUES (74, 'minutes', 'https://cdn.phoxiv.org/olympiads/apho/2016_min.pdf');
INSERT INTO problems (id, year_id, number, title) VALUES (170, 74, 'T1', 'Mechanics of a Deformable Lattice');
INSERT INTO problem_files (problem_id, file_type, url) VALUES (170, 'problem', 'https://cdn.phoxiv.org/olympiads/apho/2016/T1.pdf');
INSERT INTO problem_files (problem_id, file_type, url) VALUES (170, 'solution', 'https://cdn.phoxiv.org/olympiads/apho/2016/T1_S.pdf');
INSERT INTO problem_files (problem_id, file_type, url) VALUES (170, 'answerSheet', 'https://cdn.phoxiv.org/olympiads/apho/2016/T1_A.pdf');
INSERT INTO problem_files (problem_id, file_type, url) VALUES (170, 'presentation', 'https://cdn.phoxiv.org/olympiads/apho/2016/T1_P.pdf');
INSERT INTO problems (id, year_id, number, title) VALUES (171, 74, 'T2', 'The Expanding Universe');
INSERT INTO problem_files (problem_id, file_type, url) VALUES (171, 'problem', 'https://cdn.phoxiv.org/olympiads/apho/2016/T2.pdf');
INSERT INTO problem_files (problem_id, file_type, url) VALUES (171, 'solution', 'https://cdn.phoxiv.org/olympiads/apho/2016/T2_S.pdf');
INSERT INTO problem_files (problem_id, file_type, url) VALUES (171, 'answerSheet', 'https://cdn.phoxiv.org/olympiads/apho/2016/T2_A.pdf');
INSERT INTO problem_files (problem_id, file_type, url) VALUES (171, 'presentation', 'https://cdn.phoxiv.org/olympiads/apho/2016/T2_P.pdf');
INSERT INTO problems (id, year_id, number, title) VALUES (172, 74, 'T3', 'Magnetic Field Effects on Superconductors');
INSERT INTO problem_files (problem_id, file_type, url) VALUES (172, 'problem', 'https://cdn.phoxiv.org/olympiads/apho/2016/T3.pdf');
INSERT INTO problem_files (problem_id, file_type, url) VALUES (172, 'solution', 'https://cdn.phoxiv.org/olympiads/apho/2016/T3_S.pdf');
INSERT INTO problem_files (problem_id, file_type, url) VALUES (172, 'answerSheet', 'https://cdn.phoxiv.org/olympiads/apho/2016/T3_A.pdf');
INSERT INTO problem_files (problem_id, file_type, url) VALUES (172, 'presentation', 'https://cdn.phoxiv.org/olympiads/apho/2016/T3_P.pdf');
INSERT INTO problems (id, year_id, number, title) VALUES (173, 74, 'E1', 'Optical diffraction');
INSERT INTO problem_files (problem_id, file_type, url) VALUES (173, 'problem', 'https://cdn.phoxiv.org/olympiads/apho/2016/E1.pdf');
INSERT INTO problem_files (problem_id, file_type, url) VALUES (173, 'solution', 'https://cdn.phoxiv.org/olympiads/apho/2016/E1_S.pdf');
INSERT INTO problem_files (problem_id, file_type, url) VALUES (173, 'answerSheet', 'https://cdn.phoxiv.org/olympiads/apho/2016/E1_A.pdf');
INSERT INTO problem_files (problem_id, file_type, url) VALUES (173, 'presentation', 'https://cdn.phoxiv.org/olympiads/apho/2016/E1_P.pdf');
INSERT INTO problem_files (problem_id, file_type, url) VALUES (173, 'alignmentChart', 'https://cdn.phoxiv.org/olympiads/apho/2016/E1_chart.pdf');
INSERT INTO problems (id, year_id, number, title) VALUES (174, 74, 'E2', 'Reflection phase shift of metal');
INSERT INTO problem_files (problem_id, file_type, url) VALUES (174, 'problem', 'https://cdn.phoxiv.org/olympiads/apho/2016/E2.pdf');
INSERT INTO problem_files (problem_id, file_type, url) VALUES (174, 'solution', 'https://cdn.phoxiv.org/olympiads/apho/2016/E2_S.pdf');
INSERT INTO problem_files (problem_id, file_type, url) VALUES (174, 'answerSheet', 'https://cdn.phoxiv.org/olympiads/apho/2016/E2_A.pdf');
INSERT INTO problem_files (problem_id, file_type, url) VALUES (174, 'presentation', 'https://cdn.phoxiv.org/olympiads/apho/2016/E2_P.pdf');
INSERT INTO years (id, olympiad_id, year, notes, extra_links) VALUES (75, 'apho', 2015, '[]', '[]');
INSERT INTO year_files (year_id, file_type, url) VALUES (75, 'minutes', 'https://cdn.phoxiv.org/olympiads/apho/2015_min.pdf');
INSERT INTO problems (id, year_id, number, title) VALUES (175, 75, 'T1', 'Fractional Quantum Hall effect');
INSERT INTO problem_files (problem_id, file_type, url) VALUES (175, 'problem', 'https://cdn.phoxiv.org/olympiads/apho/2015/T1.pdf');
INSERT INTO problem_files (problem_id, file_type, url) VALUES (175, 'solution', 'https://cdn.phoxiv.org/olympiads/apho/2015/T1_S.pdf');
INSERT INTO problem_files (problem_id, file_type, url) VALUES (175, 'answerSheet', 'https://cdn.phoxiv.org/olympiads/apho/2015/T1_A.pdf');
INSERT INTO problems (id, year_id, number, title) VALUES (176, 75, 'T2', 'How are Aurora Ignited by the Solar Wind?');
INSERT INTO problem_files (problem_id, file_type, url) VALUES (176, 'problem', 'https://cdn.phoxiv.org/olympiads/apho/2015/T2.pdf');
INSERT INTO problem_files (problem_id, file_type, url) VALUES (176, 'solution', 'https://cdn.phoxiv.org/olympiads/apho/2015/T2_S.pdf');
INSERT INTO problem_files (problem_id, file_type, url) VALUES (176, 'answerSheet', 'https://cdn.phoxiv.org/olympiads/apho/2015/T2_A.pdf');
INSERT INTO problems (id, year_id, number, title) VALUES (177, 75, 'T3', 'Fabry-Perot etalon');
INSERT INTO problem_files (problem_id, file_type, url) VALUES (177, 'problem', 'https://cdn.phoxiv.org/olympiads/apho/2015/T3.pdf');
INSERT INTO problem_files (problem_id, file_type, url) VALUES (177, 'solution', 'https://cdn.phoxiv.org/olympiads/apho/2015/T3_S.pdf');
INSERT INTO problem_files (problem_id, file_type, url) VALUES (177, 'answerSheet', 'https://cdn.phoxiv.org/olympiads/apho/2015/T3_A.pdf');
INSERT INTO problems (id, year_id, number, title) VALUES (178, 75, 'E1', 'Piezoelectric Effect');
INSERT INTO problem_files (problem_id, file_type, url) VALUES (178, 'problem', 'https://cdn.phoxiv.org/olympiads/apho/2015/E1.pdf');
INSERT INTO problem_files (problem_id, file_type, url) VALUES (178, 'solution', 'https://cdn.phoxiv.org/olympiads/apho/2015/E1_S.pdf');
INSERT INTO problem_files (problem_id, file_type, url) VALUES (178, 'answerSheet', 'https://cdn.phoxiv.org/olympiads/apho/2015/E1_A.pdf');
INSERT INTO years (id, olympiad_id, year, notes, extra_links) VALUES (76, 'apho', 2014, '[]', '[]');
INSERT INTO year_files (year_id, file_type, url) VALUES (76, 'minutes', 'https://cdn.phoxiv.org/olympiads/apho/2014_min.pdf');
INSERT INTO problems (id, year_id, number, title) VALUES (179, 76, 'T1', 'Hadley Circulation');
INSERT INTO problem_files (problem_id, file_type, url) VALUES (179, 'problem', 'https://cdn.phoxiv.org/olympiads/apho/2014/T1.pdf');
INSERT INTO problem_files (problem_id, file_type, url) VALUES (179, 'solution', 'https://cdn.phoxiv.org/olympiads/apho/2014/T1_S.pdf');
INSERT INTO problem_files (problem_id, file_type, url) VALUES (179, 'answerSheet', 'https://cdn.phoxiv.org/olympiads/apho/2014/T1_A.pdf');
INSERT INTO problems (id, year_id, number, title) VALUES (180, 76, 'T2', 'Two-Slit Electron Interference');
INSERT INTO problem_files (problem_id, file_type, url) VALUES (180, 'problem', 'https://cdn.phoxiv.org/olympiads/apho/2014/T2.pdf');
INSERT INTO problem_files (problem_id, file_type, url) VALUES (180, 'solution', 'https://cdn.phoxiv.org/olympiads/apho/2014/T2_S.pdf');
INSERT INTO problem_files (problem_id, file_type, url) VALUES (180, 'answerSheet', 'https://cdn.phoxiv.org/olympiads/apho/2014/T2_A.pdf');
INSERT INTO problems (id, year_id, number, title) VALUES (181, 76, 'T3', 'Gravitational Lensing');
INSERT INTO problem_files (problem_id, file_type, url) VALUES (181, 'problem', 'https://cdn.phoxiv.org/olympiads/apho/2014/T3.pdf');
INSERT INTO problem_files (problem_id, file_type, url) VALUES (181, 'solution', 'https://cdn.phoxiv.org/olympiads/apho/2014/T3_S.pdf');
INSERT INTO problem_files (problem_id, file_type, url) VALUES (181, 'answerSheet', 'https://cdn.phoxiv.org/olympiads/apho/2014/T3_A.pdf');
INSERT INTO problems (id, year_id, number, title) VALUES (182, 76, 'E1', 'Speed of Ultrasonic Sound in Solution');
INSERT INTO problem_files (problem_id, file_type, url) VALUES (182, 'problem', 'https://cdn.phoxiv.org/olympiads/apho/2014/E1.pdf');
INSERT INTO problem_files (problem_id, file_type, url) VALUES (182, 'solution', 'https://cdn.phoxiv.org/olympiads/apho/2014/E1_S.pdf');
INSERT INTO problem_files (problem_id, file_type, url) VALUES (182, 'answerSheet', 'https://cdn.phoxiv.org/olympiads/apho/2014/E1_A.pdf');
INSERT INTO years (id, olympiad_id, year, notes, extra_links) VALUES (77, 'apho', 2013, '[]', '[]');
INSERT INTO year_files (year_id, file_type, url) VALUES (77, 'minutes', 'https://cdn.phoxiv.org/olympiads/apho/2013_min.pdf');
INSERT INTO problems (id, year_id, number, title) VALUES (183, 77, 'T1', 'Conductors in Conducting Liquid');
INSERT INTO problem_files (problem_id, file_type, url) VALUES (183, 'problem', 'https://cdn.phoxiv.org/olympiads/apho/2013/T1.pdf');
INSERT INTO problem_files (problem_id, file_type, url) VALUES (183, 'solution', 'https://cdn.phoxiv.org/olympiads/apho/2013/T1_S.pdf');
INSERT INTO problem_files (problem_id, file_type, url) VALUES (183, 'answerSheet', 'https://cdn.phoxiv.org/olympiads/apho/2013/T1_A.pdf');
INSERT INTO problems (id, year_id, number, title) VALUES (184, 77, 'T2', 'Relativistic Correction on GPS Satellite');
INSERT INTO problem_files (problem_id, file_type, url) VALUES (184, 'problem', 'https://cdn.phoxiv.org/olympiads/apho/2013/T2.pdf');
INSERT INTO problem_files (problem_id, file_type, url) VALUES (184, 'solution', 'https://cdn.phoxiv.org/olympiads/apho/2013/T2_S.pdf');
INSERT INTO problem_files (problem_id, file_type, url) VALUES (184, 'answerSheet', 'https://cdn.phoxiv.org/olympiads/apho/2013/T2_A.pdf');
INSERT INTO problems (id, year_id, number, title) VALUES (185, 77, 'T3', 'Physics of Spin');
INSERT INTO problem_files (problem_id, file_type, url) VALUES (185, 'problem', 'https://cdn.phoxiv.org/olympiads/apho/2013/T3.pdf');
INSERT INTO problem_files (problem_id, file_type, url) VALUES (185, 'solution', 'https://cdn.phoxiv.org/olympiads/apho/2013/T3_S.pdf');
INSERT INTO problem_files (problem_id, file_type, url) VALUES (185, 'answerSheet', 'https://cdn.phoxiv.org/olympiads/apho/2013/T3_A.pdf');
INSERT INTO problems (id, year_id, number, title) VALUES (186, 77, 'E1', 'Wind power');
INSERT INTO problem_files (problem_id, file_type, url) VALUES (186, 'problem', 'https://cdn.phoxiv.org/olympiads/apho/2013/E1.pdf');
INSERT INTO problem_files (problem_id, file_type, url) VALUES (186, 'solution', 'https://cdn.phoxiv.org/olympiads/apho/2013/E1_S.pdf');
INSERT INTO years (id, olympiad_id, year, notes, extra_links) VALUES (78, 'apho', 2012, '[]', '[]');
INSERT INTO year_files (year_id, file_type, url) VALUES (78, 'minutes', 'https://cdn.phoxiv.org/olympiads/apho/2012_min.pdf');
INSERT INTO problems (id, year_id, number, title) VALUES (187, 78, 'T1', 'The Drag on a Falling Magnet');
INSERT INTO problem_files (problem_id, file_type, url) VALUES (187, 'problem', 'https://cdn.phoxiv.org/olympiads/apho/2012/T1.pdf');
INSERT INTO problem_files (problem_id, file_type, url) VALUES (187, 'solution', 'https://cdn.phoxiv.org/olympiads/apho/2012/T1_S.pdf');
INSERT INTO problems (id, year_id, number, title) VALUES (188, 78, 'T2', 'Chandrasekhar Limit');
INSERT INTO problem_files (problem_id, file_type, url) VALUES (188, 'problem', 'https://cdn.phoxiv.org/olympiads/apho/2012/T2.pdf');
INSERT INTO problem_files (problem_id, file_type, url) VALUES (188, 'solution', 'https://cdn.phoxiv.org/olympiads/apho/2012/T2_S.pdf');
INSERT INTO problems (id, year_id, number, title) VALUES (189, 78, 'T3', 'Pancharatnam Phase');
INSERT INTO problem_files (problem_id, file_type, url) VALUES (189, 'problem', 'https://cdn.phoxiv.org/olympiads/apho/2012/T3.pdf');
INSERT INTO problem_files (problem_id, file_type, url) VALUES (189, 'solution', 'https://cdn.phoxiv.org/olympiads/apho/2012/T3_S.pdf');
INSERT INTO problems (id, year_id, number, title) VALUES (190, 78, 'E1', 'Friction');
INSERT INTO problem_files (problem_id, file_type, url) VALUES (190, 'problem', 'https://cdn.phoxiv.org/olympiads/apho/2012/E1.pdf');
INSERT INTO problem_files (problem_id, file_type, url) VALUES (190, 'solution', 'https://cdn.phoxiv.org/olympiads/apho/2012/E1_S.pdf');
INSERT INTO problem_files (problem_id, file_type, url) VALUES (190, 'markingScheme', 'https://cdn.phoxiv.org/olympiads/apho/2012/E1_M.pdf');
INSERT INTO problems (id, year_id, number, title) VALUES (191, 78, 'E2', 'Electromagnetic Induction');
INSERT INTO problem_files (problem_id, file_type, url) VALUES (191, 'problem', 'https://cdn.phoxiv.org/olympiads/apho/2012/E2.pdf');
INSERT INTO problem_files (problem_id, file_type, url) VALUES (191, 'solution', 'https://cdn.phoxiv.org/olympiads/apho/2012/E2_S.pdf');
INSERT INTO problem_files (problem_id, file_type, url) VALUES (191, 'answerSheet', 'https://cdn.phoxiv.org/olympiads/apho/2012/E2_A.pdf');
INSERT INTO problem_files (problem_id, file_type, url) VALUES (191, 'markingScheme', 'https://cdn.phoxiv.org/olympiads/apho/2012/E2_M.pdf');
INSERT INTO years (id, olympiad_id, year, notes, extra_links) VALUES (79, 'apho', 2011, '[]', '[]');
INSERT INTO year_files (year_id, file_type, url) VALUES (79, 'minutes', 'https://cdn.phoxiv.org/olympiads/apho/2011_min.pdf');
INSERT INTO problems (id, year_id, number, title) VALUES (192, 79, 'T1', 'The Shockley-James Paradox');
INSERT INTO problem_files (problem_id, file_type, url) VALUES (192, 'problem', 'https://cdn.phoxiv.org/olympiads/apho/2011/T1.pdf');
INSERT INTO problem_files (problem_id, file_type, url) VALUES (192, 'solution', 'https://cdn.phoxiv.org/olympiads/apho/2011/T1_S.pdf');
INSERT INTO problem_files (problem_id, file_type, url) VALUES (192, 'answerSheet', 'https://cdn.phoxiv.org/olympiads/apho/2011/T1_A.pdf');
INSERT INTO problem_files (problem_id, file_type, url) VALUES (192, 'markingScheme', 'https://cdn.phoxiv.org/olympiads/apho/2011/T1_M.pdf');
INSERT INTO problems (id, year_id, number, title) VALUES (193, 79, 'T2', 'Creaking Door');
INSERT INTO problem_files (problem_id, file_type, url) VALUES (193, 'problem', 'https://cdn.phoxiv.org/olympiads/apho/2011/T2.pdf');
INSERT INTO problem_files (problem_id, file_type, url) VALUES (193, 'solution', 'https://cdn.phoxiv.org/olympiads/apho/2011/T2_S.pdf');
INSERT INTO problem_files (problem_id, file_type, url) VALUES (193, 'answerSheet', 'https://cdn.phoxiv.org/olympiads/apho/2011/T2_A.pdf');
INSERT INTO problem_files (problem_id, file_type, url) VALUES (193, 'markingScheme', 'https://cdn.phoxiv.org/olympiads/apho/2011/T2_M.pdf');
INSERT INTO problems (id, year_id, number, title) VALUES (194, 79, 'T3', 'Birthday Balloon');
INSERT INTO problem_files (problem_id, file_type, url) VALUES (194, 'problem', 'https://cdn.phoxiv.org/olympiads/apho/2011/T3.pdf');
INSERT INTO problem_files (problem_id, file_type, url) VALUES (194, 'solution', 'https://cdn.phoxiv.org/olympiads/apho/2011/T3_S.pdf');
INSERT INTO problem_files (problem_id, file_type, url) VALUES (194, 'answerSheet', 'https://cdn.phoxiv.org/olympiads/apho/2011/T3_A.pdf');
INSERT INTO problem_files (problem_id, file_type, url) VALUES (194, 'markingScheme', 'https://cdn.phoxiv.org/olympiads/apho/2011/T3_M.pdf');
INSERT INTO problems (id, year_id, number, title) VALUES (195, 79, 'E1', 'Levitation of conductors');
INSERT INTO problem_files (problem_id, file_type, url) VALUES (195, 'problem', 'https://cdn.phoxiv.org/olympiads/apho/2011/E1.pdf');
INSERT INTO problem_files (problem_id, file_type, url) VALUES (195, 'solution', 'https://cdn.phoxiv.org/olympiads/apho/2011/E1_S.pdf');
INSERT INTO problem_files (problem_id, file_type, url) VALUES (195, 'answerSheet', 'https://cdn.phoxiv.org/olympiads/apho/2011/E1_A.pdf');
INSERT INTO problem_files (problem_id, file_type, url) VALUES (195, 'markingScheme', 'https://cdn.phoxiv.org/olympiads/apho/2011/E1_M.pdf');
INSERT INTO problems (id, year_id, number, title) VALUES (196, 79, 'E2', 'Optical Black Box');
INSERT INTO problem_files (problem_id, file_type, url) VALUES (196, 'problem', 'https://cdn.phoxiv.org/olympiads/apho/2011/E2.pdf');
INSERT INTO problem_files (problem_id, file_type, url) VALUES (196, 'solution', 'https://cdn.phoxiv.org/olympiads/apho/2011/E2_S.pdf');
INSERT INTO problem_files (problem_id, file_type, url) VALUES (196, 'answerSheet', 'https://cdn.phoxiv.org/olympiads/apho/2011/E2_A.pdf');
INSERT INTO problem_files (problem_id, file_type, url) VALUES (196, 'markingScheme', 'https://cdn.phoxiv.org/olympiads/apho/2011/E2_M.pdf');
INSERT INTO years (id, olympiad_id, year, notes, extra_links) VALUES (80, 'apho', 2010, '[]', '[]');
INSERT INTO year_files (year_id, file_type, url) VALUES (80, 'minutes', 'https://cdn.phoxiv.org/olympiads/apho/2010_min.pdf');
INSERT INTO problems (id, year_id, number, title) VALUES (197, 80, 'T1', 'Particles and Waves');
INSERT INTO problem_files (problem_id, file_type, url) VALUES (197, 'problem', 'https://cdn.phoxiv.org/olympiads/apho/2010/T1.pdf');
INSERT INTO problem_files (problem_id, file_type, url) VALUES (197, 'solution', 'https://cdn.phoxiv.org/olympiads/apho/2010/T1_S.pdf');
INSERT INTO problem_files (problem_id, file_type, url) VALUES (197, 'answerSheet', 'https://cdn.phoxiv.org/olympiads/apho/2010/T1_A.pdf');
INSERT INTO problem_files (problem_id, file_type, url) VALUES (197, 'markingScheme', 'https://cdn.phoxiv.org/olympiads/apho/2010/T1_M.pdf');
INSERT INTO problems (id, year_id, number, title) VALUES (198, 80, 'T2', 'Strong Resistive Electromagnets');
INSERT INTO problem_files (problem_id, file_type, url) VALUES (198, 'problem', 'https://cdn.phoxiv.org/olympiads/apho/2010/T2.pdf');
INSERT INTO problem_files (problem_id, file_type, url) VALUES (198, 'solution', 'https://cdn.phoxiv.org/olympiads/apho/2010/T2_S.pdf');
INSERT INTO problem_files (problem_id, file_type, url) VALUES (198, 'answerSheet', 'https://cdn.phoxiv.org/olympiads/apho/2010/T2_A.pdf');
INSERT INTO problem_files (problem_id, file_type, url) VALUES (198, 'markingScheme', 'https://cdn.phoxiv.org/olympiads/apho/2010/T2_M.pdf');
INSERT INTO problems (id, year_id, number, title) VALUES (199, 80, 'T3', 'Electron and Gas Bubbles in Liquids');
INSERT INTO problem_files (problem_id, file_type, url) VALUES (199, 'problem', 'https://cdn.phoxiv.org/olympiads/apho/2010/T3.pdf');
INSERT INTO problem_files (problem_id, file_type, url) VALUES (199, 'solution', 'https://cdn.phoxiv.org/olympiads/apho/2010/T3_S.pdf');
INSERT INTO problem_files (problem_id, file_type, url) VALUES (199, 'answerSheet', 'https://cdn.phoxiv.org/olympiads/apho/2010/T3_A.pdf');
INSERT INTO problem_files (problem_id, file_type, url) VALUES (199, 'markingScheme', 'https://cdn.phoxiv.org/olympiads/apho/2010/T3_M.pdf');
INSERT INTO problems (id, year_id, number, title) VALUES (200, 80, 'E1', 'Magnetic force probe');
INSERT INTO problem_files (problem_id, file_type, url) VALUES (200, 'problem', 'https://cdn.phoxiv.org/olympiads/apho/2010/E1.pdf');
INSERT INTO problem_files (problem_id, file_type, url) VALUES (200, 'solution', 'https://cdn.phoxiv.org/olympiads/apho/2010/E1_S.pdf');
INSERT INTO problem_files (problem_id, file_type, url) VALUES (200, 'answerSheet', 'https://cdn.phoxiv.org/olympiads/apho/2010/E1_A.pdf');
INSERT INTO problem_files (problem_id, file_type, url) VALUES (200, 'markingScheme', 'https://cdn.phoxiv.org/olympiads/apho/2010/E1_M.pdf');
INSERT INTO problems (id, year_id, number, title) VALUES (201, 80, 'E2', 'Understanding Semiconductor Lasers');
INSERT INTO problem_files (problem_id, file_type, url) VALUES (201, 'problem', 'https://cdn.phoxiv.org/olympiads/apho/2010/E2.pdf');
INSERT INTO problem_files (problem_id, file_type, url) VALUES (201, 'solution', 'https://cdn.phoxiv.org/olympiads/apho/2010/E2_S.pdf');
INSERT INTO problem_files (problem_id, file_type, url) VALUES (201, 'answerSheet', 'https://cdn.phoxiv.org/olympiads/apho/2010/E2_A.pdf');
INSERT INTO problem_files (problem_id, file_type, url) VALUES (201, 'markingScheme', 'https://cdn.phoxiv.org/olympiads/apho/2010/E2_M.pdf');
INSERT INTO years (id, olympiad_id, year, notes, extra_links) VALUES (81, 'apho', 2009, '[]', '[]');
INSERT INTO year_files (year_id, file_type, url) VALUES (81, 'theory', 'https://cdn.phoxiv.org/olympiads/apho/2009_T.pdf');
INSERT INTO year_files (year_id, file_type, url) VALUES (81, 'experiment', 'https://cdn.phoxiv.org/olympiads/apho/2009_E.pdf');
INSERT INTO year_files (year_id, file_type, url) VALUES (81, 'experimentMarkingScheme', 'https://cdn.phoxiv.org/olympiads/apho/2009_E_M.pdf');
INSERT INTO problems (id, year_id, number, title) VALUES (202, 81, 'T1', 'Rolling Cylinders');
INSERT INTO problem_files (problem_id, file_type, url) VALUES (202, 'solution', 'https://cdn.phoxiv.org/olympiads/apho/2009/T1_S.pdf');
INSERT INTO problems (id, year_id, number, title) VALUES (203, 81, 'T2', 'A Self-excited Magnetic Dynamo');
INSERT INTO problem_files (problem_id, file_type, url) VALUES (203, 'solution', 'https://cdn.phoxiv.org/olympiads/apho/2009/T2_S.pdf');
INSERT INTO problems (id, year_id, number, title) VALUES (204, 81, 'T3', 'The Leidenfrost Phenomenon');
INSERT INTO problem_files (problem_id, file_type, url) VALUES (204, 'solution', 'https://cdn.phoxiv.org/olympiads/apho/2009/T3_S.pdf');
INSERT INTO problems (id, year_id, number, title) VALUES (205, 81, 'E1', 'The Earth''s Horizontal Magnetic Field');
INSERT INTO problem_files (problem_id, file_type, url) VALUES (205, 'solution', 'https://cdn.phoxiv.org/olympiads/apho/2009/E1_S.pdf');
INSERT INTO problems (id, year_id, number, title) VALUES (206, 81, 'E2', 'Oscillation of Water-Filled Vessel');
INSERT INTO problem_files (problem_id, file_type, url) VALUES (206, 'solution', 'https://cdn.phoxiv.org/olympiads/apho/2009/E2_S.pdf');
INSERT INTO years (id, olympiad_id, year, notes, extra_links) VALUES (82, 'apho', 2008, '[]', '[]');
INSERT INTO year_files (year_id, file_type, url) VALUES (82, 'minutes', 'https://cdn.phoxiv.org/olympiads/apho/2008_min.pdf');
INSERT INTO problems (id, year_id, number, title) VALUES (207, 82, 'T1', 'Tea Ceremony and Physics of Bubbles');
INSERT INTO problem_files (problem_id, file_type, url) VALUES (207, 'problem', 'https://cdn.phoxiv.org/olympiads/apho/2008/T1.pdf');
INSERT INTO problem_files (problem_id, file_type, url) VALUES (207, 'solution', 'https://cdn.phoxiv.org/olympiads/apho/2008/T1_S.pdf');
INSERT INTO problems (id, year_id, number, title) VALUES (208, 82, 'T2', 'Ionic Crystal Yukawa-type Potential and Pauli Principle');
INSERT INTO problem_files (problem_id, file_type, url) VALUES (208, 'problem', 'https://cdn.phoxiv.org/olympiads/apho/2008/T2.pdf');
INSERT INTO problem_files (problem_id, file_type, url) VALUES (208, 'solution', 'https://cdn.phoxiv.org/olympiads/apho/2008/T2_S.pdf');
INSERT INTO problems (id, year_id, number, title) VALUES (209, 82, 'T3', 'How does a superluminal object look like?');
INSERT INTO problem_files (problem_id, file_type, url) VALUES (209, 'problem', 'https://cdn.phoxiv.org/olympiads/apho/2008/T3.pdf');
INSERT INTO problem_files (problem_id, file_type, url) VALUES (209, 'solution', 'https://cdn.phoxiv.org/olympiads/apho/2008/T3_S.pdf');
INSERT INTO problems (id, year_id, number, title) VALUES (210, 82, 'E1', 'The Physics of Sound Wave');
INSERT INTO problem_files (problem_id, file_type, url) VALUES (210, 'problem', 'https://cdn.phoxiv.org/olympiads/apho/2008/E1.pdf');
INSERT INTO years (id, olympiad_id, year, notes, extra_links) VALUES (83, 'apho', 2007, '[]', '[]');
INSERT INTO year_files (year_id, file_type, url) VALUES (83, 'minutes', 'https://cdn.phoxiv.org/olympiads/apho/2007_min.pdf');
INSERT INTO problems (id, year_id, number, title) VALUES (211, 83, 'T1', 'Back-and-Forth Rolling of a Liquid-Filled Sphere');
INSERT INTO problem_files (problem_id, file_type, url) VALUES (211, 'problem', 'https://cdn.phoxiv.org/olympiads/apho/2007/T1.pdf');
INSERT INTO problem_files (problem_id, file_type, url) VALUES (211, 'solution', 'https://cdn.phoxiv.org/olympiads/apho/2007/T1_S.pdf');
INSERT INTO problems (id, year_id, number, title) VALUES (212, 83, 'T2', 'Optical properties of an unusual material');
INSERT INTO problem_files (problem_id, file_type, url) VALUES (212, 'problem', 'https://cdn.phoxiv.org/olympiads/apho/2007/T2.pdf');
INSERT INTO problem_files (problem_id, file_type, url) VALUES (212, 'solution', 'https://cdn.phoxiv.org/olympiads/apho/2007/T2_S.pdf');
INSERT INTO problems (id, year_id, number, title) VALUES (213, 83, 'T3', 'Specific heat of free electron gas at constant volume');
INSERT INTO problem_files (problem_id, file_type, url) VALUES (213, 'problem', 'https://cdn.phoxiv.org/olympiads/apho/2007/T3.pdf');
INSERT INTO problem_files (problem_id, file_type, url) VALUES (213, 'solution', 'https://cdn.phoxiv.org/olympiads/apho/2007/T3_S.pdf');
INSERT INTO problems (id, year_id, number, title) VALUES (214, 83, 'E1', 'Refractive Index of Glass');
INSERT INTO problem_files (problem_id, file_type, url) VALUES (214, 'problem', 'https://cdn.phoxiv.org/olympiads/apho/2007/E1.pdf');
INSERT INTO problem_files (problem_id, file_type, url) VALUES (214, 'solution', 'https://cdn.phoxiv.org/olympiads/apho/2007/E1_S.pdf');
INSERT INTO problems (id, year_id, number, title) VALUES (215, 83, 'E2', 'Measurement of liquid electric conductivity');
INSERT INTO problem_files (problem_id, file_type, url) VALUES (215, 'problem', 'https://cdn.phoxiv.org/olympiads/apho/2007/E2.pdf');
INSERT INTO problem_files (problem_id, file_type, url) VALUES (215, 'solution', 'https://cdn.phoxiv.org/olympiads/apho/2007/E2_S.pdf');
INSERT INTO years (id, olympiad_id, year, notes, extra_links) VALUES (84, 'apho', 2006, '[]', '[]');
INSERT INTO year_files (year_id, file_type, url) VALUES (84, 'minutes', 'https://cdn.phoxiv.org/olympiads/apho/2006_min.pdf');
INSERT INTO problems (id, year_id, number, title) VALUES (216, 84, 'T1', 'Laser cooling of atoms');
INSERT INTO problem_files (problem_id, file_type, url) VALUES (216, 'problem', 'https://cdn.phoxiv.org/olympiads/apho/2006/T1.pdf');
INSERT INTO problem_files (problem_id, file_type, url) VALUES (216, 'solution', 'https://cdn.phoxiv.org/olympiads/apho/2006/T1_S.pdf');
INSERT INTO problems (id, year_id, number, title) VALUES (217, 84, 'T2', 'Oscillator damped by sliding friction');
INSERT INTO problem_files (problem_id, file_type, url) VALUES (217, 'problem', 'https://cdn.phoxiv.org/olympiads/apho/2006/T2.pdf');
INSERT INTO problem_files (problem_id, file_type, url) VALUES (217, 'solution', 'https://cdn.phoxiv.org/olympiads/apho/2006/T2_S.pdf');
INSERT INTO problems (id, year_id, number, title) VALUES (218, 84, 'T3', 'Three Problems');
INSERT INTO problem_files (problem_id, file_type, url) VALUES (218, 'problem', 'https://cdn.phoxiv.org/olympiads/apho/2006/T3.pdf');
INSERT INTO problem_files (problem_id, file_type, url) VALUES (218, 'solution', 'https://cdn.phoxiv.org/olympiads/apho/2006/T3_S.pdf');
INSERT INTO problems (id, year_id, number, title) VALUES (219, 84, 'E1', NULL);
INSERT INTO problem_files (problem_id, file_type, url) VALUES (219, 'problem', 'https://cdn.phoxiv.org/olympiads/apho/2006/E1.pdf');
INSERT INTO problem_files (problem_id, file_type, url) VALUES (219, 'solution', 'https://cdn.phoxiv.org/olympiads/apho/2006/E1_S.pdf');
INSERT INTO years (id, olympiad_id, year, notes, extra_links) VALUES (85, 'apho', 2005, '[]', '[]');
INSERT INTO year_files (year_id, file_type, url) VALUES (85, 'theory', 'https://cdn.phoxiv.org/olympiads/apho/2005_T.pdf');
INSERT INTO year_files (year_id, file_type, url) VALUES (85, 'experiment', 'https://cdn.phoxiv.org/olympiads/apho/2005_E.pdf');
INSERT INTO year_files (year_id, file_type, url) VALUES (85, 'theorySolutions', 'https://cdn.phoxiv.org/olympiads/apho/2005_T_S.pdf');
INSERT INTO year_files (year_id, file_type, url) VALUES (85, 'experimentSolutions', 'https://cdn.phoxiv.org/olympiads/apho/2005_E_S.pdf');
INSERT INTO year_files (year_id, file_type, url) VALUES (85, 'minutes', 'https://cdn.phoxiv.org/olympiads/apho/2005_min.pdf');
INSERT INTO years (id, olympiad_id, year, notes, extra_links) VALUES (86, 'apho', 2004, '[]', '[]');
INSERT INTO year_files (year_id, file_type, url) VALUES (86, 'minutes', 'https://cdn.phoxiv.org/olympiads/apho/2004_min.pdf');
INSERT INTO problems (id, year_id, number, title) VALUES (220, 86, 'T1', 'Measure the mass in the weightless state');
INSERT INTO problem_files (problem_id, file_type, url) VALUES (220, 'problem', 'https://cdn.phoxiv.org/olympiads/apho/2004/T1.pdf');
INSERT INTO problem_files (problem_id, file_type, url) VALUES (220, 'solution', 'https://cdn.phoxiv.org/olympiads/apho/2004/T1_S.pdf');
INSERT INTO problems (id, year_id, number, title) VALUES (221, 86, 'T2', 'Optical fiber');
INSERT INTO problem_files (problem_id, file_type, url) VALUES (221, 'problem', 'https://cdn.phoxiv.org/olympiads/apho/2004/T2.pdf');
INSERT INTO problem_files (problem_id, file_type, url) VALUES (221, 'solution', 'https://cdn.phoxiv.org/olympiads/apho/2004/T2_S.pdf');
INSERT INTO problems (id, year_id, number, title) VALUES (222, 86, 'T3', 'Compression and expansion of a two gases system');
INSERT INTO problem_files (problem_id, file_type, url) VALUES (222, 'problem', 'https://cdn.phoxiv.org/olympiads/apho/2004/T3.pdf');
INSERT INTO problem_files (problem_id, file_type, url) VALUES (222, 'solution', 'https://cdn.phoxiv.org/olympiads/apho/2004/T3_S.pdf');
INSERT INTO problems (id, year_id, number, title) VALUES (223, 86, 'E1', 'Hall effect and Magnetoresistivity effect');
INSERT INTO problem_files (problem_id, file_type, url) VALUES (223, 'problem', 'https://cdn.phoxiv.org/olympiads/apho/2004/E1.pdf');
INSERT INTO problem_files (problem_id, file_type, url) VALUES (223, 'solution', 'https://cdn.phoxiv.org/olympiads/apho/2004/E1_S.pdf');
INSERT INTO problems (id, year_id, number, title) VALUES (224, 86, 'E2', 'Black Box');
INSERT INTO problem_files (problem_id, file_type, url) VALUES (224, 'problem', 'https://cdn.phoxiv.org/olympiads/apho/2004/E2.pdf');
INSERT INTO problem_files (problem_id, file_type, url) VALUES (224, 'solution', 'https://cdn.phoxiv.org/olympiads/apho/2004/E2_S.pdf');
INSERT INTO years (id, olympiad_id, year, notes, extra_links) VALUES (87, 'apho', 2003, '[]', '[]');
INSERT INTO year_files (year_id, file_type, url) VALUES (87, 'minutes', 'https://cdn.phoxiv.org/olympiads/apho/2003_min.pdf');
INSERT INTO problems (id, year_id, number, title) VALUES (225, 87, 'T1', 'Satellite''s orbit transfer');
INSERT INTO problem_files (problem_id, file_type, url) VALUES (225, 'problem', 'https://cdn.phoxiv.org/olympiads/apho/2003/T1.pdf');
INSERT INTO problem_files (problem_id, file_type, url) VALUES (225, 'solution', 'https://cdn.phoxiv.org/olympiads/apho/2003/T1_S.pdf');
INSERT INTO problems (id, year_id, number, title) VALUES (226, 87, 'T2', 'Optical Gyroscope');
INSERT INTO problem_files (problem_id, file_type, url) VALUES (226, 'problem', 'https://cdn.phoxiv.org/olympiads/apho/2003/T2.pdf');
INSERT INTO problem_files (problem_id, file_type, url) VALUES (226, 'solution', 'https://cdn.phoxiv.org/olympiads/apho/2003/T2_S.pdf');
INSERT INTO problems (id, year_id, number, title) VALUES (227, 87, 'T3', 'Plasma Lens');
INSERT INTO problem_files (problem_id, file_type, url) VALUES (227, 'problem', 'https://cdn.phoxiv.org/olympiads/apho/2003/T3.pdf');
INSERT INTO problem_files (problem_id, file_type, url) VALUES (227, 'solution', 'https://cdn.phoxiv.org/olympiads/apho/2003/T3_S.pdf');
INSERT INTO problems (id, year_id, number, title) VALUES (228, 87, 'E1', 'Determination of Capacitance');
INSERT INTO problem_files (problem_id, file_type, url) VALUES (228, 'problem', 'https://cdn.phoxiv.org/olympiads/apho/2003/E1.pdf');
INSERT INTO problem_files (problem_id, file_type, url) VALUES (228, 'solution', 'https://cdn.phoxiv.org/olympiads/apho/2003/E1_S.pdf');
INSERT INTO problems (id, year_id, number, title) VALUES (229, 87, 'E2', 'Cylindrical Bore');
INSERT INTO problem_files (problem_id, file_type, url) VALUES (229, 'problem', 'https://cdn.phoxiv.org/olympiads/apho/2003/E2.pdf');
INSERT INTO problem_files (problem_id, file_type, url) VALUES (229, 'solution', 'https://cdn.phoxiv.org/olympiads/apho/2003/E2_S.pdf');
INSERT INTO years (id, olympiad_id, year, notes, extra_links) VALUES (88, 'apho', 2002, '[]', '[]');
INSERT INTO year_files (year_id, file_type, url) VALUES (88, 'theory', 'https://cdn.phoxiv.org/olympiads/apho/2002_T.pdf');
INSERT INTO year_files (year_id, file_type, url) VALUES (88, 'theorySolutions', 'https://cdn.phoxiv.org/olympiads/apho/2002_T_S.pdf');
INSERT INTO year_files (year_id, file_type, url) VALUES (88, 'minutes', 'https://cdn.phoxiv.org/olympiads/apho/2002_min.pdf');
INSERT INTO problems (id, year_id, number, title) VALUES (230, 88, 'E1', NULL);
INSERT INTO problem_files (problem_id, file_type, url) VALUES (230, 'problem', 'https://cdn.phoxiv.org/olympiads/apho/2002/E1.pdf');
INSERT INTO problem_files (problem_id, file_type, url) VALUES (230, 'answerSheet', 'https://cdn.phoxiv.org/olympiads/apho/2002/E1_A.pdf');
INSERT INTO problems (id, year_id, number, title) VALUES (231, 88, 'E2', NULL);
INSERT INTO problem_files (problem_id, file_type, url) VALUES (231, 'problem', 'https://cdn.phoxiv.org/olympiads/apho/2002/E2.pdf');
INSERT INTO problem_files (problem_id, file_type, url) VALUES (231, 'solution', 'https://cdn.phoxiv.org/olympiads/apho/2002/E2_S.pdf');
INSERT INTO years (id, olympiad_id, year, notes, extra_links) VALUES (89, 'apho', 2001, '[]', '[]');
INSERT INTO year_files (year_id, file_type, url) VALUES (89, 'minutes', 'https://cdn.phoxiv.org/olympiads/apho/2001_min.pdf');
INSERT INTO problems (id, year_id, number, title) VALUES (232, 89, 'T1', 'When will the Moon become a Synchronous Satellite?');
INSERT INTO problem_files (problem_id, file_type, url) VALUES (232, 'problem', 'https://cdn.phoxiv.org/olympiads/apho/2001/T1.pdf');
INSERT INTO problem_files (problem_id, file_type, url) VALUES (232, 'solution', 'https://cdn.phoxiv.org/olympiads/apho/2001/T1_S.pdf');
INSERT INTO problem_files (problem_id, file_type, url) VALUES (232, 'answerSheet', 'https://cdn.phoxiv.org/olympiads/apho/2001/T1_A.pdf');
INSERT INTO problem_files (problem_id, file_type, url) VALUES (232, 'markingScheme', 'https://cdn.phoxiv.org/olympiads/apho/2001/T1_M.pdf');
INSERT INTO problems (id, year_id, number, title) VALUES (233, 89, 'T2', 'Motion of an Electric Dipole in a Magnetic Field');
INSERT INTO problem_files (problem_id, file_type, url) VALUES (233, 'problem', 'https://cdn.phoxiv.org/olympiads/apho/2001/T2.pdf');
INSERT INTO problem_files (problem_id, file_type, url) VALUES (233, 'solution', 'https://cdn.phoxiv.org/olympiads/apho/2001/T2_S.pdf');
INSERT INTO problem_files (problem_id, file_type, url) VALUES (233, 'answerSheet', 'https://cdn.phoxiv.org/olympiads/apho/2001/T2_A.pdf');
INSERT INTO problem_files (problem_id, file_type, url) VALUES (233, 'markingScheme', 'https://cdn.phoxiv.org/olympiads/apho/2001/T2_M.pdf');
INSERT INTO problems (id, year_id, number, title) VALUES (234, 89, 'T3', 'Thermal Vibrations of Surface Atoms');
INSERT INTO problem_files (problem_id, file_type, url) VALUES (234, 'problem', 'https://cdn.phoxiv.org/olympiads/apho/2001/T3.pdf');
INSERT INTO problem_files (problem_id, file_type, url) VALUES (234, 'solution', 'https://cdn.phoxiv.org/olympiads/apho/2001/T3_S.pdf');
INSERT INTO problem_files (problem_id, file_type, url) VALUES (234, 'answerSheet', 'https://cdn.phoxiv.org/olympiads/apho/2001/T3_A.pdf');
INSERT INTO problem_files (problem_id, file_type, url) VALUES (234, 'markingScheme', 'https://cdn.phoxiv.org/olympiads/apho/2001/T3_M.pdf');
INSERT INTO problems (id, year_id, number, title) VALUES (235, 89, 'E1', 'Characteristics of Solar Cells');
INSERT INTO problem_files (problem_id, file_type, url) VALUES (235, 'problem', 'https://cdn.phoxiv.org/olympiads/apho/2001/E1.pdf');
INSERT INTO problem_files (problem_id, file_type, url) VALUES (235, 'solution', 'https://cdn.phoxiv.org/olympiads/apho/2001/E1_S.pdf');
INSERT INTO problem_files (problem_id, file_type, url) VALUES (235, 'markingScheme', 'https://cdn.phoxiv.org/olympiads/apho/2001/E1_M.pdf');
INSERT INTO years (id, olympiad_id, year, notes, extra_links) VALUES (90, 'apho', 2000, '[]', '[]');
INSERT INTO year_files (year_id, file_type, url) VALUES (90, 'theory', 'https://cdn.phoxiv.org/olympiads/apho/2000_T.pdf');
INSERT INTO year_files (year_id, file_type, url) VALUES (90, 'experiment', 'https://cdn.phoxiv.org/olympiads/apho/2000_E.pdf');
INSERT INTO year_files (year_id, file_type, url) VALUES (90, 'theorySolutions', 'https://cdn.phoxiv.org/olympiads/apho/2000_T_S.pdf');
INSERT INTO year_files (year_id, file_type, url) VALUES (90, 'experimentSolutions', 'https://cdn.phoxiv.org/olympiads/apho/2000_E_S.pdf');
INSERT INTO year_files (year_id, file_type, url) VALUES (90, 'minutes', 'https://cdn.phoxiv.org/olympiads/apho/2000_min.pdf');
INSERT INTO years (id, olympiad_id, year, notes, extra_links) VALUES (91, 'nbpho', 2025, '[]', '[]');
INSERT INTO year_files (year_id, file_type, url) VALUES (91, 'problems', 'https://cdn.phoxiv.org/olympiads/nbpho/2025.pdf');
INSERT INTO year_files (year_id, file_type, url) VALUES (91, 'solutions', 'https://cdn.phoxiv.org/olympiads/nbpho/2025_S.pdf');
INSERT INTO year_files (year_id, file_type, url) VALUES (91, 'results', 'https://cdn.phoxiv.org/olympiads/nbpho/2025_R.pdf');
INSERT INTO years (id, olympiad_id, year, notes, extra_links) VALUES (92, 'nbpho', 2024, '[]', '[]');
INSERT INTO year_files (year_id, file_type, url) VALUES (92, 'problems', 'https://cdn.phoxiv.org/olympiads/nbpho/2024.pdf');
INSERT INTO year_files (year_id, file_type, url) VALUES (92, 'solutions', 'https://cdn.phoxiv.org/olympiads/nbpho/2024_S.pdf');
INSERT INTO year_files (year_id, file_type, url) VALUES (92, 'results', 'https://cdn.phoxiv.org/olympiads/nbpho/2024_R.pdf');
INSERT INTO years (id, olympiad_id, year, notes, extra_links) VALUES (93, 'nbpho', 2023, '[]', '[]');
INSERT INTO year_files (year_id, file_type, url) VALUES (93, 'problems', 'https://cdn.phoxiv.org/olympiads/nbpho/2023.pdf');
INSERT INTO year_files (year_id, file_type, url) VALUES (93, 'solutions', 'https://cdn.phoxiv.org/olympiads/nbpho/2023_S.pdf');
INSERT INTO year_files (year_id, file_type, url) VALUES (93, 'results', 'https://cdn.phoxiv.org/olympiads/nbpho/2023_R.pdf');
INSERT INTO years (id, olympiad_id, year, notes, extra_links) VALUES (94, 'nbpho', 2022, '[]', '[]');
INSERT INTO year_files (year_id, file_type, url) VALUES (94, 'problems', 'https://cdn.phoxiv.org/olympiads/nbpho/2022.pdf');
INSERT INTO year_files (year_id, file_type, url) VALUES (94, 'solutions', 'https://cdn.phoxiv.org/olympiads/nbpho/2022_S.pdf');
INSERT INTO year_files (year_id, file_type, url) VALUES (94, 'results', 'https://cdn.phoxiv.org/olympiads/nbpho/2022_R.pdf');
INSERT INTO years (id, olympiad_id, year, notes, extra_links) VALUES (95, 'nbpho', 2021, '[]', '[]');
INSERT INTO year_files (year_id, file_type, url) VALUES (95, 'problems', 'https://cdn.phoxiv.org/olympiads/nbpho/2021.pdf');
INSERT INTO year_files (year_id, file_type, url) VALUES (95, 'solutions', 'https://cdn.phoxiv.org/olympiads/nbpho/2021_S.pdf');
INSERT INTO year_files (year_id, file_type, url) VALUES (95, 'results', 'https://cdn.phoxiv.org/olympiads/nbpho/2021_R.pdf');
INSERT INTO years (id, olympiad_id, year, notes, extra_links) VALUES (96, 'nbpho', 2020, '[]', '[]');
INSERT INTO year_files (year_id, file_type, url) VALUES (96, 'problems', 'https://cdn.phoxiv.org/olympiads/nbpho/2020.pdf');
INSERT INTO year_files (year_id, file_type, url) VALUES (96, 'solutions', 'https://cdn.phoxiv.org/olympiads/nbpho/2020_S.pdf');
INSERT INTO year_files (year_id, file_type, url) VALUES (96, 'results', 'https://cdn.phoxiv.org/olympiads/nbpho/2020_R.pdf');
INSERT INTO years (id, olympiad_id, year, notes, extra_links) VALUES (97, 'nbpho', 2019, '[]', '[]');
INSERT INTO year_files (year_id, file_type, url) VALUES (97, 'problems', 'https://cdn.phoxiv.org/olympiads/nbpho/2019.pdf');
INSERT INTO year_files (year_id, file_type, url) VALUES (97, 'solutions', 'https://cdn.phoxiv.org/olympiads/nbpho/2019_S.pdf');
INSERT INTO year_files (year_id, file_type, url) VALUES (97, 'results', 'https://cdn.phoxiv.org/olympiads/nbpho/2019_R.pdf');
INSERT INTO years (id, olympiad_id, year, notes, extra_links) VALUES (98, 'nbpho', 2018, '[]', '[]');
INSERT INTO year_files (year_id, file_type, url) VALUES (98, 'problems', 'https://cdn.phoxiv.org/olympiads/nbpho/2018.pdf');
INSERT INTO year_files (year_id, file_type, url) VALUES (98, 'solutions', 'https://cdn.phoxiv.org/olympiads/nbpho/2018_S.pdf');
INSERT INTO year_files (year_id, file_type, url) VALUES (98, 'results', 'https://cdn.phoxiv.org/olympiads/nbpho/2018_R.pdf');
INSERT INTO years (id, olympiad_id, year, notes, extra_links) VALUES (99, 'nbpho', 2017, '[]', '[]');
INSERT INTO year_files (year_id, file_type, url) VALUES (99, 'problems', 'https://cdn.phoxiv.org/olympiads/nbpho/2017.pdf');
INSERT INTO year_files (year_id, file_type, url) VALUES (99, 'solutions', 'https://cdn.phoxiv.org/olympiads/nbpho/2017_S.pdf');
INSERT INTO year_files (year_id, file_type, url) VALUES (99, 'results', 'https://cdn.phoxiv.org/olympiads/nbpho/2017_R.pdf');
INSERT INTO years (id, olympiad_id, year, notes, extra_links) VALUES (100, 'nbpho', 2016, '[]', '[]');
INSERT INTO year_files (year_id, file_type, url) VALUES (100, 'problems', 'https://cdn.phoxiv.org/olympiads/nbpho/2016.pdf');
INSERT INTO year_files (year_id, file_type, url) VALUES (100, 'solutions', 'https://cdn.phoxiv.org/olympiads/nbpho/2016_S.pdf');
INSERT INTO year_files (year_id, file_type, url) VALUES (100, 'results', 'https://cdn.phoxiv.org/olympiads/nbpho/2016_R.pdf');
INSERT INTO years (id, olympiad_id, year, notes, extra_links) VALUES (101, 'nbpho', 2015, '[]', '[]');
INSERT INTO year_files (year_id, file_type, url) VALUES (101, 'problems', 'https://cdn.phoxiv.org/olympiads/nbpho/2015.pdf');
INSERT INTO year_files (year_id, file_type, url) VALUES (101, 'solutions', 'https://cdn.phoxiv.org/olympiads/nbpho/2015_S.pdf');
INSERT INTO year_files (year_id, file_type, url) VALUES (101, 'results', 'https://cdn.phoxiv.org/olympiads/nbpho/2015_R.pdf');
INSERT INTO years (id, olympiad_id, year, notes, extra_links) VALUES (102, 'nbpho', 2014, '[]', '[]');
INSERT INTO year_files (year_id, file_type, url) VALUES (102, 'problems', 'https://cdn.phoxiv.org/olympiads/nbpho/2014.pdf');
INSERT INTO year_files (year_id, file_type, url) VALUES (102, 'solutions', 'https://cdn.phoxiv.org/olympiads/nbpho/2014_S.pdf');
INSERT INTO year_files (year_id, file_type, url) VALUES (102, 'results', 'https://cdn.phoxiv.org/olympiads/nbpho/2014_R.pdf');
INSERT INTO years (id, olympiad_id, year, notes, extra_links) VALUES (103, 'nbpho', 2013, '[]', '[]');
INSERT INTO year_files (year_id, file_type, url) VALUES (103, 'problems', 'https://cdn.phoxiv.org/olympiads/nbpho/2013.pdf');
INSERT INTO year_files (year_id, file_type, url) VALUES (103, 'solutions', 'https://cdn.phoxiv.org/olympiads/nbpho/2013_S.pdf');
INSERT INTO year_files (year_id, file_type, url) VALUES (103, 'results', 'https://cdn.phoxiv.org/olympiads/nbpho/2013_R.pdf');
INSERT INTO years (id, olympiad_id, year, notes, extra_links) VALUES (104, 'nbpho', 2012, '[]', '[]');
INSERT INTO year_files (year_id, file_type, url) VALUES (104, 'problems', 'https://cdn.phoxiv.org/olympiads/nbpho/2012.pdf');
INSERT INTO year_files (year_id, file_type, url) VALUES (104, 'solutions', 'https://cdn.phoxiv.org/olympiads/nbpho/2012_S.pdf');
INSERT INTO year_files (year_id, file_type, url) VALUES (104, 'results', 'https://cdn.phoxiv.org/olympiads/nbpho/2012_R.pdf');
INSERT INTO years (id, olympiad_id, year, notes, extra_links) VALUES (105, 'nbpho', 2011, '[]', '[]');
INSERT INTO year_files (year_id, file_type, url) VALUES (105, 'problems', 'https://cdn.phoxiv.org/olympiads/nbpho/2011.pdf');
INSERT INTO year_files (year_id, file_type, url) VALUES (105, 'solutions', 'https://cdn.phoxiv.org/olympiads/nbpho/2011_S.pdf');
INSERT INTO year_files (year_id, file_type, url) VALUES (105, 'results', 'https://cdn.phoxiv.org/olympiads/nbpho/2011_R.pdf');
INSERT INTO years (id, olympiad_id, year, notes, extra_links) VALUES (106, 'nbpho', 2010, '[]', '[]');
INSERT INTO year_files (year_id, file_type, url) VALUES (106, 'problems', 'https://cdn.phoxiv.org/olympiads/nbpho/2010.pdf');
INSERT INTO year_files (year_id, file_type, url) VALUES (106, 'solutions', 'https://cdn.phoxiv.org/olympiads/nbpho/2010_S.pdf');
INSERT INTO year_files (year_id, file_type, url) VALUES (106, 'results', 'https://cdn.phoxiv.org/olympiads/nbpho/2010_R.pdf');
INSERT INTO years (id, olympiad_id, year, notes, extra_links) VALUES (107, 'nbpho', 2009, '[]', '[]');
INSERT INTO year_files (year_id, file_type, url) VALUES (107, 'problems', 'https://cdn.phoxiv.org/olympiads/nbpho/2009.pdf');
INSERT INTO year_files (year_id, file_type, url) VALUES (107, 'solutions', 'https://cdn.phoxiv.org/olympiads/nbpho/2009_S.pdf');
INSERT INTO year_files (year_id, file_type, url) VALUES (107, 'results', 'https://cdn.phoxiv.org/olympiads/nbpho/2009_R.pdf');
INSERT INTO years (id, olympiad_id, year, notes, extra_links) VALUES (108, 'nbpho', 2008, '[]', '[]');
INSERT INTO year_files (year_id, file_type, url) VALUES (108, 'problems', 'https://cdn.phoxiv.org/olympiads/nbpho/2008.pdf');
INSERT INTO year_files (year_id, file_type, url) VALUES (108, 'solutions', 'https://cdn.phoxiv.org/olympiads/nbpho/2008_S.pdf');
INSERT INTO year_files (year_id, file_type, url) VALUES (108, 'results', 'https://cdn.phoxiv.org/olympiads/nbpho/2008_R.pdf');
INSERT INTO years (id, olympiad_id, year, notes, extra_links) VALUES (109, 'nbpho', 2007, '[]', '[]');
INSERT INTO year_files (year_id, file_type, url) VALUES (109, 'problems', 'https://cdn.phoxiv.org/olympiads/nbpho/2007.pdf');
INSERT INTO year_files (year_id, file_type, url) VALUES (109, 'solutions', 'https://cdn.phoxiv.org/olympiads/nbpho/2007_S.pdf');
INSERT INTO year_files (year_id, file_type, url) VALUES (109, 'results', 'https://cdn.phoxiv.org/olympiads/nbpho/2007_R.pdf');
INSERT INTO years (id, olympiad_id, year, notes, extra_links) VALUES (110, 'nbpho', 2006, '[]', '[]');
INSERT INTO year_files (year_id, file_type, url) VALUES (110, 'problems', 'https://cdn.phoxiv.org/olympiads/nbpho/2006.pdf');
INSERT INTO year_files (year_id, file_type, url) VALUES (110, 'solutions', 'https://cdn.phoxiv.org/olympiads/nbpho/2006_S.pdf');
INSERT INTO year_files (year_id, file_type, url) VALUES (110, 'results', 'https://cdn.phoxiv.org/olympiads/nbpho/2006_R.pdf');
INSERT INTO years (id, olympiad_id, year, notes, extra_links) VALUES (111, 'nbpho', 2005, '[]', '[]');
INSERT INTO year_files (year_id, file_type, url) VALUES (111, 'problems', 'https://cdn.phoxiv.org/olympiads/nbpho/2005.pdf');
INSERT INTO year_files (year_id, file_type, url) VALUES (111, 'solutions', 'https://cdn.phoxiv.org/olympiads/nbpho/2005_S.pdf');
INSERT INTO year_files (year_id, file_type, url) VALUES (111, 'results', 'https://cdn.phoxiv.org/olympiads/nbpho/2005_R.pdf');
INSERT INTO years (id, olympiad_id, year, notes, extra_links) VALUES (112, 'nbpho', 2004, '[]', '[]');
INSERT INTO year_files (year_id, file_type, url) VALUES (112, 'problems', 'https://cdn.phoxiv.org/olympiads/nbpho/2004.pdf');
INSERT INTO year_files (year_id, file_type, url) VALUES (112, 'solutions', 'https://cdn.phoxiv.org/olympiads/nbpho/2004_S.pdf');
INSERT INTO year_files (year_id, file_type, url) VALUES (112, 'results', 'https://cdn.phoxiv.org/olympiads/nbpho/2004_R.pdf');
INSERT INTO years (id, olympiad_id, year, notes, extra_links) VALUES (113, 'nbpho', 2003, '[]', '[]');
INSERT INTO year_files (year_id, file_type, url) VALUES (113, 'problems', 'https://cdn.phoxiv.org/olympiads/nbpho/2003.pdf');
INSERT INTO year_files (year_id, file_type, url) VALUES (113, 'solutions', 'https://cdn.phoxiv.org/olympiads/nbpho/2003_S.pdf');
INSERT INTO year_files (year_id, file_type, url) VALUES (113, 'results', 'https://cdn.phoxiv.org/olympiads/nbpho/2003_R.pdf');
INSERT INTO years (id, olympiad_id, year, notes, extra_links) VALUES (114, 'usapho', 2025, '[]', '[]');
INSERT INTO year_files (year_id, file_type, url) VALUES (114, 'problems', 'https://cdn.phoxiv.org/olympiads/usapho/2025.pdf');
INSERT INTO year_files (year_id, file_type, url) VALUES (114, 'solutions', 'https://cdn.phoxiv.org/olympiads/usapho/2025_S.pdf');
INSERT INTO years (id, olympiad_id, year, notes, extra_links) VALUES (115, 'usapho', 2024, '[]', '[]');
INSERT INTO year_files (year_id, file_type, url) VALUES (115, 'problems', 'https://cdn.phoxiv.org/olympiads/usapho/2024.pdf');
INSERT INTO year_files (year_id, file_type, url) VALUES (115, 'solutions', 'https://cdn.phoxiv.org/olympiads/usapho/2024_S.pdf');
INSERT INTO years (id, olympiad_id, year, notes, extra_links) VALUES (116, 'usapho', 2023, '[]', '[]');
INSERT INTO year_files (year_id, file_type, url) VALUES (116, 'problems', 'https://cdn.phoxiv.org/olympiads/usapho/2023.pdf');
INSERT INTO year_files (year_id, file_type, url) VALUES (116, 'solutions', 'https://cdn.phoxiv.org/olympiads/usapho/2023_S.pdf');
INSERT INTO years (id, olympiad_id, year, notes, extra_links) VALUES (117, 'usapho', 2022, '[]', '[]');
INSERT INTO year_files (year_id, file_type, url) VALUES (117, 'problems', 'https://cdn.phoxiv.org/olympiads/usapho/2022.pdf');
INSERT INTO year_files (year_id, file_type, url) VALUES (117, 'solutions', 'https://cdn.phoxiv.org/olympiads/usapho/2022_S.pdf');
INSERT INTO years (id, olympiad_id, year, notes, extra_links) VALUES (118, 'usapho', 2021, '[]', '[]');
INSERT INTO year_files (year_id, file_type, url) VALUES (118, 'problems', 'https://cdn.phoxiv.org/olympiads/usapho/2021.pdf');
INSERT INTO year_files (year_id, file_type, url) VALUES (118, 'solutions', 'https://cdn.phoxiv.org/olympiads/usapho/2021_S.pdf');
INSERT INTO years (id, olympiad_id, year, notes, extra_links) VALUES (119, 'usapho', 2020, '[]', '[]');
INSERT INTO year_files (year_id, file_type, url) VALUES (119, 'problems', 'https://cdn.phoxiv.org/olympiads/usapho/2020.pdf');
INSERT INTO year_files (year_id, file_type, url) VALUES (119, 'solutions', 'https://cdn.phoxiv.org/olympiads/usapho/2020_S.pdf');
INSERT INTO years (id, olympiad_id, year, notes, extra_links) VALUES (120, 'usapho', 2019, '[]', '[]');
INSERT INTO year_files (year_id, file_type, url) VALUES (120, 'problems', 'https://cdn.phoxiv.org/olympiads/usapho/2019.pdf');
INSERT INTO year_files (year_id, file_type, url) VALUES (120, 'solutions', 'https://cdn.phoxiv.org/olympiads/usapho/2019_S.pdf');
INSERT INTO years (id, olympiad_id, year, notes, extra_links) VALUES (121, 'usapho', 2018, '[]', '[]');
INSERT INTO year_files (year_id, file_type, url) VALUES (121, 'problems', 'https://cdn.phoxiv.org/olympiads/usapho/2018.pdf');
INSERT INTO year_files (year_id, file_type, url) VALUES (121, 'solutions', 'https://cdn.phoxiv.org/olympiads/usapho/2018_S.pdf');
INSERT INTO years (id, olympiad_id, year, notes, extra_links) VALUES (122, 'usapho', 2017, '[]', '[]');
INSERT INTO year_files (year_id, file_type, url) VALUES (122, 'problems', 'https://cdn.phoxiv.org/olympiads/usapho/2017.pdf');
INSERT INTO year_files (year_id, file_type, url) VALUES (122, 'solutions', 'https://cdn.phoxiv.org/olympiads/usapho/2017_S.pdf');
INSERT INTO years (id, olympiad_id, year, notes, extra_links) VALUES (123, 'usapho', 2016, '[]', '[]');
INSERT INTO year_files (year_id, file_type, url) VALUES (123, 'problems', 'https://cdn.phoxiv.org/olympiads/usapho/2016.pdf');
INSERT INTO year_files (year_id, file_type, url) VALUES (123, 'solutions', 'https://cdn.phoxiv.org/olympiads/usapho/2016_S.pdf');
INSERT INTO years (id, olympiad_id, year, notes, extra_links) VALUES (124, 'usapho', 2015, '[]', '[]');
INSERT INTO year_files (year_id, file_type, url) VALUES (124, 'problems', 'https://cdn.phoxiv.org/olympiads/usapho/2015.pdf');
INSERT INTO year_files (year_id, file_type, url) VALUES (124, 'solutions', 'https://cdn.phoxiv.org/olympiads/usapho/2015_S.pdf');
INSERT INTO years (id, olympiad_id, year, notes, extra_links) VALUES (125, 'usapho', 2014, '[]', '[]');
INSERT INTO year_files (year_id, file_type, url) VALUES (125, 'problems', 'https://cdn.phoxiv.org/olympiads/usapho/2014.pdf');
INSERT INTO year_files (year_id, file_type, url) VALUES (125, 'solutions', 'https://cdn.phoxiv.org/olympiads/usapho/2014_S.pdf');
INSERT INTO years (id, olympiad_id, year, notes, extra_links) VALUES (126, 'usapho', 2013, '[]', '[]');
INSERT INTO year_files (year_id, file_type, url) VALUES (126, 'problems', 'https://cdn.phoxiv.org/olympiads/usapho/2013.pdf');
INSERT INTO year_files (year_id, file_type, url) VALUES (126, 'solutions', 'https://cdn.phoxiv.org/olympiads/usapho/2013_S.pdf');
INSERT INTO years (id, olympiad_id, year, notes, extra_links) VALUES (127, 'usapho', 2012, '[]', '[]');
INSERT INTO year_files (year_id, file_type, url) VALUES (127, 'problems', 'https://cdn.phoxiv.org/olympiads/usapho/2012.pdf');
INSERT INTO year_files (year_id, file_type, url) VALUES (127, 'solutions', 'https://cdn.phoxiv.org/olympiads/usapho/2012_S.pdf');
INSERT INTO years (id, olympiad_id, year, notes, extra_links) VALUES (128, 'usapho', 2011, '[]', '[]');
INSERT INTO year_files (year_id, file_type, url) VALUES (128, 'problems', 'https://cdn.phoxiv.org/olympiads/usapho/2011.pdf');
INSERT INTO year_files (year_id, file_type, url) VALUES (128, 'solutions', 'https://cdn.phoxiv.org/olympiads/usapho/2011_S.pdf');
INSERT INTO years (id, olympiad_id, year, notes, extra_links) VALUES (129, 'usapho', 2010, '[]', '[]');
INSERT INTO year_files (year_id, file_type, url) VALUES (129, 'problems', 'https://cdn.phoxiv.org/olympiads/usapho/2010.pdf');
INSERT INTO year_files (year_id, file_type, url) VALUES (129, 'solutions', 'https://cdn.phoxiv.org/olympiads/usapho/2010_S.pdf');
INSERT INTO years (id, olympiad_id, year, notes, extra_links) VALUES (130, 'usapho', 2009, '[]', '[]');
INSERT INTO year_files (year_id, file_type, url) VALUES (130, 'problems', 'https://cdn.phoxiv.org/olympiads/usapho/2009.pdf');
INSERT INTO year_files (year_id, file_type, url) VALUES (130, 'solutions', 'https://cdn.phoxiv.org/olympiads/usapho/2009_S.pdf');
INSERT INTO years (id, olympiad_id, year, notes, extra_links) VALUES (131, 'usapho', 2008, '[]', '[]');
INSERT INTO year_files (year_id, file_type, url) VALUES (131, 'problems', 'https://cdn.phoxiv.org/olympiads/usapho/2008.pdf');
INSERT INTO year_files (year_id, file_type, url) VALUES (131, 'solutions', 'https://cdn.phoxiv.org/olympiads/usapho/2008_S.pdf');
INSERT INTO years (id, olympiad_id, year, notes, extra_links) VALUES (132, 'usapho', 2007, '[]', '[]');
INSERT INTO year_files (year_id, file_type, url) VALUES (132, 'problems', 'https://cdn.phoxiv.org/olympiads/usapho/2007.pdf');
INSERT INTO year_files (year_id, file_type, url) VALUES (132, 'solutions', 'https://cdn.phoxiv.org/olympiads/usapho/2007_S.pdf');
INSERT INTO years (id, olympiad_id, year, notes, extra_links) VALUES (133, 'usapho', 2006, '[]', '[]');
INSERT INTO year_files (year_id, file_type, url) VALUES (133, 'problems', 'https://cdn.phoxiv.org/olympiads/usapho/2006.pdf');
INSERT INTO year_files (year_id, file_type, url) VALUES (133, 'solutions', 'https://cdn.phoxiv.org/olympiads/usapho/2006_S.pdf');
INSERT INTO years (id, olympiad_id, year, notes, extra_links) VALUES (134, 'usapho', 2005, '[]', '[]');
INSERT INTO year_files (year_id, file_type, url) VALUES (134, 'problems', 'https://cdn.phoxiv.org/olympiads/usapho/2005.pdf');
INSERT INTO year_files (year_id, file_type, url) VALUES (134, 'solutions', 'https://cdn.phoxiv.org/olympiads/usapho/2005_S.pdf');
INSERT INTO years (id, olympiad_id, year, notes, extra_links) VALUES (135, 'usapho', 2004, '[]', '[]');
INSERT INTO year_files (year_id, file_type, url) VALUES (135, 'problems', 'https://cdn.phoxiv.org/olympiads/usapho/2004.pdf');
INSERT INTO year_files (year_id, file_type, url) VALUES (135, 'solutions', 'https://cdn.phoxiv.org/olympiads/usapho/2004_S.pdf');
INSERT INTO years (id, olympiad_id, year, notes, extra_links) VALUES (136, 'usapho', 2003, '[]', '[]');
INSERT INTO year_files (year_id, file_type, url) VALUES (136, 'problems', 'https://cdn.phoxiv.org/olympiads/usapho/2003.pdf');
INSERT INTO year_files (year_id, file_type, url) VALUES (136, 'solutions', 'https://cdn.phoxiv.org/olympiads/usapho/2003_S.pdf');
INSERT INTO years (id, olympiad_id, year, notes, extra_links) VALUES (137, 'usapho', 2002, '[]', '[]');
INSERT INTO year_files (year_id, file_type, url) VALUES (137, 'problems', 'https://cdn.phoxiv.org/olympiads/usapho/2002.pdf');
INSERT INTO year_files (year_id, file_type, url) VALUES (137, 'solutions', 'https://cdn.phoxiv.org/olympiads/usapho/2002_S.pdf');
INSERT INTO years (id, olympiad_id, year, notes, extra_links) VALUES (138, 'usapho', 2001, '[]', '[]');
INSERT INTO year_files (year_id, file_type, url) VALUES (138, 'problems', 'https://cdn.phoxiv.org/olympiads/usapho/2001.pdf');
INSERT INTO year_files (year_id, file_type, url) VALUES (138, 'solutions', 'https://cdn.phoxiv.org/olympiads/usapho/2001_S.pdf');
INSERT INTO years (id, olympiad_id, year, notes, extra_links) VALUES (139, 'usapho', 2000, '[]', '[]');
INSERT INTO year_files (year_id, file_type, url) VALUES (139, 'problems', 'https://cdn.phoxiv.org/olympiads/usapho/2000.pdf');
INSERT INTO year_files (year_id, file_type, url) VALUES (139, 'solutions', 'https://cdn.phoxiv.org/olympiads/usapho/2000_S.pdf');
INSERT INTO years (id, olympiad_id, year, notes, extra_links) VALUES (140, 'usapho', 1999, '[]', '[]');
INSERT INTO year_files (year_id, file_type, url) VALUES (140, 'problems', 'https://cdn.phoxiv.org/olympiads/usapho/1999.pdf');
INSERT INTO year_files (year_id, file_type, url) VALUES (140, 'solutions', 'https://cdn.phoxiv.org/olympiads/usapho/1999_S.pdf');
INSERT INTO years (id, olympiad_id, year, notes, extra_links) VALUES (141, 'usapho', 1998, '[]', '[]');
INSERT INTO year_files (year_id, file_type, url) VALUES (141, 'problems', 'https://cdn.phoxiv.org/olympiads/usapho/1998.pdf');
INSERT INTO year_files (year_id, file_type, url) VALUES (141, 'solutions', 'https://cdn.phoxiv.org/olympiads/usapho/1998_S.pdf');
INSERT INTO years (id, olympiad_id, year, notes, extra_links) VALUES (142, 'usapho', 1997, '[]', '[]');
INSERT INTO year_files (year_id, file_type, url) VALUES (142, 'problems', 'https://cdn.phoxiv.org/olympiads/usapho/1997.pdf');
INSERT INTO year_files (year_id, file_type, url) VALUES (142, 'solutions', 'https://cdn.phoxiv.org/olympiads/usapho/1997_S.pdf');
INSERT INTO years (id, olympiad_id, year, notes, extra_links) VALUES (143, 'usatst', 2022, '[]', '[]');
INSERT INTO year_files (year_id, file_type, url) VALUES (143, 'theory', 'https://cdn.phoxiv.org/olympiads/usatst/2022_T.pdf');
INSERT INTO year_files (year_id, file_type, url) VALUES (143, 'experiment', 'https://cdn.phoxiv.org/olympiads/usatst/2022_E.pdf');
INSERT INTO year_files (year_id, file_type, url) VALUES (143, 'theorySolutions', 'https://cdn.phoxiv.org/olympiads/usatst/2022_T_S.pdf');
INSERT INTO year_files (year_id, file_type, url) VALUES (143, 'experimentSolutions', 'https://cdn.phoxiv.org/olympiads/usatst/2022_E_S.pdf');
INSERT INTO years (id, olympiad_id, year, notes, extra_links) VALUES (144, 'usatst', 2021, '[]', '[]');
INSERT INTO year_files (year_id, file_type, url) VALUES (144, 'theory', 'https://cdn.phoxiv.org/olympiads/usatst/2021_T.pdf');
INSERT INTO year_files (year_id, file_type, url) VALUES (144, 'theorySolutions', 'https://cdn.phoxiv.org/olympiads/usatst/2021_T_S.pdf');
INSERT INTO years (id, olympiad_id, year, notes, extra_links) VALUES (145, 'eotvos', 2025, '[]', '[{"label":"Solutions","url":"https://www.komal.hu/oldal?lap=EotvosVerseny2025beszamolo"}]');
INSERT INTO year_files (year_id, file_type, url) VALUES (145, 'problems', 'https://cdn.phoxiv.org/olympiads/eotvos/2025.pdf');
INSERT INTO years (id, olympiad_id, year, notes, extra_links) VALUES (146, 'eotvos', 2024, '[]', '[]');
INSERT INTO year_files (year_id, file_type, url) VALUES (146, 'problems', 'https://cdn.phoxiv.org/olympiads/eotvos/2024.pdf');
INSERT INTO year_files (year_id, file_type, url) VALUES (146, 'solutions', 'https://cdn.phoxiv.org/olympiads/eotvos/2024_S.pdf');
INSERT INTO years (id, olympiad_id, year, notes, extra_links) VALUES (147, 'eotvos', 2023, '[]', '[]');
INSERT INTO year_files (year_id, file_type, url) VALUES (147, 'problems', 'https://cdn.phoxiv.org/olympiads/eotvos/2023.pdf');
INSERT INTO year_files (year_id, file_type, url) VALUES (147, 'solutions', 'https://cdn.phoxiv.org/olympiads/eotvos/2023_S.pdf');
INSERT INTO years (id, olympiad_id, year, notes, extra_links) VALUES (148, 'eotvos', 2022, '[]', '[]');
INSERT INTO year_files (year_id, file_type, url) VALUES (148, 'problems', 'https://cdn.phoxiv.org/olympiads/eotvos/2022.pdf');
INSERT INTO year_files (year_id, file_type, url) VALUES (148, 'solutions', 'https://cdn.phoxiv.org/olympiads/eotvos/2022_S.pdf');
INSERT INTO years (id, olympiad_id, year, notes, extra_links) VALUES (149, 'eotvos', 2021, '[]', '[]');
INSERT INTO year_files (year_id, file_type, url) VALUES (149, 'problems', 'https://cdn.phoxiv.org/olympiads/eotvos/2021.pdf');
INSERT INTO year_files (year_id, file_type, url) VALUES (149, 'solutions', 'https://cdn.phoxiv.org/olympiads/eotvos/2021_S.pdf');
INSERT INTO years (id, olympiad_id, year, notes, extra_links) VALUES (150, 'eotvos', 2020, '[]', '[]');
INSERT INTO year_files (year_id, file_type, url) VALUES (150, 'problems', 'https://cdn.phoxiv.org/olympiads/eotvos/2020.pdf');
INSERT INTO year_files (year_id, file_type, url) VALUES (150, 'solutions', 'https://cdn.phoxiv.org/olympiads/eotvos/2020_S.pdf');
INSERT INTO years (id, olympiad_id, year, notes, extra_links) VALUES (151, 'eotvos', 2019, '[]', '[]');
INSERT INTO year_files (year_id, file_type, url) VALUES (151, 'problems', 'https://cdn.phoxiv.org/olympiads/eotvos/2019.pdf');
INSERT INTO year_files (year_id, file_type, url) VALUES (151, 'problemsEn', 'https://cdn.phoxiv.org/olympiads/eotvos/2019_EN.pdf');
INSERT INTO year_files (year_id, file_type, url) VALUES (151, 'solutions', 'https://cdn.phoxiv.org/olympiads/eotvos/2019_S.pdf');
INSERT INTO years (id, olympiad_id, year, notes, extra_links) VALUES (152, 'eotvos', 2018, '[]', '[]');
INSERT INTO year_files (year_id, file_type, url) VALUES (152, 'problems', 'https://cdn.phoxiv.org/olympiads/eotvos/2018.pdf');
INSERT INTO year_files (year_id, file_type, url) VALUES (152, 'problemsEn', 'https://cdn.phoxiv.org/olympiads/eotvos/2018_EN.pdf');
INSERT INTO year_files (year_id, file_type, url) VALUES (152, 'solutions', 'https://cdn.phoxiv.org/olympiads/eotvos/2018_S.pdf');
INSERT INTO years (id, olympiad_id, year, notes, extra_links) VALUES (153, 'eotvos', 2017, '[]', '[]');
INSERT INTO year_files (year_id, file_type, url) VALUES (153, 'problems', 'https://cdn.phoxiv.org/olympiads/eotvos/2017.pdf');
INSERT INTO year_files (year_id, file_type, url) VALUES (153, 'solutions', 'https://cdn.phoxiv.org/olympiads/eotvos/2017_S.pdf');
INSERT INTO years (id, olympiad_id, year, notes, extra_links) VALUES (154, 'eotvos', 2016, '[]', '[]');
INSERT INTO year_files (year_id, file_type, url) VALUES (154, 'problems', 'https://cdn.phoxiv.org/olympiads/eotvos/2016.pdf');
INSERT INTO year_files (year_id, file_type, url) VALUES (154, 'solutions', 'https://cdn.phoxiv.org/olympiads/eotvos/2016_S.pdf');
INSERT INTO years (id, olympiad_id, year, notes, extra_links) VALUES (155, 'eotvos', 2015, '[]', '[]');
INSERT INTO year_files (year_id, file_type, url) VALUES (155, 'problems', 'https://cdn.phoxiv.org/olympiads/eotvos/2015.pdf');
INSERT INTO year_files (year_id, file_type, url) VALUES (155, 'solutions', 'https://cdn.phoxiv.org/olympiads/eotvos/2015_S.pdf');
INSERT INTO years (id, olympiad_id, year, notes, extra_links) VALUES (156, 'eotvos', 2014, '[]', '[]');
INSERT INTO year_files (year_id, file_type, url) VALUES (156, 'problems', 'https://cdn.phoxiv.org/olympiads/eotvos/2014.pdf');
INSERT INTO year_files (year_id, file_type, url) VALUES (156, 'solutions', 'https://cdn.phoxiv.org/olympiads/eotvos/2014_S.pdf');
INSERT INTO years (id, olympiad_id, year, notes, extra_links) VALUES (157, 'eotvos', 2013, '[]', '[]');
INSERT INTO year_files (year_id, file_type, url) VALUES (157, 'problems', 'https://cdn.phoxiv.org/olympiads/eotvos/2013.pdf');
INSERT INTO year_files (year_id, file_type, url) VALUES (157, 'solutions', 'https://cdn.phoxiv.org/olympiads/eotvos/2013_S.pdf');
INSERT INTO years (id, olympiad_id, year, notes, extra_links) VALUES (158, 'eotvos', 2012, '[]', '[]');
INSERT INTO year_files (year_id, file_type, url) VALUES (158, 'solutions', 'https://cdn.phoxiv.org/olympiads/eotvos/2012_S.pdf');
INSERT INTO years (id, olympiad_id, year, notes, extra_links) VALUES (159, 'eotvos', 2011, '[]', '[]');
INSERT INTO year_files (year_id, file_type, url) VALUES (159, 'solutions', 'https://cdn.phoxiv.org/olympiads/eotvos/2011_S.pdf');
INSERT INTO years (id, olympiad_id, year, notes, extra_links) VALUES (160, 'eotvos', 2010, '[]', '[]');
INSERT INTO year_files (year_id, file_type, url) VALUES (160, 'solutions', 'https://cdn.phoxiv.org/olympiads/eotvos/2010_S.pdf');
INSERT INTO years (id, olympiad_id, year, notes, extra_links) VALUES (161, 'eotvos', 2009, '[]', '[]');
INSERT INTO year_files (year_id, file_type, url) VALUES (161, 'solutions', 'https://cdn.phoxiv.org/olympiads/eotvos/2009_S.pdf');
INSERT INTO years (id, olympiad_id, year, notes, extra_links) VALUES (162, 'eotvos', 2008, '[]', '[]');
INSERT INTO year_files (year_id, file_type, url) VALUES (162, 'solutions', 'https://cdn.phoxiv.org/olympiads/eotvos/2008_S.pdf');
INSERT INTO years (id, olympiad_id, year, notes, extra_links) VALUES (163, 'eotvos', 2007, '[]', '[]');
INSERT INTO year_files (year_id, file_type, url) VALUES (163, 'solutions', 'https://cdn.phoxiv.org/olympiads/eotvos/2007_S.pdf');
INSERT INTO years (id, olympiad_id, year, notes, extra_links) VALUES (164, 'eotvos', 2006, '[]', '[]');
INSERT INTO year_files (year_id, file_type, url) VALUES (164, 'solutions', 'https://cdn.phoxiv.org/olympiads/eotvos/2006_S.pdf');
INSERT INTO years (id, olympiad_id, year, notes, extra_links) VALUES (165, 'eotvos', 2005, '[]', '[]');
INSERT INTO year_files (year_id, file_type, url) VALUES (165, 'solutions', 'https://cdn.phoxiv.org/olympiads/eotvos/2005_S.pdf');
INSERT INTO years (id, olympiad_id, year, notes, extra_links) VALUES (166, 'eotvos', 2004, '[]', '[]');
INSERT INTO year_files (year_id, file_type, url) VALUES (166, 'problemsEn', 'https://cdn.phoxiv.org/olympiads/eotvos/2004_EN.pdf');
INSERT INTO year_files (year_id, file_type, url) VALUES (166, 'solutions', 'https://cdn.phoxiv.org/olympiads/eotvos/2004_S.pdf');
INSERT INTO years (id, olympiad_id, year, notes, extra_links) VALUES (167, 'eotvos', 2003, '[]', '[]');
INSERT INTO year_files (year_id, file_type, url) VALUES (167, 'solutions', 'https://cdn.phoxiv.org/olympiads/eotvos/2003_S.pdf');
INSERT INTO years (id, olympiad_id, year, notes, extra_links) VALUES (168, 'eotvos', 2002, '[]', '[]');
INSERT INTO year_files (year_id, file_type, url) VALUES (168, 'solutions', 'https://cdn.phoxiv.org/olympiads/eotvos/2002_S.pdf');
INSERT INTO years (id, olympiad_id, year, notes, extra_links) VALUES (169, 'eotvos', 2001, '[]', '[]');
INSERT INTO year_files (year_id, file_type, url) VALUES (169, 'solutions', 'https://cdn.phoxiv.org/olympiads/eotvos/2001_S.pdf');
INSERT INTO years (id, olympiad_id, year, notes, extra_links) VALUES (170, 'eotvos', 2000, '[]', '[]');
INSERT INTO year_files (year_id, file_type, url) VALUES (170, 'problemsEn', 'https://cdn.phoxiv.org/olympiads/eotvos/2000_EN.pdf');
INSERT INTO year_files (year_id, file_type, url) VALUES (170, 'solutions', 'https://cdn.phoxiv.org/olympiads/eotvos/2000_S.pdf');
INSERT INTO years (id, olympiad_id, year, notes, extra_links) VALUES (171, 'eotvos', 1999, '[]', '[]');
INSERT INTO year_files (year_id, file_type, url) VALUES (171, 'problemsEn', 'https://cdn.phoxiv.org/olympiads/eotvos/1999_EN.pdf');
INSERT INTO year_files (year_id, file_type, url) VALUES (171, 'solutions', 'https://cdn.phoxiv.org/olympiads/eotvos/1999_S.pdf');
INSERT INTO years (id, olympiad_id, year, notes, extra_links) VALUES (172, 'eotvos', 1998, '[]', '[]');
INSERT INTO year_files (year_id, file_type, url) VALUES (172, 'problemsEn', 'https://cdn.phoxiv.org/olympiads/eotvos/1998_EN.pdf');
INSERT INTO year_files (year_id, file_type, url) VALUES (172, 'solutions', 'https://cdn.phoxiv.org/olympiads/eotvos/1998_S.pdf');
INSERT INTO years (id, olympiad_id, year, notes, extra_links) VALUES (173, 'eotvos', 1997, '[]', '[]');
INSERT INTO year_files (year_id, file_type, url) VALUES (173, 'solutions', 'https://cdn.phoxiv.org/olympiads/eotvos/1997_S.pdf');
INSERT INTO years (id, olympiad_id, year, notes, extra_links) VALUES (174, 'eotvos', 1996, '[]', '[]');
INSERT INTO year_files (year_id, file_type, url) VALUES (174, 'problemsEn', 'https://cdn.phoxiv.org/olympiads/eotvos/1996_EN.pdf');
INSERT INTO year_files (year_id, file_type, url) VALUES (174, 'solutions', 'https://cdn.phoxiv.org/olympiads/eotvos/1996_S.pdf');
INSERT INTO years (id, olympiad_id, year, notes, extra_links) VALUES (175, 'eotvos', 1995, '[]', '[]');
INSERT INTO year_files (year_id, file_type, url) VALUES (175, 'solutions', 'https://cdn.phoxiv.org/olympiads/eotvos/1995_S.pdf');
INSERT INTO years (id, olympiad_id, year, notes, extra_links) VALUES (176, 'eotvos', 1994, '[]', '[]');
INSERT INTO year_files (year_id, file_type, url) VALUES (176, 'solutions', 'https://cdn.phoxiv.org/olympiads/eotvos/1994_S.pdf');
INSERT INTO years (id, olympiad_id, year, notes, extra_links) VALUES (177, 'aupho', 2024, '[]', '[]');
INSERT INTO year_files (year_id, file_type, url) VALUES (177, 'problems', 'https://cdn.phoxiv.org/olympiads/aupho/2024.pdf');
INSERT INTO year_files (year_id, file_type, url) VALUES (177, 'solutions', 'https://cdn.phoxiv.org/olympiads/aupho/2024_S.pdf');
INSERT INTO years (id, olympiad_id, year, notes, extra_links) VALUES (178, 'aupho', 2023, '[]', '[]');
INSERT INTO year_files (year_id, file_type, url) VALUES (178, 'problems', 'https://cdn.phoxiv.org/olympiads/aupho/2023.pdf');
INSERT INTO year_files (year_id, file_type, url) VALUES (178, 'solutions', 'https://cdn.phoxiv.org/olympiads/aupho/2023_S.pdf');
INSERT INTO years (id, olympiad_id, year, notes, extra_links) VALUES (179, 'aupho', 2022, '[]', '[]');
INSERT INTO year_files (year_id, file_type, url) VALUES (179, 'problems', 'https://cdn.phoxiv.org/olympiads/aupho/2022.pdf');
INSERT INTO year_files (year_id, file_type, url) VALUES (179, 'solutions', 'https://cdn.phoxiv.org/olympiads/aupho/2022_S.pdf');
INSERT INTO years (id, olympiad_id, year, notes, extra_links) VALUES (180, 'aupho', 2021, '[]', '[]');
INSERT INTO year_files (year_id, file_type, url) VALUES (180, 'problems', 'https://cdn.phoxiv.org/olympiads/aupho/2021.pdf');
INSERT INTO year_files (year_id, file_type, url) VALUES (180, 'solutions', 'https://cdn.phoxiv.org/olympiads/aupho/2021_S.pdf');
INSERT INTO years (id, olympiad_id, year, notes, extra_links) VALUES (181, 'aupho', 2020, '[]', '[]');
INSERT INTO year_files (year_id, file_type, url) VALUES (181, 'problems', 'https://cdn.phoxiv.org/olympiads/aupho/2020.pdf');
INSERT INTO year_files (year_id, file_type, url) VALUES (181, 'solutions', 'https://cdn.phoxiv.org/olympiads/aupho/2020_S.pdf');
INSERT INTO years (id, olympiad_id, year, notes, extra_links) VALUES (182, 'aupho', 2019, '[]', '[]');
INSERT INTO year_files (year_id, file_type, url) VALUES (182, 'problems', 'https://cdn.phoxiv.org/olympiads/aupho/2019.pdf');
INSERT INTO year_files (year_id, file_type, url) VALUES (182, 'solutions', 'https://cdn.phoxiv.org/olympiads/aupho/2019_S.pdf');
INSERT INTO years (id, olympiad_id, year, notes, extra_links) VALUES (183, 'aupho', 2017, '[]', '[]');
INSERT INTO year_files (year_id, file_type, url) VALUES (183, 'problems', 'https://cdn.phoxiv.org/olympiads/aupho/2017.pdf');
INSERT INTO year_files (year_id, file_type, url) VALUES (183, 'solutions', 'https://cdn.phoxiv.org/olympiads/aupho/2017_S.pdf');
INSERT INTO years (id, olympiad_id, year, notes, extra_links) VALUES (184, 'aupho', 2016, '[]', '[]');
INSERT INTO year_files (year_id, file_type, url) VALUES (184, 'problems', 'https://cdn.phoxiv.org/olympiads/aupho/2016.pdf');
INSERT INTO year_files (year_id, file_type, url) VALUES (184, 'solutions', 'https://cdn.phoxiv.org/olympiads/aupho/2016_S.pdf');
INSERT INTO years (id, olympiad_id, year, notes, extra_links) VALUES (185, 'aupho', 2015, '[]', '[]');
INSERT INTO year_files (year_id, file_type, url) VALUES (185, 'problems', 'https://cdn.phoxiv.org/olympiads/aupho/2015.pdf');
INSERT INTO year_files (year_id, file_type, url) VALUES (185, 'solutions', 'https://cdn.phoxiv.org/olympiads/aupho/2015_S.pdf');
INSERT INTO years (id, olympiad_id, year, notes, extra_links) VALUES (186, 'aupho', 2014, '[]', '[]');
INSERT INTO year_files (year_id, file_type, url) VALUES (186, 'problems', 'https://cdn.phoxiv.org/olympiads/aupho/2014.pdf');
INSERT INTO year_files (year_id, file_type, url) VALUES (186, 'solutions', 'https://cdn.phoxiv.org/olympiads/aupho/2014_S.pdf');
INSERT INTO years (id, olympiad_id, year, notes, extra_links) VALUES (187, 'aupho', 2013, '[]', '[]');
INSERT INTO year_files (year_id, file_type, url) VALUES (187, 'problems', 'https://cdn.phoxiv.org/olympiads/aupho/2013.pdf');
INSERT INTO year_files (year_id, file_type, url) VALUES (187, 'solutions', 'https://cdn.phoxiv.org/olympiads/aupho/2013_S.pdf');
INSERT INTO years (id, olympiad_id, year, notes, extra_links) VALUES (188, 'aupho', 2012, '[]', '[]');
INSERT INTO year_files (year_id, file_type, url) VALUES (188, 'problems', 'https://cdn.phoxiv.org/olympiads/aupho/2012.pdf');
INSERT INTO year_files (year_id, file_type, url) VALUES (188, 'solutions', 'https://cdn.phoxiv.org/olympiads/aupho/2012_S.pdf');
INSERT INTO years (id, olympiad_id, year, notes, extra_links) VALUES (189, 'aupho', 2011, '[]', '[]');
INSERT INTO year_files (year_id, file_type, url) VALUES (189, 'problems', 'https://cdn.phoxiv.org/olympiads/aupho/2011.pdf');
INSERT INTO year_files (year_id, file_type, url) VALUES (189, 'solutions', 'https://cdn.phoxiv.org/olympiads/aupho/2011_S.pdf');
INSERT INTO years (id, olympiad_id, year, notes, extra_links) VALUES (190, 'aupho', 2010, '[]', '[]');
INSERT INTO year_files (year_id, file_type, url) VALUES (190, 'problems', 'https://cdn.phoxiv.org/olympiads/aupho/2010.pdf');
INSERT INTO year_files (year_id, file_type, url) VALUES (190, 'solutions', 'https://cdn.phoxiv.org/olympiads/aupho/2010_S.pdf');
INSERT INTO years (id, olympiad_id, year, notes, extra_links) VALUES (191, 'aupho', 2009, '[]', '[]');
INSERT INTO year_files (year_id, file_type, url) VALUES (191, 'problems', 'https://cdn.phoxiv.org/olympiads/aupho/2009.pdf');
INSERT INTO year_files (year_id, file_type, url) VALUES (191, 'solutions', 'https://cdn.phoxiv.org/olympiads/aupho/2009_S.pdf');
INSERT INTO years (id, olympiad_id, year, notes, extra_links) VALUES (192, 'aupho', 2008, '[]', '[]');
INSERT INTO year_files (year_id, file_type, url) VALUES (192, 'problems', 'https://cdn.phoxiv.org/olympiads/aupho/2008.pdf');
INSERT INTO year_files (year_id, file_type, url) VALUES (192, 'SolutionA', 'https://cdn.phoxiv.org/olympiads/aupho/2008_S_A.pdf');
INSERT INTO year_files (year_id, file_type, url) VALUES (192, 'SolutionB', 'https://cdn.phoxiv.org/olympiads/aupho/2008_S_B.pdf');
INSERT INTO years (id, olympiad_id, year, notes, extra_links) VALUES (193, 'aupho', 2007, '[]', '[]');
INSERT INTO year_files (year_id, file_type, url) VALUES (193, 'problems', 'https://cdn.phoxiv.org/olympiads/aupho/2007.pdf');
INSERT INTO year_files (year_id, file_type, url) VALUES (193, 'solutions', 'https://cdn.phoxiv.org/olympiads/aupho/2007_S.pdf');
INSERT INTO years (id, olympiad_id, year, notes, extra_links) VALUES (194, 'spot', 2026, '[]', '[]');
INSERT INTO year_files (year_id, file_type, url) VALUES (194, 'problems', 'https://cdn.phoxiv.org/olympiads/spot/2026.pdf');
INSERT INTO year_files (year_id, file_type, url) VALUES (194, 'solutions', 'https://cdn.phoxiv.org/olympiads/spot/2026_S.pdf');
INSERT INTO year_files (year_id, file_type, url) VALUES (194, 'report', 'https://cdn.phoxiv.org/olympiads/spot/2026_REP.pdf');
INSERT INTO years (id, olympiad_id, year, notes, extra_links) VALUES (195, 'spot', 2025, '[]', '[]');
INSERT INTO year_files (year_id, file_type, url) VALUES (195, 'problems', 'https://cdn.phoxiv.org/olympiads/spot/2025.pdf');
INSERT INTO year_files (year_id, file_type, url) VALUES (195, 'solutions', 'https://cdn.phoxiv.org/olympiads/spot/2025_S.pdf');
INSERT INTO years (id, olympiad_id, year, notes, extra_links) VALUES (196, 'spot', 2024, '[]', '[]');
INSERT INTO year_files (year_id, file_type, url) VALUES (196, 'problems', 'https://cdn.phoxiv.org/olympiads/spot/2024.pdf');
INSERT INTO year_files (year_id, file_type, url) VALUES (196, 'solutions', 'https://cdn.phoxiv.org/olympiads/spot/2024_S.pdf');
INSERT INTO years (id, olympiad_id, year, notes, extra_links) VALUES (197, 'spot', 2023, '[]', '[]');
INSERT INTO year_files (year_id, file_type, url) VALUES (197, 'problems', 'https://cdn.phoxiv.org/olympiads/spot/2023.pdf');
INSERT INTO year_files (year_id, file_type, url) VALUES (197, 'solutions', 'https://cdn.phoxiv.org/olympiads/spot/2023_S.pdf');
INSERT INTO year_files (year_id, file_type, url) VALUES (197, 'report', 'https://cdn.phoxiv.org/olympiads/spot/2023_REP.pdf');
INSERT INTO years (id, olympiad_id, year, notes, extra_links) VALUES (198, 'spot', 2022, '[]', '[]');
INSERT INTO year_files (year_id, file_type, url) VALUES (198, 'problems', 'https://cdn.phoxiv.org/olympiads/spot/2022.pdf');
INSERT INTO year_files (year_id, file_type, url) VALUES (198, 'solutions', 'https://cdn.phoxiv.org/olympiads/spot/2022_S.pdf');
INSERT INTO years (id, olympiad_id, year, notes, extra_links) VALUES (199, 'spot', 2020, '[]', '[]');
INSERT INTO year_files (year_id, file_type, url) VALUES (199, 'problems', 'https://cdn.phoxiv.org/olympiads/spot/2020.pdf');
INSERT INTO years (id, olympiad_id, year, notes, extra_links) VALUES (200, 'spot', 2019, '[]', '[]');
INSERT INTO year_files (year_id, file_type, url) VALUES (200, 'problems', 'https://cdn.phoxiv.org/olympiads/spot/2019.pdf');
INSERT INTO year_files (year_id, file_type, url) VALUES (200, 'solutions', 'https://cdn.phoxiv.org/olympiads/spot/2019_S.pdf');
INSERT INTO years (id, olympiad_id, year, notes, extra_links) VALUES (201, 'spot', 2018, '[]', '[]');
INSERT INTO year_files (year_id, file_type, url) VALUES (201, 'problems', 'https://cdn.phoxiv.org/olympiads/spot/2018.pdf');
INSERT INTO year_files (year_id, file_type, url) VALUES (201, 'solutions', 'https://cdn.phoxiv.org/olympiads/spot/2018_S.pdf');
INSERT INTO years (id, olympiad_id, year, notes, extra_links) VALUES (202, 'spot', 2017, '[]', '[]');
INSERT INTO year_files (year_id, file_type, url) VALUES (202, 'problems', 'https://cdn.phoxiv.org/olympiads/spot/2017.pdf');
INSERT INTO year_files (year_id, file_type, url) VALUES (202, 'solutions', 'https://cdn.phoxiv.org/olympiads/spot/2017_S.pdf');
INSERT INTO years (id, olympiad_id, year, notes, extra_links) VALUES (203, 'cpho-f', 2023, '[]', '[]');
INSERT INTO year_files (year_id, file_type, url) VALUES (203, 'problems', 'https://cdn.phoxiv.org/olympiads/cpho-f/2023.pdf');
INSERT INTO years (id, olympiad_id, year, notes, extra_links) VALUES (204, 'cpho-f', 2022, '[]', '[]');
INSERT INTO year_files (year_id, file_type, url) VALUES (204, 'problems', 'https://cdn.phoxiv.org/olympiads/cpho-f/2022.pdf');
INSERT INTO year_files (year_id, file_type, url) VALUES (204, 'problemsEn', 'https://cdn.phoxiv.org/olympiads/cpho-f/2022_EN.pdf');
INSERT INTO years (id, olympiad_id, year, notes, extra_links) VALUES (205, 'cpho-f', 2021, '[]', '[]');
INSERT INTO year_files (year_id, file_type, url) VALUES (205, 'problems', 'https://cdn.phoxiv.org/olympiads/cpho-f/2021.pdf');
INSERT INTO years (id, olympiad_id, year, notes, extra_links) VALUES (206, 'cpho-f', 2020, '[]', '[]');
INSERT INTO year_files (year_id, file_type, url) VALUES (206, 'problems', 'https://cdn.phoxiv.org/olympiads/cpho-f/2020.pdf');
INSERT INTO year_files (year_id, file_type, url) VALUES (206, 'solutions', 'https://cdn.phoxiv.org/olympiads/cpho-f/2020_S.pdf');
INSERT INTO years (id, olympiad_id, year, notes, extra_links) VALUES (207, 'cpho-f', 2019, '[]', '[]');
INSERT INTO year_files (year_id, file_type, url) VALUES (207, 'problems', 'https://cdn.phoxiv.org/olympiads/cpho-f/2019.doc');
INSERT INTO year_files (year_id, file_type, url) VALUES (207, 'problemsEn', 'https://cdn.phoxiv.org/olympiads/cpho-f/2019_EN.pdf');
INSERT INTO years (id, olympiad_id, year, notes, extra_links) VALUES (208, 'cpho-f', 2018, '[]', '[]');
INSERT INTO year_files (year_id, file_type, url) VALUES (208, 'problems', 'https://cdn.phoxiv.org/olympiads/cpho-f/2018.pdf');
INSERT INTO year_files (year_id, file_type, url) VALUES (208, 'problemsEn', 'https://cdn.phoxiv.org/olympiads/cpho-f/2018_EN.pdf');
INSERT INTO years (id, olympiad_id, year, notes, extra_links) VALUES (209, 'cpho-f', 2017, '[]', '[]');
INSERT INTO year_files (year_id, file_type, url) VALUES (209, 'problems', 'https://cdn.phoxiv.org/olympiads/cpho-f/2017.doc');
INSERT INTO year_files (year_id, file_type, url) VALUES (209, 'problemsEn', 'https://cdn.phoxiv.org/olympiads/cpho-f/2017_EN.pdf');
INSERT INTO year_files (year_id, file_type, url) VALUES (209, 'solutions', 'https://cdn.phoxiv.org/olympiads/cpho-f/2017_S.doc');
INSERT INTO years (id, olympiad_id, year, notes, extra_links) VALUES (210, 'cpho-f', 2016, '[]', '[]');
INSERT INTO year_files (year_id, file_type, url) VALUES (210, 'problems', 'https://cdn.phoxiv.org/olympiads/cpho-f/2016.doc');
INSERT INTO years (id, olympiad_id, year, notes, extra_links) VALUES (211, 'cpho-f', 2015, '[]', '[]');
INSERT INTO year_files (year_id, file_type, url) VALUES (211, 'problems', 'https://cdn.phoxiv.org/olympiads/cpho-f/2015.doc');
INSERT INTO years (id, olympiad_id, year, notes, extra_links) VALUES (212, 'cpho-f', 2014, '[]', '[]');
INSERT INTO year_files (year_id, file_type, url) VALUES (212, 'problems', 'https://cdn.phoxiv.org/olympiads/cpho-f/2014.doc');
INSERT INTO years (id, olympiad_id, year, notes, extra_links) VALUES (213, 'cpho-f', 2013, '[]', '[]');
INSERT INTO year_files (year_id, file_type, url) VALUES (213, 'problems', 'https://cdn.phoxiv.org/olympiads/cpho-f/2013.docx');
INSERT INTO years (id, olympiad_id, year, notes, extra_links) VALUES (214, 'cpho-f', 2012, '[]', '[]');
INSERT INTO year_files (year_id, file_type, url) VALUES (214, 'problems', 'https://cdn.phoxiv.org/olympiads/cpho-f/2012.docx');
INSERT INTO years (id, olympiad_id, year, notes, extra_links) VALUES (215, 'cpho-f', 2011, '[]', '[]');
INSERT INTO year_files (year_id, file_type, url) VALUES (215, 'problems', 'https://cdn.phoxiv.org/olympiads/cpho-f/2011.docx');
INSERT INTO year_files (year_id, file_type, url) VALUES (215, 'solutions', 'https://cdn.phoxiv.org/olympiads/cpho-f/2011_S.doc');
INSERT INTO years (id, olympiad_id, year, notes, extra_links) VALUES (216, 'cpho-f', 2010, '[]', '[]');
INSERT INTO year_files (year_id, file_type, url) VALUES (216, 'problems', 'https://cdn.phoxiv.org/olympiads/cpho-f/2010.pdf');
INSERT INTO years (id, olympiad_id, year, notes, extra_links) VALUES (217, 'cpho-f', 2009, '[]', '[]');
INSERT INTO year_files (year_id, file_type, url) VALUES (217, 'problems', 'https://cdn.phoxiv.org/olympiads/cpho-f/2009.doc');
INSERT INTO years (id, olympiad_id, year, notes, extra_links) VALUES (218, 'cpho-f', 2008, '[]', '[]');
INSERT INTO year_files (year_id, file_type, url) VALUES (218, 'problems', 'https://cdn.phoxiv.org/olympiads/cpho-f/2008.pdf');
INSERT INTO years (id, olympiad_id, year, notes, extra_links) VALUES (219, 'cpho-f', 2007, '[]', '[]');
INSERT INTO year_files (year_id, file_type, url) VALUES (219, 'problems', 'https://cdn.phoxiv.org/olympiads/cpho-f/2007.pdf');
INSERT INTO years (id, olympiad_id, year, notes, extra_links) VALUES (220, 'cpho-f', 2006, '[]', '[]');
INSERT INTO year_files (year_id, file_type, url) VALUES (220, 'problems', 'https://cdn.phoxiv.org/olympiads/cpho-f/2006.pdf');
INSERT INTO years (id, olympiad_id, year, notes, extra_links) VALUES (221, 'cpho-f', 2005, '[]', '[]');
INSERT INTO year_files (year_id, file_type, url) VALUES (221, 'problems', 'https://cdn.phoxiv.org/olympiads/cpho-f/2005.docx');
INSERT INTO year_files (year_id, file_type, url) VALUES (221, 'problemsEn', 'https://cdn.phoxiv.org/olympiads/cpho-f/2005_EN.pdf');
INSERT INTO years (id, olympiad_id, year, notes, extra_links) VALUES (222, 'cpho-f', 2004, '[]', '[]');
INSERT INTO year_files (year_id, file_type, url) VALUES (222, 'problems', 'https://cdn.phoxiv.org/olympiads/cpho-f/2004.docx');
INSERT INTO years (id, olympiad_id, year, notes, extra_links) VALUES (223, 'cpho-f', 2003, '[]', '[]');
INSERT INTO year_files (year_id, file_type, url) VALUES (223, 'problems', 'https://cdn.phoxiv.org/olympiads/cpho-f/2003.docx');
INSERT INTO years (id, olympiad_id, year, notes, extra_links) VALUES (224, 'izho', 2026, '[]', '[]');
INSERT INTO year_files (year_id, file_type, url) VALUES (224, 'theory', 'https://cdn.phoxiv.org/olympiads/izho/2026_T.pdf');
INSERT INTO year_files (year_id, file_type, url) VALUES (224, 'experiment', 'https://cdn.phoxiv.org/olympiads/izho/2026_E.pdf');
INSERT INTO year_files (year_id, file_type, url) VALUES (224, 'theorySolutions', 'https://cdn.phoxiv.org/olympiads/izho/2026_T_S.pdf');
INSERT INTO year_files (year_id, file_type, url) VALUES (224, 'experimentSolutions', 'https://cdn.phoxiv.org/olympiads/izho/2026_E_S.pdf');
INSERT INTO years (id, olympiad_id, year, notes, extra_links) VALUES (225, 'izho', 2025, '[]', '[]');
INSERT INTO year_files (year_id, file_type, url) VALUES (225, 'theory', 'https://cdn.phoxiv.org/olympiads/izho/2025_T.pdf');
INSERT INTO year_files (year_id, file_type, url) VALUES (225, 'experiment', 'https://cdn.phoxiv.org/olympiads/izho/2025_E.pdf');
INSERT INTO year_files (year_id, file_type, url) VALUES (225, 'theorySolutions', 'https://cdn.phoxiv.org/olympiads/izho/2025_T_S.pdf');
INSERT INTO year_files (year_id, file_type, url) VALUES (225, 'experimentSolutions', 'https://cdn.phoxiv.org/olympiads/izho/2025_E_S.pdf');
INSERT INTO years (id, olympiad_id, year, notes, extra_links) VALUES (226, 'izho', 2024, '[]', '[]');
INSERT INTO year_files (year_id, file_type, url) VALUES (226, 'theory', 'https://cdn.phoxiv.org/olympiads/izho/2024_T.pdf');
INSERT INTO year_files (year_id, file_type, url) VALUES (226, 'experiment', 'https://cdn.phoxiv.org/olympiads/izho/2024_E.pdf');
INSERT INTO year_files (year_id, file_type, url) VALUES (226, 'theorySolutions', 'https://cdn.phoxiv.org/olympiads/izho/2024_T_S.pdf');
INSERT INTO year_files (year_id, file_type, url) VALUES (226, 'experimentSolutions', 'https://cdn.phoxiv.org/olympiads/izho/2024_E_S.pdf');
INSERT INTO years (id, olympiad_id, year, notes, extra_links) VALUES (227, 'izho', 2023, '[]', '[]');
INSERT INTO year_files (year_id, file_type, url) VALUES (227, 'theory', 'https://cdn.phoxiv.org/olympiads/izho/2023_T.pdf');
INSERT INTO year_files (year_id, file_type, url) VALUES (227, 'experiment', 'https://cdn.phoxiv.org/olympiads/izho/2023_E.pdf');
INSERT INTO year_files (year_id, file_type, url) VALUES (227, 'theorySolutions', 'https://cdn.phoxiv.org/olympiads/izho/2023_T_S.pdf');
INSERT INTO year_files (year_id, file_type, url) VALUES (227, 'experimentSolutions', 'https://cdn.phoxiv.org/olympiads/izho/2023_E_S.pdf');
INSERT INTO years (id, olympiad_id, year, notes, extra_links) VALUES (228, 'izho', 2022, '[]', '[]');
INSERT INTO year_files (year_id, file_type, url) VALUES (228, 'theory', 'https://cdn.phoxiv.org/olympiads/izho/2022_T.pdf');
INSERT INTO year_files (year_id, file_type, url) VALUES (228, 'experiment', 'https://cdn.phoxiv.org/olympiads/izho/2022_E.pdf');
INSERT INTO year_files (year_id, file_type, url) VALUES (228, 'theorySolutions', 'https://cdn.phoxiv.org/olympiads/izho/2022_T_S.pdf');
INSERT INTO year_files (year_id, file_type, url) VALUES (228, 'experimentSolutions', 'https://cdn.phoxiv.org/olympiads/izho/2022_E_S.pdf');
INSERT INTO years (id, olympiad_id, year, notes, extra_links) VALUES (229, 'izho', 2021, '[]', '[]');
INSERT INTO year_files (year_id, file_type, url) VALUES (229, 'theory', 'https://cdn.phoxiv.org/olympiads/izho/2021_T.pdf');
INSERT INTO year_files (year_id, file_type, url) VALUES (229, 'experiment', 'https://cdn.phoxiv.org/olympiads/izho/2021_E.pdf');
INSERT INTO year_files (year_id, file_type, url) VALUES (229, 'theorySolutions', 'https://cdn.phoxiv.org/olympiads/izho/2021_T_S.pdf');
INSERT INTO year_files (year_id, file_type, url) VALUES (229, 'experimentSolutions', 'https://cdn.phoxiv.org/olympiads/izho/2021_E_S.pdf');
INSERT INTO years (id, olympiad_id, year, notes, extra_links) VALUES (230, 'izho', 2020, '[]', '[]');
INSERT INTO year_files (year_id, file_type, url) VALUES (230, 'theory', 'https://cdn.phoxiv.org/olympiads/izho/2020_T.pdf');
INSERT INTO year_files (year_id, file_type, url) VALUES (230, 'experiment', 'https://cdn.phoxiv.org/olympiads/izho/2020_E.pdf');
INSERT INTO year_files (year_id, file_type, url) VALUES (230, 'theorySolutions', 'https://cdn.phoxiv.org/olympiads/izho/2020_T_S.pdf');
INSERT INTO year_files (year_id, file_type, url) VALUES (230, 'experimentSolutions', 'https://cdn.phoxiv.org/olympiads/izho/2020_E_S.pdf');
INSERT INTO years (id, olympiad_id, year, notes, extra_links) VALUES (231, 'izho', 2019, '[]', '[]');
INSERT INTO year_files (year_id, file_type, url) VALUES (231, 'theory', 'https://cdn.phoxiv.org/olympiads/izho/2019_T.pdf');
INSERT INTO year_files (year_id, file_type, url) VALUES (231, 'experiment', 'https://cdn.phoxiv.org/olympiads/izho/2019_E.pdf');
INSERT INTO year_files (year_id, file_type, url) VALUES (231, 'theorySolutions', 'https://cdn.phoxiv.org/olympiads/izho/2019_T_S.pdf');
INSERT INTO year_files (year_id, file_type, url) VALUES (231, 'experimentSolutions', 'https://cdn.phoxiv.org/olympiads/izho/2019_E_S.pdf');
INSERT INTO years (id, olympiad_id, year, notes, extra_links) VALUES (232, 'izho', 2018, '[]', '[]');
INSERT INTO year_files (year_id, file_type, url) VALUES (232, 'theory', 'https://cdn.phoxiv.org/olympiads/izho/2018_T.pdf');
INSERT INTO year_files (year_id, file_type, url) VALUES (232, 'theorySolutions', 'https://cdn.phoxiv.org/olympiads/izho/2018_T_S.pdf');
INSERT INTO year_files (year_id, file_type, url) VALUES (232, 'experimentSolutions', 'https://cdn.phoxiv.org/olympiads/izho/2018_E_S.pdf');
INSERT INTO years (id, olympiad_id, year, notes, extra_links) VALUES (233, 'izho', 2017, '[]', '[]');
INSERT INTO year_files (year_id, file_type, url) VALUES (233, 'theory', 'https://cdn.phoxiv.org/olympiads/izho/2017_T.pdf');
INSERT INTO year_files (year_id, file_type, url) VALUES (233, 'experiment', 'https://cdn.phoxiv.org/olympiads/izho/2017_E.pdf');
INSERT INTO year_files (year_id, file_type, url) VALUES (233, 'theorySolutions', 'https://cdn.phoxiv.org/olympiads/izho/2017_T_S.pdf');
INSERT INTO year_files (year_id, file_type, url) VALUES (233, 'experimentSolutions', 'https://cdn.phoxiv.org/olympiads/izho/2017_E_S.pdf');
INSERT INTO years (id, olympiad_id, year, notes, extra_links) VALUES (234, 'izho', 2016, '[]', '[]');
INSERT INTO year_files (year_id, file_type, url) VALUES (234, 'theory', 'https://cdn.phoxiv.org/olympiads/izho/2016_T.pdf');
INSERT INTO year_files (year_id, file_type, url) VALUES (234, 'experiment', 'https://cdn.phoxiv.org/olympiads/izho/2016_E.pdf');
INSERT INTO year_files (year_id, file_type, url) VALUES (234, 'theorySolutions', 'https://cdn.phoxiv.org/olympiads/izho/2016_T_S.pdf');
INSERT INTO year_files (year_id, file_type, url) VALUES (234, 'experimentSolutions', 'https://cdn.phoxiv.org/olympiads/izho/2016_E_S.pdf');
INSERT INTO years (id, olympiad_id, year, notes, extra_links) VALUES (235, 'izho', 2015, '[]', '[]');
INSERT INTO year_files (year_id, file_type, url) VALUES (235, 'theory', 'https://cdn.phoxiv.org/olympiads/izho/2015_T.pdf');
INSERT INTO year_files (year_id, file_type, url) VALUES (235, 'experiment', 'https://cdn.phoxiv.org/olympiads/izho/2015_E.pdf');
INSERT INTO year_files (year_id, file_type, url) VALUES (235, 'theorySolutions', 'https://cdn.phoxiv.org/olympiads/izho/2015_T_S.pdf');
INSERT INTO year_files (year_id, file_type, url) VALUES (235, 'experimentSolutions', 'https://cdn.phoxiv.org/olympiads/izho/2015_E_S.pdf');
INSERT INTO years (id, olympiad_id, year, notes, extra_links) VALUES (236, 'izho', 2014, '[]', '[]');
INSERT INTO year_files (year_id, file_type, url) VALUES (236, 'theory', 'https://cdn.phoxiv.org/olympiads/izho/2014_T.pdf');
INSERT INTO year_files (year_id, file_type, url) VALUES (236, 'experiment', 'https://cdn.phoxiv.org/olympiads/izho/2014_E.pdf');
INSERT INTO year_files (year_id, file_type, url) VALUES (236, 'theorySolutions', 'https://cdn.phoxiv.org/olympiads/izho/2014_T_S.pdf');
INSERT INTO year_files (year_id, file_type, url) VALUES (236, 'experimentSolutions', 'https://cdn.phoxiv.org/olympiads/izho/2014_E_S.pdf');
INSERT INTO years (id, olympiad_id, year, notes, extra_links) VALUES (237, 'izho', 2013, '[]', '[]');
INSERT INTO year_files (year_id, file_type, url) VALUES (237, 'theory', 'https://cdn.phoxiv.org/olympiads/izho/2013_T.pdf');
INSERT INTO year_files (year_id, file_type, url) VALUES (237, 'theorySolutions', 'https://cdn.phoxiv.org/olympiads/izho/2013_T_S.pdf');
INSERT INTO years (id, olympiad_id, year, notes, extra_links) VALUES (238, 'izho', 2012, '[]', '[]');
INSERT INTO year_files (year_id, file_type, url) VALUES (238, 'theory', 'https://cdn.phoxiv.org/olympiads/izho/2012_T.pdf');
INSERT INTO year_files (year_id, file_type, url) VALUES (238, 'experiment', 'https://cdn.phoxiv.org/olympiads/izho/2012_E.pdf');
INSERT INTO year_files (year_id, file_type, url) VALUES (238, 'theorySolutions', 'https://cdn.phoxiv.org/olympiads/izho/2012_T_S.pdf');
INSERT INTO year_files (year_id, file_type, url) VALUES (238, 'experimentSolutions', 'https://cdn.phoxiv.org/olympiads/izho/2012_E_S.pdf');
INSERT INTO years (id, olympiad_id, year, notes, extra_links) VALUES (239, 'izho', 2011, '[]', '[]');
INSERT INTO year_files (year_id, file_type, url) VALUES (239, 'theory', 'https://cdn.phoxiv.org/olympiads/izho/2011_T.pdf');
INSERT INTO year_files (year_id, file_type, url) VALUES (239, 'experiment', 'https://cdn.phoxiv.org/olympiads/izho/2011_E.pdf');
INSERT INTO year_files (year_id, file_type, url) VALUES (239, 'theorySolutions', 'https://cdn.phoxiv.org/olympiads/izho/2011_T_S.pdf');
INSERT INTO year_files (year_id, file_type, url) VALUES (239, 'experimentSolutions', 'https://cdn.phoxiv.org/olympiads/izho/2011_E_S.pdf');
INSERT INTO years (id, olympiad_id, year, notes, extra_links) VALUES (240, 'izho', 2010, '[]', '[]');
INSERT INTO year_files (year_id, file_type, url) VALUES (240, 'theory', 'https://cdn.phoxiv.org/olympiads/izho/2010_T.pdf');
INSERT INTO year_files (year_id, file_type, url) VALUES (240, 'experiment', 'https://cdn.phoxiv.org/olympiads/izho/2010_E.pdf');
INSERT INTO year_files (year_id, file_type, url) VALUES (240, 'theorySolutions', 'https://cdn.phoxiv.org/olympiads/izho/2010_T_S.pdf');
INSERT INTO year_files (year_id, file_type, url) VALUES (240, 'experimentSolutions', 'https://cdn.phoxiv.org/olympiads/izho/2010_E_S.pdf');
INSERT INTO years (id, olympiad_id, year, notes, extra_links) VALUES (241, 'inpho', 2025, '[]', '[]');
INSERT INTO year_files (year_id, file_type, url) VALUES (241, 'problems', 'https://cdn.phoxiv.org/olympiads/inpho/2025.pdf');
INSERT INTO year_files (year_id, file_type, url) VALUES (241, 'solutions', 'https://cdn.phoxiv.org/olympiads/inpho/2025_S.pdf');
INSERT INTO year_files (year_id, file_type, url) VALUES (241, 'answerSheet', 'https://cdn.phoxiv.org/olympiads/inpho/2025_A.pdf');
INSERT INTO years (id, olympiad_id, year, notes, extra_links) VALUES (242, 'inpho', 2024, '[]', '[]');
INSERT INTO year_files (year_id, file_type, url) VALUES (242, 'problems', 'https://cdn.phoxiv.org/olympiads/inpho/2024.pdf');
INSERT INTO year_files (year_id, file_type, url) VALUES (242, 'solutions', 'https://cdn.phoxiv.org/olympiads/inpho/2024_S.pdf');
INSERT INTO year_files (year_id, file_type, url) VALUES (242, 'answerSheet', 'https://cdn.phoxiv.org/olympiads/inpho/2024_A.pdf');
INSERT INTO years (id, olympiad_id, year, notes, extra_links) VALUES (243, 'inpho', 2023, '[]', '[]');
INSERT INTO year_files (year_id, file_type, url) VALUES (243, 'problems', 'https://cdn.phoxiv.org/olympiads/inpho/2023.pdf');
INSERT INTO year_files (year_id, file_type, url) VALUES (243, 'solutions', 'https://cdn.phoxiv.org/olympiads/inpho/2023_S.pdf');
INSERT INTO years (id, olympiad_id, year, notes, extra_links) VALUES (244, 'inpho', 2022, '[]', '[]');
INSERT INTO year_files (year_id, file_type, url) VALUES (244, 'problems', 'https://cdn.phoxiv.org/olympiads/inpho/2022.pdf');
INSERT INTO year_files (year_id, file_type, url) VALUES (244, 'solutions', 'https://cdn.phoxiv.org/olympiads/inpho/2022_S.pdf');
INSERT INTO years (id, olympiad_id, year, notes, extra_links) VALUES (245, 'inpho', 2021, '[]', '[]');
INSERT INTO year_files (year_id, file_type, url) VALUES (245, 'problems', 'https://cdn.phoxiv.org/olympiads/inpho/2021.pdf');
INSERT INTO year_files (year_id, file_type, url) VALUES (245, 'solutions', 'https://cdn.phoxiv.org/olympiads/inpho/2021_S.pdf');
INSERT INTO years (id, olympiad_id, year, notes, extra_links) VALUES (246, 'inpho', 2020, '[]', '[]');
INSERT INTO year_files (year_id, file_type, url) VALUES (246, 'problems', 'https://cdn.phoxiv.org/olympiads/inpho/2020.pdf');
INSERT INTO year_files (year_id, file_type, url) VALUES (246, 'solutions', 'https://cdn.phoxiv.org/olympiads/inpho/2020_S.pdf');
INSERT INTO years (id, olympiad_id, year, notes, extra_links) VALUES (247, 'inpho', 2019, '[]', '[]');
INSERT INTO year_files (year_id, file_type, url) VALUES (247, 'problems', 'https://cdn.phoxiv.org/olympiads/inpho/2019.pdf');
INSERT INTO year_files (year_id, file_type, url) VALUES (247, 'solutions', 'https://cdn.phoxiv.org/olympiads/inpho/2019_S.pdf');
INSERT INTO years (id, olympiad_id, year, notes, extra_links) VALUES (248, 'inpho', 2018, '[]', '[]');
INSERT INTO year_files (year_id, file_type, url) VALUES (248, 'problems', 'https://cdn.phoxiv.org/olympiads/inpho/2018.pdf');
INSERT INTO year_files (year_id, file_type, url) VALUES (248, 'solutions', 'https://cdn.phoxiv.org/olympiads/inpho/2018_S.pdf');
INSERT INTO years (id, olympiad_id, year, notes, extra_links) VALUES (249, 'inpho', 2017, '[]', '[]');
INSERT INTO year_files (year_id, file_type, url) VALUES (249, 'solutions', 'https://cdn.phoxiv.org/olympiads/inpho/2017_S.pdf');
INSERT INTO years (id, olympiad_id, year, notes, extra_links) VALUES (250, 'inpho', 2016, '[]', '[]');
INSERT INTO year_files (year_id, file_type, url) VALUES (250, 'problems', 'https://cdn.phoxiv.org/olympiads/inpho/2016.pdf');
INSERT INTO year_files (year_id, file_type, url) VALUES (250, 'solutions', 'https://cdn.phoxiv.org/olympiads/inpho/2016_S.pdf');
INSERT INTO years (id, olympiad_id, year, notes, extra_links) VALUES (251, 'inpho', 2015, '[]', '[]');
INSERT INTO year_files (year_id, file_type, url) VALUES (251, 'solutions', 'https://cdn.phoxiv.org/olympiads/inpho/2015_S.pdf');
INSERT INTO years (id, olympiad_id, year, notes, extra_links) VALUES (252, 'inpho', 2014, '[]', '[]');
INSERT INTO year_files (year_id, file_type, url) VALUES (252, 'problems', 'https://cdn.phoxiv.org/olympiads/inpho/2014.pdf');
INSERT INTO year_files (year_id, file_type, url) VALUES (252, 'solutions', 'https://cdn.phoxiv.org/olympiads/inpho/2014_S.pdf');
INSERT INTO years (id, olympiad_id, year, notes, extra_links) VALUES (253, 'inpho', 2013, '[]', '[]');
INSERT INTO year_files (year_id, file_type, url) VALUES (253, 'problems', 'https://cdn.phoxiv.org/olympiads/inpho/2013.pdf');
INSERT INTO year_files (year_id, file_type, url) VALUES (253, 'solutions', 'https://cdn.phoxiv.org/olympiads/inpho/2013_S.pdf');
INSERT INTO years (id, olympiad_id, year, notes, extra_links) VALUES (254, 'inpho', 2012, '[]', '[]');
INSERT INTO year_files (year_id, file_type, url) VALUES (254, 'problems', 'https://cdn.phoxiv.org/olympiads/inpho/2012.pdf');
INSERT INTO year_files (year_id, file_type, url) VALUES (254, 'solutions', 'https://cdn.phoxiv.org/olympiads/inpho/2012_S.pdf');
INSERT INTO year_files (year_id, file_type, url) VALUES (254, 'detailedSolutions', 'https://cdn.phoxiv.org/olympiads/inpho/2012_S2.pdf');
INSERT INTO years (id, olympiad_id, year, notes, extra_links) VALUES (255, 'inpho', 2011, '[]', '[]');
INSERT INTO year_files (year_id, file_type, url) VALUES (255, 'problems', 'https://cdn.phoxiv.org/olympiads/inpho/2011.pdf');
INSERT INTO year_files (year_id, file_type, url) VALUES (255, 'solutions', 'https://cdn.phoxiv.org/olympiads/inpho/2011_S.pdf');
INSERT INTO year_files (year_id, file_type, url) VALUES (255, 'detailedSolutions', 'https://cdn.phoxiv.org/olympiads/inpho/2011_S2.pdf');
INSERT INTO years (id, olympiad_id, year, notes, extra_links) VALUES (256, 'inpho', 2010, '[]', '[]');
INSERT INTO year_files (year_id, file_type, url) VALUES (256, 'problems', 'https://cdn.phoxiv.org/olympiads/inpho/2010.pdf');
INSERT INTO year_files (year_id, file_type, url) VALUES (256, 'solutions', 'https://cdn.phoxiv.org/olympiads/inpho/2010_S.pdf');
INSERT INTO years (id, olympiad_id, year, notes, extra_links) VALUES (257, 'inpho', 2009, '[]', '[]');
INSERT INTO year_files (year_id, file_type, url) VALUES (257, 'problems', 'https://cdn.phoxiv.org/olympiads/inpho/2009.pdf');
INSERT INTO year_files (year_id, file_type, url) VALUES (257, 'solutions', 'https://cdn.phoxiv.org/olympiads/inpho/2009_S.pdf');
INSERT INTO years (id, olympiad_id, year, notes, extra_links) VALUES (258, 'inpho', 2008, '[]', '[]');
INSERT INTO year_files (year_id, file_type, url) VALUES (258, 'problems', 'https://cdn.phoxiv.org/olympiads/inpho/2008.pdf');
INSERT INTO years (id, olympiad_id, year, notes, extra_links) VALUES (259, 'sjpo', 2025, '[]', '[]');
INSERT INTO year_files (year_id, file_type, url) VALUES (259, 'problems', 'https://cdn.phoxiv.org/olympiads/sjpo/2025.pdf');
INSERT INTO years (id, olympiad_id, year, notes, extra_links) VALUES (260, 'sjpo', 2024, '[]', '[]');
INSERT INTO year_files (year_id, file_type, url) VALUES (260, 'problems', 'https://cdn.phoxiv.org/olympiads/sjpo/2024.pdf');
INSERT INTO year_files (year_id, file_type, url) VALUES (260, 'solutions', 'https://cdn.phoxiv.org/olympiads/sjpo/2024_S.pdf');
INSERT INTO year_files (year_id, file_type, url) VALUES (260, 'version2', 'https://cdn.phoxiv.org/olympiads/sjpo/2024_U.pdf');
INSERT INTO years (id, olympiad_id, year, notes, extra_links) VALUES (261, 'sjpo', 2023, '[]', '[]');
INSERT INTO year_files (year_id, file_type, url) VALUES (261, 'problems', 'https://cdn.phoxiv.org/olympiads/sjpo/2023.pdf');
INSERT INTO years (id, olympiad_id, year, notes, extra_links) VALUES (262, 'sjpo', 2022, '[]', '[]');
INSERT INTO year_files (year_id, file_type, url) VALUES (262, 'problems', 'https://cdn.phoxiv.org/olympiads/sjpo/2022.pdf');
INSERT INTO year_files (year_id, file_type, url) VALUES (262, 'solutions', 'https://cdn.phoxiv.org/olympiads/sjpo/2022_S.pdf');
INSERT INTO years (id, olympiad_id, year, notes, extra_links) VALUES (263, 'sjpo', 2019, '[]', '[]');
INSERT INTO year_files (year_id, file_type, url) VALUES (263, 'problems', 'https://cdn.phoxiv.org/olympiads/sjpo/2019.pdf');
INSERT INTO years (id, olympiad_id, year, notes, extra_links) VALUES (264, 'sjpo', 2018, '[]', '[]');
INSERT INTO year_files (year_id, file_type, url) VALUES (264, 'problems', 'https://cdn.phoxiv.org/olympiads/sjpo/2018.pdf');
INSERT INTO year_files (year_id, file_type, url) VALUES (264, 'solutions', 'https://cdn.phoxiv.org/olympiads/sjpo/2018_S.pdf');
INSERT INTO years (id, olympiad_id, year, notes, extra_links) VALUES (265, 'sjpo', 2017, '[]', '[]');
INSERT INTO year_files (year_id, file_type, url) VALUES (265, 'problems', 'https://cdn.phoxiv.org/olympiads/sjpo/2017.pdf');
INSERT INTO year_files (year_id, file_type, url) VALUES (265, 'solutions', 'https://cdn.phoxiv.org/olympiads/sjpo/2017_S.pdf');
INSERT INTO years (id, olympiad_id, year, notes, extra_links) VALUES (266, 'sjpo', 2016, '[]', '[]');
INSERT INTO year_files (year_id, file_type, url) VALUES (266, 'problems', 'https://cdn.phoxiv.org/olympiads/sjpo/2016.pdf');
INSERT INTO year_files (year_id, file_type, url) VALUES (266, 'solutions', 'https://cdn.phoxiv.org/olympiads/sjpo/2016_S.pdf');
INSERT INTO years (id, olympiad_id, year, notes, extra_links) VALUES (267, 'sjpo', 2015, '[]', '[]');
INSERT INTO year_files (year_id, file_type, url) VALUES (267, 'problems', 'https://cdn.phoxiv.org/olympiads/sjpo/2015.pdf');
INSERT INTO year_files (year_id, file_type, url) VALUES (267, 'solutions', 'https://cdn.phoxiv.org/olympiads/sjpo/2015_S.pdf');
INSERT INTO years (id, olympiad_id, year, notes, extra_links) VALUES (268, 'sjpo', 2014, '[]', '[]');
INSERT INTO year_files (year_id, file_type, url) VALUES (268, 'problems', 'https://cdn.phoxiv.org/olympiads/sjpo/2014.pdf');
INSERT INTO year_files (year_id, file_type, url) VALUES (268, 'solutions', 'https://cdn.phoxiv.org/olympiads/sjpo/2014_S.pdf');
INSERT INTO years (id, olympiad_id, year, notes, extra_links) VALUES (269, 'sjpo', 2013, '[]', '[]');
INSERT INTO year_files (year_id, file_type, url) VALUES (269, 'problems', 'https://cdn.phoxiv.org/olympiads/sjpo/2013.pdf');
INSERT INTO year_files (year_id, file_type, url) VALUES (269, 'solutions', 'https://cdn.phoxiv.org/olympiads/sjpo/2013_S.pdf');
INSERT INTO years (id, olympiad_id, year, notes, extra_links) VALUES (270, 'sjpo', 2012, '[]', '[]');
INSERT INTO year_files (year_id, file_type, url) VALUES (270, 'problems', 'https://cdn.phoxiv.org/olympiads/sjpo/2012.pdf');
INSERT INTO year_files (year_id, file_type, url) VALUES (270, 'solutions', 'https://cdn.phoxiv.org/olympiads/sjpo/2012_S.pdf');
INSERT INTO years (id, olympiad_id, year, notes, extra_links) VALUES (271, 'sjpo', 2011, '[]', '[]');
INSERT INTO year_files (year_id, file_type, url) VALUES (271, 'problems', 'https://cdn.phoxiv.org/olympiads/sjpo/2011.pdf');
INSERT INTO year_files (year_id, file_type, url) VALUES (271, 'solutions', 'https://cdn.phoxiv.org/olympiads/sjpo/2011_S.pdf');
INSERT INTO years (id, olympiad_id, year, notes, extra_links) VALUES (272, 'sjpo', 2010, '[]', '[]');
INSERT INTO year_files (year_id, file_type, url) VALUES (272, 'problems', 'https://cdn.phoxiv.org/olympiads/sjpo/2010.pdf');
INSERT INTO year_files (year_id, file_type, url) VALUES (272, 'solutions', 'https://cdn.phoxiv.org/olympiads/sjpo/2010_S.pdf');
INSERT INTO years (id, olympiad_id, year, notes, extra_links) VALUES (273, 'sjpo', 2009, '[]', '[]');
INSERT INTO year_files (year_id, file_type, url) VALUES (273, 'problems', 'https://cdn.phoxiv.org/olympiads/sjpo/2009.pdf');
INSERT INTO year_files (year_id, file_type, url) VALUES (273, 'solutions', 'https://cdn.phoxiv.org/olympiads/sjpo/2009_S.pdf');
INSERT INTO years (id, olympiad_id, year, notes, extra_links) VALUES (274, 'sjpo', 2008, '[]', '[]');
INSERT INTO year_files (year_id, file_type, url) VALUES (274, 'problems', 'https://cdn.phoxiv.org/olympiads/sjpo/2008.pdf');
INSERT INTO year_files (year_id, file_type, url) VALUES (274, 'solutions', 'https://cdn.phoxiv.org/olympiads/sjpo/2008_S.pdf');
INSERT INTO years (id, olympiad_id, year, notes, extra_links) VALUES (275, 'spho', 2024, '[]', '[]');
INSERT INTO year_files (year_id, file_type, url) VALUES (275, 'problems', 'https://cdn.phoxiv.org/olympiads/spho/2024.pdf');
INSERT INTO years (id, olympiad_id, year, notes, extra_links) VALUES (276, 'spho', 2023, '[]', '[]');
INSERT INTO year_files (year_id, file_type, url) VALUES (276, 'paper1', 'https://cdn.phoxiv.org/olympiads/spho/2023_1.pdf');
INSERT INTO year_files (year_id, file_type, url) VALUES (276, 'paper2', 'https://cdn.phoxiv.org/olympiads/spho/2023_2.pdf');
INSERT INTO years (id, olympiad_id, year, notes, extra_links) VALUES (277, 'spho', 2022, '[]', '[]');
INSERT INTO year_files (year_id, file_type, url) VALUES (277, 'paper1', 'https://cdn.phoxiv.org/olympiads/spho/2022_1.pdf');
INSERT INTO year_files (year_id, file_type, url) VALUES (277, 'paper2', 'https://cdn.phoxiv.org/olympiads/spho/2022_2.pdf');
INSERT INTO years (id, olympiad_id, year, notes, extra_links) VALUES (278, 'spho', 2021, '[]', '[]');
INSERT INTO year_files (year_id, file_type, url) VALUES (278, 'problems', 'https://cdn.phoxiv.org/olympiads/spho/2021.pdf');
INSERT INTO years (id, olympiad_id, year, notes, extra_links) VALUES (279, 'spho', 2020, '[]', '[]');
INSERT INTO year_files (year_id, file_type, url) VALUES (279, 'problems', 'https://cdn.phoxiv.org/olympiads/spho/2020.pdf');
INSERT INTO years (id, olympiad_id, year, notes, extra_links) VALUES (280, 'spho', 2019, '[]', '[]');
INSERT INTO year_files (year_id, file_type, url) VALUES (280, 'paper1', 'https://cdn.phoxiv.org/olympiads/spho/2019_1.pdf');
INSERT INTO year_files (year_id, file_type, url) VALUES (280, 'paper2', 'https://cdn.phoxiv.org/olympiads/spho/2019_2.pdf');
INSERT INTO years (id, olympiad_id, year, notes, extra_links) VALUES (281, 'spho', 2018, '[]', '[]');
INSERT INTO year_files (year_id, file_type, url) VALUES (281, 'paper1', 'https://cdn.phoxiv.org/olympiads/spho/2018_1.pdf');
INSERT INTO year_files (year_id, file_type, url) VALUES (281, 'paper2', 'https://cdn.phoxiv.org/olympiads/spho/2018_2.pdf');
INSERT INTO years (id, olympiad_id, year, notes, extra_links) VALUES (282, 'spho', 2017, '[]', '[]');
INSERT INTO year_files (year_id, file_type, url) VALUES (282, 'paper1', 'https://cdn.phoxiv.org/olympiads/spho/2017_1.pdf');
INSERT INTO year_files (year_id, file_type, url) VALUES (282, 'paper2', 'https://cdn.phoxiv.org/olympiads/spho/2017_2.pdf');
INSERT INTO years (id, olympiad_id, year, notes, extra_links) VALUES (283, 'spho', 2016, '[]', '[]');
INSERT INTO year_files (year_id, file_type, url) VALUES (283, 'problems', 'https://cdn.phoxiv.org/olympiads/spho/2016.pdf');
INSERT INTO years (id, olympiad_id, year, notes, extra_links) VALUES (284, 'spho', 2014, '[]', '[]');
INSERT INTO year_files (year_id, file_type, url) VALUES (284, 'problems', 'https://cdn.phoxiv.org/olympiads/spho/2014.pdf');
INSERT INTO years (id, olympiad_id, year, notes, extra_links) VALUES (285, 'spho', 2013, '[]', '[]');
INSERT INTO year_files (year_id, file_type, url) VALUES (285, 'problems', 'https://cdn.phoxiv.org/olympiads/spho/2013.pdf');
INSERT INTO years (id, olympiad_id, year, notes, extra_links) VALUES (286, 'spho', 2012, '[]', '[]');
INSERT INTO year_files (year_id, file_type, url) VALUES (286, 'problems', 'https://cdn.phoxiv.org/olympiads/spho/2012.pdf');
INSERT INTO years (id, olympiad_id, year, notes, extra_links) VALUES (287, 'spho', 2011, '[]', '[]');
INSERT INTO year_files (year_id, file_type, url) VALUES (287, 'problems', 'https://cdn.phoxiv.org/olympiads/spho/2011.pdf');
INSERT INTO years (id, olympiad_id, year, notes, extra_links) VALUES (288, 'spho', 2009, '[]', '[]');
INSERT INTO year_files (year_id, file_type, url) VALUES (288, 'problems', 'https://cdn.phoxiv.org/olympiads/spho/2009.pdf');
INSERT INTO years (id, olympiad_id, year, notes, extra_links) VALUES (289, 'spho', 2007, '[]', '[]');
INSERT INTO year_files (year_id, file_type, url) VALUES (289, 'problems', 'https://cdn.phoxiv.org/olympiads/spho/2007.pdf');
INSERT INTO years (id, olympiad_id, year, notes, extra_links) VALUES (290, 'spho', 2006, '[]', '[]');
INSERT INTO year_files (year_id, file_type, url) VALUES (290, 'problems', 'https://cdn.phoxiv.org/olympiads/spho/2006.pdf');
INSERT INTO years (id, olympiad_id, year, notes, extra_links) VALUES (291, 'spho', 2005, '[]', '[]');
INSERT INTO year_files (year_id, file_type, url) VALUES (291, 'problems', 'https://cdn.phoxiv.org/olympiads/spho/2005.pdf');
INSERT INTO years (id, olympiad_id, year, notes, extra_links) VALUES (292, 'spho', 2004, '[]', '[]');
INSERT INTO year_files (year_id, file_type, url) VALUES (292, 'problems', 'https://cdn.phoxiv.org/olympiads/spho/2004.pdf');
INSERT INTO years (id, olympiad_id, year, notes, extra_links) VALUES (293, 'spho', 2003, '[]', '[]');
INSERT INTO year_files (year_id, file_type, url) VALUES (293, 'problems', 'https://cdn.phoxiv.org/olympiads/spho/2003.pdf');
INSERT INTO years (id, olympiad_id, year, notes, extra_links) VALUES (294, 'spho', 2002, '[]', '[]');
INSERT INTO year_files (year_id, file_type, url) VALUES (294, 'problems', 'https://cdn.phoxiv.org/olympiads/spho/2002.pdf');
INSERT INTO years (id, olympiad_id, year, notes, extra_links) VALUES (295, 'bpho-r1', 2024, '[]', '[]');
INSERT INTO year_files (year_id, file_type, url) VALUES (295, 'FirstSection', 'https://cdn.phoxiv.org/olympiads/bpho-r1/2024_1.pdf');
INSERT INTO year_files (year_id, file_type, url) VALUES (295, 'SecondSection', 'https://cdn.phoxiv.org/olympiads/bpho-r1/2024_2.pdf');
INSERT INTO year_files (year_id, file_type, url) VALUES (295, 'FirstSectionSolutions', 'https://cdn.phoxiv.org/olympiads/bpho-r1/2024_1_S.pdf');
INSERT INTO year_files (year_id, file_type, url) VALUES (295, 'SecondSectionSolutions', 'https://cdn.phoxiv.org/olympiads/bpho-r1/2024_2_S.pdf');
INSERT INTO years (id, olympiad_id, year, notes, extra_links) VALUES (296, 'bpho-r1', 2023, '[]', '[]');
INSERT INTO year_files (year_id, file_type, url) VALUES (296, 'solutions', 'https://cdn.phoxiv.org/olympiads/bpho-r1/2023_S.pdf');
INSERT INTO year_files (year_id, file_type, url) VALUES (296, 'FirstSection', 'https://cdn.phoxiv.org/olympiads/bpho-r1/2023_1.pdf');
INSERT INTO year_files (year_id, file_type, url) VALUES (296, 'SecondSection', 'https://cdn.phoxiv.org/olympiads/bpho-r1/2023_2.pdf');
INSERT INTO years (id, olympiad_id, year, notes, extra_links) VALUES (297, 'bpho-r1', 2022, '[]', '[]');
INSERT INTO year_files (year_id, file_type, url) VALUES (297, 'solutions', 'https://cdn.phoxiv.org/olympiads/bpho-r1/2022_S.pdf');
INSERT INTO year_files (year_id, file_type, url) VALUES (297, 'FirstSection', 'https://cdn.phoxiv.org/olympiads/bpho-r1/2022_1.pdf');
INSERT INTO year_files (year_id, file_type, url) VALUES (297, 'SecondSection', 'https://cdn.phoxiv.org/olympiads/bpho-r1/2022_2.pdf');
INSERT INTO years (id, olympiad_id, year, notes, extra_links) VALUES (298, 'bpho-r1', 2021, '[]', '[]');
INSERT INTO year_files (year_id, file_type, url) VALUES (298, 'solutions', 'https://cdn.phoxiv.org/olympiads/bpho-r1/2021_S.pdf');
INSERT INTO year_files (year_id, file_type, url) VALUES (298, 'FirstSection', 'https://cdn.phoxiv.org/olympiads/bpho-r1/2021_1.pdf');
INSERT INTO year_files (year_id, file_type, url) VALUES (298, 'SecondSection', 'https://cdn.phoxiv.org/olympiads/bpho-r1/2021_2.pdf');
INSERT INTO years (id, olympiad_id, year, notes, extra_links) VALUES (299, 'bpho-r1', 2020, '[]', '[]');
INSERT INTO year_files (year_id, file_type, url) VALUES (299, 'solutions', 'https://cdn.phoxiv.org/olympiads/bpho-r1/2020_S.pdf');
INSERT INTO year_files (year_id, file_type, url) VALUES (299, 'FirstSection', 'https://cdn.phoxiv.org/olympiads/bpho-r1/2020_1.pdf');
INSERT INTO year_files (year_id, file_type, url) VALUES (299, 'SecondSection', 'https://cdn.phoxiv.org/olympiads/bpho-r1/2020_2.pdf');
INSERT INTO years (id, olympiad_id, year, notes, extra_links) VALUES (300, 'bpho-r1', 2019, '[]', '[]');
INSERT INTO year_files (year_id, file_type, url) VALUES (300, 'solutions', 'https://cdn.phoxiv.org/olympiads/bpho-r1/2019_S.pdf');
INSERT INTO year_files (year_id, file_type, url) VALUES (300, 'FirstSection', 'https://cdn.phoxiv.org/olympiads/bpho-r1/2019_1.pdf');
INSERT INTO year_files (year_id, file_type, url) VALUES (300, 'SecondSection', 'https://cdn.phoxiv.org/olympiads/bpho-r1/2019_2.pdf');
INSERT INTO years (id, olympiad_id, year, notes, extra_links) VALUES (301, 'bpho-r1', 2018, '[]', '[]');
INSERT INTO year_files (year_id, file_type, url) VALUES (301, 'solutions', 'https://cdn.phoxiv.org/olympiads/bpho-r1/2018_S.pdf');
INSERT INTO year_files (year_id, file_type, url) VALUES (301, 'FirstSection', 'https://cdn.phoxiv.org/olympiads/bpho-r1/2018_1.pdf');
INSERT INTO year_files (year_id, file_type, url) VALUES (301, 'SecondSection', 'https://cdn.phoxiv.org/olympiads/bpho-r1/2018_2.pdf');
INSERT INTO years (id, olympiad_id, year, notes, extra_links) VALUES (302, 'bpho-r1', 2017, '[]', '[]');
INSERT INTO year_files (year_id, file_type, url) VALUES (302, 'solutions', 'https://cdn.phoxiv.org/olympiads/bpho-r1/2017_S.pdf');
INSERT INTO year_files (year_id, file_type, url) VALUES (302, 'FirstSection', 'https://cdn.phoxiv.org/olympiads/bpho-r1/2017_1.pdf');
INSERT INTO year_files (year_id, file_type, url) VALUES (302, 'SecondSection', 'https://cdn.phoxiv.org/olympiads/bpho-r1/2017_2.pdf');
INSERT INTO years (id, olympiad_id, year, notes, extra_links) VALUES (303, 'bpho-r1', 2016, '[]', '[]');
INSERT INTO year_files (year_id, file_type, url) VALUES (303, 'solutions', 'https://cdn.phoxiv.org/olympiads/bpho-r1/2016_S.pdf');
INSERT INTO year_files (year_id, file_type, url) VALUES (303, 'FirstSection', 'https://cdn.phoxiv.org/olympiads/bpho-r1/2016_1.pdf');
INSERT INTO year_files (year_id, file_type, url) VALUES (303, 'SecondSection', 'https://cdn.phoxiv.org/olympiads/bpho-r1/2016_2.pdf');
INSERT INTO years (id, olympiad_id, year, notes, extra_links) VALUES (304, 'bpho-r1', 2015, '[]', '[]');
INSERT INTO year_files (year_id, file_type, url) VALUES (304, 'solutions', 'https://cdn.phoxiv.org/olympiads/bpho-r1/2015_S.pdf');
INSERT INTO year_files (year_id, file_type, url) VALUES (304, 'FirstSection', 'https://cdn.phoxiv.org/olympiads/bpho-r1/2015_1.pdf');
INSERT INTO year_files (year_id, file_type, url) VALUES (304, 'SecondSection', 'https://cdn.phoxiv.org/olympiads/bpho-r1/2015_2.pdf');
INSERT INTO years (id, olympiad_id, year, notes, extra_links) VALUES (305, 'bpho-r1', 2014, '[]', '[]');
INSERT INTO year_files (year_id, file_type, url) VALUES (305, 'solutions', 'https://cdn.phoxiv.org/olympiads/bpho-r1/2014_S.pdf');
INSERT INTO year_files (year_id, file_type, url) VALUES (305, 'FirstSection', 'https://cdn.phoxiv.org/olympiads/bpho-r1/2014_1.pdf');
INSERT INTO year_files (year_id, file_type, url) VALUES (305, 'SecondSection', 'https://cdn.phoxiv.org/olympiads/bpho-r1/2014_2.pdf');
INSERT INTO years (id, olympiad_id, year, notes, extra_links) VALUES (306, 'bpho-r1', 2013, '[]', '[]');
INSERT INTO year_files (year_id, file_type, url) VALUES (306, 'solutions', 'https://cdn.phoxiv.org/olympiads/bpho-r1/2013_S.pdf');
INSERT INTO year_files (year_id, file_type, url) VALUES (306, 'FirstSection', 'https://cdn.phoxiv.org/olympiads/bpho-r1/2013_1.pdf');
INSERT INTO year_files (year_id, file_type, url) VALUES (306, 'SecondSection', 'https://cdn.phoxiv.org/olympiads/bpho-r1/2013_2.pdf');
INSERT INTO years (id, olympiad_id, year, notes, extra_links) VALUES (307, 'bpho-r1', 2012, '[]', '[]');
INSERT INTO year_files (year_id, file_type, url) VALUES (307, 'solutions', 'https://cdn.phoxiv.org/olympiads/bpho-r1/2012_S.pdf');
INSERT INTO year_files (year_id, file_type, url) VALUES (307, 'FirstSection', 'https://cdn.phoxiv.org/olympiads/bpho-r1/2012_1.pdf');
INSERT INTO year_files (year_id, file_type, url) VALUES (307, 'SecondSection', 'https://cdn.phoxiv.org/olympiads/bpho-r1/2012_2.pdf');
INSERT INTO years (id, olympiad_id, year, notes, extra_links) VALUES (308, 'bpho-r1', 2011, '[]', '[]');
INSERT INTO year_files (year_id, file_type, url) VALUES (308, 'solutions', 'https://cdn.phoxiv.org/olympiads/bpho-r1/2011_S.pdf');
INSERT INTO year_files (year_id, file_type, url) VALUES (308, 'FirstSection', 'https://cdn.phoxiv.org/olympiads/bpho-r1/2011_1.pdf');
INSERT INTO year_files (year_id, file_type, url) VALUES (308, 'SecondSection', 'https://cdn.phoxiv.org/olympiads/bpho-r1/2011_2.pdf');
INSERT INTO years (id, olympiad_id, year, notes, extra_links) VALUES (309, 'bpho-r1', 2010, '[]', '[]');
INSERT INTO year_files (year_id, file_type, url) VALUES (309, 'solutions', 'https://cdn.phoxiv.org/olympiads/bpho-r1/2010_S.pdf');
INSERT INTO year_files (year_id, file_type, url) VALUES (309, 'FirstSection', 'https://cdn.phoxiv.org/olympiads/bpho-r1/2010_1.pdf');
INSERT INTO year_files (year_id, file_type, url) VALUES (309, 'SecondSection', 'https://cdn.phoxiv.org/olympiads/bpho-r1/2010_2.pdf');
INSERT INTO years (id, olympiad_id, year, notes, extra_links) VALUES (310, 'bpho-r1', 2009, '[]', '[]');
INSERT INTO year_files (year_id, file_type, url) VALUES (310, 'solutions', 'https://cdn.phoxiv.org/olympiads/bpho-r1/2009_S.pdf');
INSERT INTO year_files (year_id, file_type, url) VALUES (310, 'FirstSection', 'https://cdn.phoxiv.org/olympiads/bpho-r1/2009_1.pdf');
INSERT INTO year_files (year_id, file_type, url) VALUES (310, 'SecondSection', 'https://cdn.phoxiv.org/olympiads/bpho-r1/2009_2.pdf');
INSERT INTO years (id, olympiad_id, year, notes, extra_links) VALUES (311, 'bpho-r1', 2008, '[]', '[]');
INSERT INTO year_files (year_id, file_type, url) VALUES (311, 'solutions', 'https://cdn.phoxiv.org/olympiads/bpho-r1/2008_S.pdf');
INSERT INTO year_files (year_id, file_type, url) VALUES (311, 'FirstSection', 'https://cdn.phoxiv.org/olympiads/bpho-r1/2008_1.pdf');
INSERT INTO years (id, olympiad_id, year, notes, extra_links) VALUES (312, 'bpho-r1', 2007, '[]', '[]');
INSERT INTO year_files (year_id, file_type, url) VALUES (312, 'solutions', 'https://cdn.phoxiv.org/olympiads/bpho-r1/2007_S.pdf');
INSERT INTO year_files (year_id, file_type, url) VALUES (312, 'FirstSection', 'https://cdn.phoxiv.org/olympiads/bpho-r1/2007_1.pdf');
INSERT INTO years (id, olympiad_id, year, notes, extra_links) VALUES (313, 'bpho-r1', 2006, '[]', '[]');
INSERT INTO year_files (year_id, file_type, url) VALUES (313, 'solutions', 'https://cdn.phoxiv.org/olympiads/bpho-r1/2006_S.pdf');
INSERT INTO year_files (year_id, file_type, url) VALUES (313, 'FirstSection', 'https://cdn.phoxiv.org/olympiads/bpho-r1/2006_1.pdf');
INSERT INTO years (id, olympiad_id, year, notes, extra_links) VALUES (314, 'bpho-r1', 2005, '[]', '[]');
INSERT INTO year_files (year_id, file_type, url) VALUES (314, 'solutions', 'https://cdn.phoxiv.org/olympiads/bpho-r1/2005_S.pdf');
INSERT INTO year_files (year_id, file_type, url) VALUES (314, 'FirstSection', 'https://cdn.phoxiv.org/olympiads/bpho-r1/2005_1.pdf');
INSERT INTO years (id, olympiad_id, year, notes, extra_links) VALUES (315, 'bpho-r1', 2004, '[]', '[]');
INSERT INTO year_files (year_id, file_type, url) VALUES (315, 'solutions', 'https://cdn.phoxiv.org/olympiads/bpho-r1/2004_S.pdf');
INSERT INTO year_files (year_id, file_type, url) VALUES (315, 'FirstSection', 'https://cdn.phoxiv.org/olympiads/bpho-r1/2004_1.pdf');
INSERT INTO years (id, olympiad_id, year, notes, extra_links) VALUES (316, 'bpho-r1', 2003, '[]', '[]');
INSERT INTO year_files (year_id, file_type, url) VALUES (316, 'solutions', 'https://cdn.phoxiv.org/olympiads/bpho-r1/2003_S.pdf');
INSERT INTO year_files (year_id, file_type, url) VALUES (316, 'FirstSection', 'https://cdn.phoxiv.org/olympiads/bpho-r1/2003_1.pdf');
INSERT INTO years (id, olympiad_id, year, notes, extra_links) VALUES (317, 'bpho-r1', 2002, '[]', '[]');
INSERT INTO year_files (year_id, file_type, url) VALUES (317, 'solutions', 'https://cdn.phoxiv.org/olympiads/bpho-r1/2002_S.pdf');
INSERT INTO year_files (year_id, file_type, url) VALUES (317, 'FirstSection', 'https://cdn.phoxiv.org/olympiads/bpho-r1/2002_1.pdf');
INSERT INTO years (id, olympiad_id, year, notes, extra_links) VALUES (318, 'bpho-r1', 2001, '[]', '[]');
INSERT INTO year_files (year_id, file_type, url) VALUES (318, 'solutions', 'https://cdn.phoxiv.org/olympiads/bpho-r1/2001_S.pdf');
INSERT INTO year_files (year_id, file_type, url) VALUES (318, 'FirstSection', 'https://cdn.phoxiv.org/olympiads/bpho-r1/2001_1.pdf');
INSERT INTO years (id, olympiad_id, year, notes, extra_links) VALUES (319, 'bpho-r2', 2025, '[]', '[]');
INSERT INTO year_files (year_id, file_type, url) VALUES (319, 'problems', 'https://cdn.phoxiv.org/olympiads/bpho-r2/2025.pdf');
INSERT INTO years (id, olympiad_id, year, notes, extra_links) VALUES (320, 'bpho-r2', 2024, '[]', '[]');
INSERT INTO year_files (year_id, file_type, url) VALUES (320, 'problems', 'https://cdn.phoxiv.org/olympiads/bpho-r2/2024.pdf');
INSERT INTO years (id, olympiad_id, year, notes, extra_links) VALUES (321, 'bpho-r2', 2023, '[]', '[]');
INSERT INTO year_files (year_id, file_type, url) VALUES (321, 'problems', 'https://cdn.phoxiv.org/olympiads/bpho-r2/2023.pdf');
INSERT INTO year_files (year_id, file_type, url) VALUES (321, 'solutions', 'https://cdn.phoxiv.org/olympiads/bpho-r2/2023_S.pdf');
INSERT INTO years (id, olympiad_id, year, notes, extra_links) VALUES (322, 'bpho-r2', 2022, '[]', '[]');
INSERT INTO year_files (year_id, file_type, url) VALUES (322, 'problems', 'https://cdn.phoxiv.org/olympiads/bpho-r2/2022.pdf');
INSERT INTO years (id, olympiad_id, year, notes, extra_links) VALUES (323, 'bpho-r2', 2021, '[]', '[]');
INSERT INTO year_files (year_id, file_type, url) VALUES (323, 'problems', 'https://cdn.phoxiv.org/olympiads/bpho-r2/2021.pdf');
INSERT INTO years (id, olympiad_id, year, notes, extra_links) VALUES (324, 'bpho-r2', 2020, '[]', '[]');
INSERT INTO year_files (year_id, file_type, url) VALUES (324, 'problems', 'https://cdn.phoxiv.org/olympiads/bpho-r2/2020.pdf');
INSERT INTO years (id, olympiad_id, year, notes, extra_links) VALUES (325, 'bpho-r2', 2019, '[]', '[]');
INSERT INTO year_files (year_id, file_type, url) VALUES (325, 'problems', 'https://cdn.phoxiv.org/olympiads/bpho-r2/2019.pdf');
INSERT INTO year_files (year_id, file_type, url) VALUES (325, 'solutions', 'https://cdn.phoxiv.org/olympiads/bpho-r2/2019_S.pdf');
INSERT INTO years (id, olympiad_id, year, notes, extra_links) VALUES (326, 'bpho-r2', 2018, '[]', '[]');
INSERT INTO year_files (year_id, file_type, url) VALUES (326, 'problems', 'https://cdn.phoxiv.org/olympiads/bpho-r2/2018.pdf');
INSERT INTO year_files (year_id, file_type, url) VALUES (326, 'solutions', 'https://cdn.phoxiv.org/olympiads/bpho-r2/2018_S.pdf');
INSERT INTO years (id, olympiad_id, year, notes, extra_links) VALUES (327, 'bpho-r2', 2017, '[]', '[]');
INSERT INTO year_files (year_id, file_type, url) VALUES (327, 'problems', 'https://cdn.phoxiv.org/olympiads/bpho-r2/2017.pdf');
INSERT INTO year_files (year_id, file_type, url) VALUES (327, 'solutions', 'https://cdn.phoxiv.org/olympiads/bpho-r2/2017_S.pdf');
INSERT INTO years (id, olympiad_id, year, notes, extra_links) VALUES (328, 'bpho-r2', 2016, '[]', '[]');
INSERT INTO year_files (year_id, file_type, url) VALUES (328, 'problems', 'https://cdn.phoxiv.org/olympiads/bpho-r2/2016.pdf');
INSERT INTO year_files (year_id, file_type, url) VALUES (328, 'solutions', 'https://cdn.phoxiv.org/olympiads/bpho-r2/2016_S.pdf');
INSERT INTO years (id, olympiad_id, year, notes, extra_links) VALUES (329, 'bpho-r2', 2015, '[]', '[]');
INSERT INTO year_files (year_id, file_type, url) VALUES (329, 'problems', 'https://cdn.phoxiv.org/olympiads/bpho-r2/2015.pdf');
INSERT INTO years (id, olympiad_id, year, notes, extra_links) VALUES (330, 'bpho-r2', 2014, '[]', '[]');
INSERT INTO year_files (year_id, file_type, url) VALUES (330, 'problems', 'https://cdn.phoxiv.org/olympiads/bpho-r2/2014.pdf');
INSERT INTO year_files (year_id, file_type, url) VALUES (330, 'solutions', 'https://cdn.phoxiv.org/olympiads/bpho-r2/2014_S.pdf');
INSERT INTO years (id, olympiad_id, year, notes, extra_links) VALUES (331, 'bpho-r2', 2013, '[]', '[]');
INSERT INTO year_files (year_id, file_type, url) VALUES (331, 'problems', 'https://cdn.phoxiv.org/olympiads/bpho-r2/2013.pdf');
INSERT INTO year_files (year_id, file_type, url) VALUES (331, 'solutions', 'https://cdn.phoxiv.org/olympiads/bpho-r2/2013_S.pdf');
INSERT INTO years (id, olympiad_id, year, notes, extra_links) VALUES (332, 'bpho-r2', 2012, '[]', '[]');
INSERT INTO year_files (year_id, file_type, url) VALUES (332, 'problems', 'https://cdn.phoxiv.org/olympiads/bpho-r2/2012.pdf');
INSERT INTO year_files (year_id, file_type, url) VALUES (332, 'solutions', 'https://cdn.phoxiv.org/olympiads/bpho-r2/2012_S.pdf');
INSERT INTO years (id, olympiad_id, year, notes, extra_links) VALUES (333, 'bpho-r2', 2011, '[]', '[]');
INSERT INTO year_files (year_id, file_type, url) VALUES (333, 'problems', 'https://cdn.phoxiv.org/olympiads/bpho-r2/2011.pdf');
INSERT INTO years (id, olympiad_id, year, notes, extra_links) VALUES (334, 'bpho-r2', 2010, '[]', '[]');
INSERT INTO year_files (year_id, file_type, url) VALUES (334, 'problems', 'https://cdn.phoxiv.org/olympiads/bpho-r2/2010.pdf');
INSERT INTO years (id, olympiad_id, year, notes, extra_links) VALUES (335, 'bpho-r2', 2008, '[]', '[]');
INSERT INTO year_files (year_id, file_type, url) VALUES (335, 'problems', 'https://cdn.phoxiv.org/olympiads/bpho-r2/2008.pdf');
INSERT INTO years (id, olympiad_id, year, notes, extra_links) VALUES (336, 'bpho-r2', 2007, '[]', '[]');
INSERT INTO year_files (year_id, file_type, url) VALUES (336, 'problems', 'https://cdn.phoxiv.org/olympiads/bpho-r2/2007.pdf');
INSERT INTO years (id, olympiad_id, year, notes, extra_links) VALUES (337, 'bpho-r2', 2006, '[]', '[]');
INSERT INTO year_files (year_id, file_type, url) VALUES (337, 'problems', 'https://cdn.phoxiv.org/olympiads/bpho-r2/2006.pdf');
INSERT INTO years (id, olympiad_id, year, notes, extra_links) VALUES (338, 'bpho-r2', 2005, '[]', '[]');
INSERT INTO year_files (year_id, file_type, url) VALUES (338, 'problems', 'https://cdn.phoxiv.org/olympiads/bpho-r2/2005.pdf');
INSERT INTO years (id, olympiad_id, year, notes, extra_links) VALUES (339, 'bpho-r2', 2004, '[]', '[]');
INSERT INTO year_files (year_id, file_type, url) VALUES (339, 'problems', 'https://cdn.phoxiv.org/olympiads/bpho-r2/2004.pdf');
INSERT INTO years (id, olympiad_id, year, notes, extra_links) VALUES (340, 'bpho-r2', 2003, '[]', '[]');
INSERT INTO year_files (year_id, file_type, url) VALUES (340, 'problems', 'https://cdn.phoxiv.org/olympiads/bpho-r2/2003.pdf');
INSERT INTO years (id, olympiad_id, year, notes, extra_links) VALUES (341, 'kphc', 2022, '[]', '[]');
INSERT INTO year_files (year_id, file_type, url) VALUES (341, 'part1', 'https://cdn.phoxiv.org/olympiads/kphc/2022_1.pdf');
INSERT INTO year_files (year_id, file_type, url) VALUES (341, 'part2', 'https://cdn.phoxiv.org/olympiads/kphc/2022_2.pdf');
INSERT INTO years (id, olympiad_id, year, notes, extra_links) VALUES (342, 'kphc', 2021, '[]', '[]');
INSERT INTO year_files (year_id, file_type, url) VALUES (342, 'problems', 'https://cdn.phoxiv.org/olympiads/kphc/2021.pdf');
INSERT INTO years (id, olympiad_id, year, notes, extra_links) VALUES (343, 'kphc', 2020, '[]', '[]');
INSERT INTO year_files (year_id, file_type, url) VALUES (343, 'problems', 'https://cdn.phoxiv.org/olympiads/kphc/2020.pdf');
INSERT INTO years (id, olympiad_id, year, notes, extra_links) VALUES (344, 'kphc', 2019, '[]', '[]');
INSERT INTO year_files (year_id, file_type, url) VALUES (344, 'problems', 'https://cdn.phoxiv.org/olympiads/kphc/2019.pdf');
INSERT INTO years (id, olympiad_id, year, notes, extra_links) VALUES (345, 'kphc', 2018, '[]', '[]');
INSERT INTO year_files (year_id, file_type, url) VALUES (345, 'problems', 'https://cdn.phoxiv.org/olympiads/kphc/2018.pdf');
INSERT INTO years (id, olympiad_id, year, notes, extra_links) VALUES (346, 'kphc', 2017, '[]', '[]');
INSERT INTO year_files (year_id, file_type, url) VALUES (346, 'problems', 'https://cdn.phoxiv.org/olympiads/kphc/2017.pdf');
INSERT INTO years (id, olympiad_id, year, notes, extra_links) VALUES (347, 'kphc', 2016, '[]', '[]');
INSERT INTO year_files (year_id, file_type, url) VALUES (347, 'problems', 'https://cdn.phoxiv.org/olympiads/kphc/2016.pdf');
INSERT INTO years (id, olympiad_id, year, notes, extra_links) VALUES (348, 'kphc', 2015, '[]', '[]');
INSERT INTO year_files (year_id, file_type, url) VALUES (348, 'part1', 'https://cdn.phoxiv.org/olympiads/kphc/2015_1.pdf');
INSERT INTO year_files (year_id, file_type, url) VALUES (348, 'part2', 'https://cdn.phoxiv.org/olympiads/kphc/2015_2.pdf');
INSERT INTO years (id, olympiad_id, year, notes, extra_links) VALUES (349, 'rupho-w', 2026, '[]', '[]');
INSERT INTO problems (id, year_id, number, title) VALUES (236, 349, 'T1', NULL);
INSERT INTO problem_files (problem_id, file_type, url) VALUES (236, 'problem', 'https://cdn.phoxiv.org/olympiads/rupho-w/2026/T1.pdf');
INSERT INTO problem_files (problem_id, file_type, url) VALUES (236, 'solution', 'https://cdn.phoxiv.org/olympiads/rupho-w/2026/T1_S.pdf');
INSERT INTO problems (id, year_id, number, title) VALUES (237, 349, 'T2', NULL);
INSERT INTO problem_files (problem_id, file_type, url) VALUES (237, 'problem', 'https://cdn.phoxiv.org/olympiads/rupho-w/2026/T2.pdf');
INSERT INTO problem_files (problem_id, file_type, url) VALUES (237, 'solution', 'https://cdn.phoxiv.org/olympiads/rupho-w/2026/T2_S.pdf');
INSERT INTO problems (id, year_id, number, title) VALUES (238, 349, 'PE', NULL);
INSERT INTO problem_files (problem_id, file_type, url) VALUES (238, 'problem', 'https://cdn.phoxiv.org/olympiads/rupho-w/2026/PE.pdf');
INSERT INTO problem_files (problem_id, file_type, url) VALUES (238, 'solution', 'https://cdn.phoxiv.org/olympiads/rupho-w/2026/PE_S.pdf');
INSERT INTO problems (id, year_id, number, title) VALUES (239, 349, 'PE+', NULL);
INSERT INTO problem_files (problem_id, file_type, url) VALUES (239, 'problem', 'https://cdn.phoxiv.org/olympiads/rupho-w/2026/PE+.pdf');
INSERT INTO problem_files (problem_id, file_type, url) VALUES (239, 'solution', 'https://cdn.phoxiv.org/olympiads/rupho-w/2026/PE+_S.pdf');
INSERT INTO years (id, olympiad_id, year, notes, extra_links) VALUES (350, 'rupho-w', 2025, '[]', '[]');
INSERT INTO problems (id, year_id, number, title) VALUES (240, 350, 'T1', NULL);
INSERT INTO problem_files (problem_id, file_type, url) VALUES (240, 'problem', 'https://cdn.phoxiv.org/olympiads/rupho-w/2025/T1.pdf');
INSERT INTO problem_files (problem_id, file_type, url) VALUES (240, 'solution', 'https://cdn.phoxiv.org/olympiads/rupho-w/2025/T1_S.pdf');
INSERT INTO problems (id, year_id, number, title) VALUES (241, 350, 'T2', NULL);
INSERT INTO problem_files (problem_id, file_type, url) VALUES (241, 'problem', 'https://cdn.phoxiv.org/olympiads/rupho-w/2025/T2.pdf');
INSERT INTO problem_files (problem_id, file_type, url) VALUES (241, 'solution', 'https://cdn.phoxiv.org/olympiads/rupho-w/2025/T2_S.pdf');
INSERT INTO problems (id, year_id, number, title) VALUES (242, 350, 'PE', NULL);
INSERT INTO problem_files (problem_id, file_type, url) VALUES (242, 'problem', 'https://cdn.phoxiv.org/olympiads/rupho-w/2025/PE.pdf');
INSERT INTO problem_files (problem_id, file_type, url) VALUES (242, 'solution', 'https://cdn.phoxiv.org/olympiads/rupho-w/2025/PE_S.pdf');
INSERT INTO years (id, olympiad_id, year, notes, extra_links) VALUES (351, 'rupho-w', 2024, '[]', '[]');
INSERT INTO problems (id, year_id, number, title) VALUES (243, 351, 'T1', NULL);
INSERT INTO problem_files (problem_id, file_type, url) VALUES (243, 'problem', 'https://cdn.phoxiv.org/olympiads/rupho-w/2024/T1.pdf');
INSERT INTO problem_files (problem_id, file_type, url) VALUES (243, 'solution', 'https://cdn.phoxiv.org/olympiads/rupho-w/2024/T1_S.pdf');
INSERT INTO problems (id, year_id, number, title) VALUES (244, 351, 'T2', NULL);
INSERT INTO problem_files (problem_id, file_type, url) VALUES (244, 'problem', 'https://cdn.phoxiv.org/olympiads/rupho-w/2024/T2.pdf');
INSERT INTO problem_files (problem_id, file_type, url) VALUES (244, 'solution', 'https://cdn.phoxiv.org/olympiads/rupho-w/2024/T2_S.pdf');
INSERT INTO problems (id, year_id, number, title) VALUES (245, 351, 'PE', NULL);
INSERT INTO problem_files (problem_id, file_type, url) VALUES (245, 'problem', 'https://cdn.phoxiv.org/olympiads/rupho-w/2024/PE.pdf');
INSERT INTO problem_files (problem_id, file_type, url) VALUES (245, 'solution', 'https://cdn.phoxiv.org/olympiads/rupho-w/2024/PE_S.pdf');
INSERT INTO years (id, olympiad_id, year, notes, extra_links) VALUES (352, 'rupho-w', 2023, '[]', '[]');
INSERT INTO problems (id, year_id, number, title) VALUES (246, 352, 'T1', NULL);
INSERT INTO problem_files (problem_id, file_type, url) VALUES (246, 'problem', 'https://cdn.phoxiv.org/olympiads/rupho-w/2023/T1.pdf');
INSERT INTO problem_files (problem_id, file_type, url) VALUES (246, 'solution', 'https://cdn.phoxiv.org/olympiads/rupho-w/2023/T1_S.pdf');
INSERT INTO problems (id, year_id, number, title) VALUES (247, 352, 'T2', NULL);
INSERT INTO problem_files (problem_id, file_type, url) VALUES (247, 'problem', 'https://cdn.phoxiv.org/olympiads/rupho-w/2023/T2.pdf');
INSERT INTO problem_files (problem_id, file_type, url) VALUES (247, 'solution', 'https://cdn.phoxiv.org/olympiads/rupho-w/2023/T2_S.pdf');
INSERT INTO problems (id, year_id, number, title) VALUES (248, 352, 'PE', NULL);
INSERT INTO problem_files (problem_id, file_type, url) VALUES (248, 'problem', 'https://cdn.phoxiv.org/olympiads/rupho-w/2023/PE.pdf');
INSERT INTO problem_files (problem_id, file_type, url) VALUES (248, 'solution', 'https://cdn.phoxiv.org/olympiads/rupho-w/2023/PE_S.pdf');
INSERT INTO years (id, olympiad_id, year, notes, extra_links) VALUES (353, 'rupho-w', 2022, '[]', '[]');
INSERT INTO problems (id, year_id, number, title) VALUES (249, 353, 'T1', NULL);
INSERT INTO problem_files (problem_id, file_type, url) VALUES (249, 'problem', 'https://cdn.phoxiv.org/olympiads/rupho-w/2022/T1.pdf');
INSERT INTO problem_files (problem_id, file_type, url) VALUES (249, 'solution', 'https://cdn.phoxiv.org/olympiads/rupho-w/2022/T1_S.pdf');
INSERT INTO problems (id, year_id, number, title) VALUES (250, 353, 'T2', NULL);
INSERT INTO problem_files (problem_id, file_type, url) VALUES (250, 'problem', 'https://cdn.phoxiv.org/olympiads/rupho-w/2022/T2.pdf');
INSERT INTO problem_files (problem_id, file_type, url) VALUES (250, 'solution', 'https://cdn.phoxiv.org/olympiads/rupho-w/2022/T2_S.pdf');
INSERT INTO problems (id, year_id, number, title) VALUES (251, 353, 'PE', NULL);
INSERT INTO problem_files (problem_id, file_type, url) VALUES (251, 'problem', 'https://cdn.phoxiv.org/olympiads/rupho-w/2022/PE.pdf');
INSERT INTO problem_files (problem_id, file_type, url) VALUES (251, 'solution', 'https://cdn.phoxiv.org/olympiads/rupho-w/2022/PE_S.pdf');
INSERT INTO years (id, olympiad_id, year, notes, extra_links) VALUES (354, 'rupho-w', 2021, '[]', '[]');
INSERT INTO problems (id, year_id, number, title) VALUES (252, 354, 'T1', NULL);
INSERT INTO problem_files (problem_id, file_type, url) VALUES (252, 'problem', 'https://cdn.phoxiv.org/olympiads/rupho-w/2021/T1.pdf');
INSERT INTO problem_files (problem_id, file_type, url) VALUES (252, 'solution', 'https://cdn.phoxiv.org/olympiads/rupho-w/2021/T1_S.pdf');
INSERT INTO problems (id, year_id, number, title) VALUES (253, 354, 'T2', NULL);
INSERT INTO problem_files (problem_id, file_type, url) VALUES (253, 'problem', 'https://cdn.phoxiv.org/olympiads/rupho-w/2021/T2.pdf');
INSERT INTO problem_files (problem_id, file_type, url) VALUES (253, 'solution', 'https://cdn.phoxiv.org/olympiads/rupho-w/2021/T2_S.pdf');
INSERT INTO problems (id, year_id, number, title) VALUES (254, 354, 'T3', NULL);
INSERT INTO problem_files (problem_id, file_type, url) VALUES (254, 'problem', 'https://cdn.phoxiv.org/olympiads/rupho-w/2021/T3.pdf');
INSERT INTO problem_files (problem_id, file_type, url) VALUES (254, 'solution', 'https://cdn.phoxiv.org/olympiads/rupho-w/2021/T3_S.pdf');
INSERT INTO problems (id, year_id, number, title) VALUES (255, 354, 'T4', NULL);
INSERT INTO problem_files (problem_id, file_type, url) VALUES (255, 'problem', 'https://cdn.phoxiv.org/olympiads/rupho-w/2021/T4.pdf');
INSERT INTO problem_files (problem_id, file_type, url) VALUES (255, 'solution', 'https://cdn.phoxiv.org/olympiads/rupho-w/2021/T4_S.pdf');
INSERT INTO problems (id, year_id, number, title) VALUES (256, 354, 'T5', NULL);
INSERT INTO problem_files (problem_id, file_type, url) VALUES (256, 'problem', 'https://cdn.phoxiv.org/olympiads/rupho-w/2021/T5.pdf');
INSERT INTO problem_files (problem_id, file_type, url) VALUES (256, 'solution', 'https://cdn.phoxiv.org/olympiads/rupho-w/2021/T5_S.pdf');
INSERT INTO problems (id, year_id, number, title) VALUES (257, 354, 'T6', NULL);
INSERT INTO problem_files (problem_id, file_type, url) VALUES (257, 'problem', 'https://cdn.phoxiv.org/olympiads/rupho-w/2021/T6.pdf');
INSERT INTO problem_files (problem_id, file_type, url) VALUES (257, 'solution', 'https://cdn.phoxiv.org/olympiads/rupho-w/2021/T6_S.pdf');
INSERT INTO problems (id, year_id, number, title) VALUES (258, 354, 'T7', NULL);
INSERT INTO problem_files (problem_id, file_type, url) VALUES (258, 'problem', 'https://cdn.phoxiv.org/olympiads/rupho-w/2021/T7.pdf');
INSERT INTO problem_files (problem_id, file_type, url) VALUES (258, 'solution', 'https://cdn.phoxiv.org/olympiads/rupho-w/2021/T7_S.pdf');
INSERT INTO problems (id, year_id, number, title) VALUES (259, 354, 'E1', NULL);
INSERT INTO problem_files (problem_id, file_type, url) VALUES (259, 'problem', 'https://cdn.phoxiv.org/olympiads/rupho-w/2021/E1.pdf');
INSERT INTO problem_files (problem_id, file_type, url) VALUES (259, 'solution', 'https://cdn.phoxiv.org/olympiads/rupho-w/2021/E1_S.pdf');
INSERT INTO problems (id, year_id, number, title) VALUES (260, 354, 'E2', NULL);
INSERT INTO problem_files (problem_id, file_type, url) VALUES (260, 'problem', 'https://cdn.phoxiv.org/olympiads/rupho-w/2021/E2.pdf');
INSERT INTO problem_files (problem_id, file_type, url) VALUES (260, 'solution', 'https://cdn.phoxiv.org/olympiads/rupho-w/2021/E2_S.pdf');
INSERT INTO problems (id, year_id, number, title) VALUES (261, 354, 'PE', NULL);
INSERT INTO problem_files (problem_id, file_type, url) VALUES (261, 'problem', 'https://cdn.phoxiv.org/olympiads/rupho-w/2021/PE.pdf');
INSERT INTO problem_files (problem_id, file_type, url) VALUES (261, 'solution', 'https://cdn.phoxiv.org/olympiads/rupho-w/2021/PE_S.pdf');
INSERT INTO years (id, olympiad_id, year, notes, extra_links) VALUES (355, 'rupho-x', 2026, '[]', '[]');
INSERT INTO problems (id, year_id, number, title) VALUES (262, 355, 'T1', NULL);
INSERT INTO problem_files (problem_id, file_type, url) VALUES (262, 'problem', 'https://cdn.phoxiv.org/olympiads/rupho-x/2026/T1.pdf');
INSERT INTO problem_files (problem_id, file_type, url) VALUES (262, 'solution', 'https://cdn.phoxiv.org/olympiads/rupho-x/2026/T1_S.pdf');
INSERT INTO problems (id, year_id, number, title) VALUES (263, 355, 'T2', NULL);
INSERT INTO problem_files (problem_id, file_type, url) VALUES (263, 'problem', 'https://cdn.phoxiv.org/olympiads/rupho-x/2026/T2.pdf');
INSERT INTO problem_files (problem_id, file_type, url) VALUES (263, 'solution', 'https://cdn.phoxiv.org/olympiads/rupho-x/2026/T2_S.pdf');
INSERT INTO problems (id, year_id, number, title) VALUES (264, 355, 'T3', NULL);
INSERT INTO problem_files (problem_id, file_type, url) VALUES (264, 'problem', 'https://cdn.phoxiv.org/olympiads/rupho-x/2026/T3.pdf');
INSERT INTO problem_files (problem_id, file_type, url) VALUES (264, 'solution', 'https://cdn.phoxiv.org/olympiads/rupho-x/2026/T3_S.pdf');
INSERT INTO problems (id, year_id, number, title) VALUES (265, 355, 'T5', NULL);
INSERT INTO problem_files (problem_id, file_type, url) VALUES (265, 'problem', 'https://cdn.phoxiv.org/olympiads/rupho-x/2026/T5.pdf');
INSERT INTO problem_files (problem_id, file_type, url) VALUES (265, 'solution', 'https://cdn.phoxiv.org/olympiads/rupho-x/2026/T5_S.pdf');
INSERT INTO problems (id, year_id, number, title) VALUES (266, 355, 'T6', NULL);
INSERT INTO problem_files (problem_id, file_type, url) VALUES (266, 'problem', 'https://cdn.phoxiv.org/olympiads/rupho-x/2026/T6.pdf');
INSERT INTO problem_files (problem_id, file_type, url) VALUES (266, 'solution', 'https://cdn.phoxiv.org/olympiads/rupho-x/2026/T6_S.pdf');
INSERT INTO problems (id, year_id, number, title) VALUES (267, 355, 'E1', NULL);
INSERT INTO problem_files (problem_id, file_type, url) VALUES (267, 'problem', 'https://cdn.phoxiv.org/olympiads/rupho-x/2026/E1.pdf');
INSERT INTO problem_files (problem_id, file_type, url) VALUES (267, 'solution', 'https://cdn.phoxiv.org/olympiads/rupho-x/2026/E1_S.pdf');
INSERT INTO problems (id, year_id, number, title) VALUES (268, 355, 'E2', NULL);
INSERT INTO problem_files (problem_id, file_type, url) VALUES (268, 'problem', 'https://cdn.phoxiv.org/olympiads/rupho-x/2026/E2.pdf');
INSERT INTO problem_files (problem_id, file_type, url) VALUES (268, 'solution', 'https://cdn.phoxiv.org/olympiads/rupho-x/2026/E2_S.pdf');
INSERT INTO years (id, olympiad_id, year, notes, extra_links) VALUES (356, 'rupho-x', 2025, '[]', '[]');
INSERT INTO problems (id, year_id, number, title) VALUES (269, 356, 'T1', NULL);
INSERT INTO problem_files (problem_id, file_type, url) VALUES (269, 'problem', 'https://cdn.phoxiv.org/olympiads/rupho-x/2025/T1.pdf');
INSERT INTO problem_files (problem_id, file_type, url) VALUES (269, 'solution', 'https://cdn.phoxiv.org/olympiads/rupho-x/2025/T1_S.pdf');
INSERT INTO problems (id, year_id, number, title) VALUES (270, 356, 'T2', NULL);
INSERT INTO problem_files (problem_id, file_type, url) VALUES (270, 'problem', 'https://cdn.phoxiv.org/olympiads/rupho-x/2025/T2.pdf');
INSERT INTO problem_files (problem_id, file_type, url) VALUES (270, 'solution', 'https://cdn.phoxiv.org/olympiads/rupho-x/2025/T2_S.pdf');
INSERT INTO problems (id, year_id, number, title) VALUES (271, 356, 'T3', NULL);
INSERT INTO problem_files (problem_id, file_type, url) VALUES (271, 'problem', 'https://cdn.phoxiv.org/olympiads/rupho-x/2025/T3.pdf');
INSERT INTO problem_files (problem_id, file_type, url) VALUES (271, 'solution', 'https://cdn.phoxiv.org/olympiads/rupho-x/2025/T3_S.pdf');
INSERT INTO problems (id, year_id, number, title) VALUES (272, 356, 'T4', NULL);
INSERT INTO problem_files (problem_id, file_type, url) VALUES (272, 'problem', 'https://cdn.phoxiv.org/olympiads/rupho-x/2025/T4.pdf');
INSERT INTO problem_files (problem_id, file_type, url) VALUES (272, 'solution', 'https://cdn.phoxiv.org/olympiads/rupho-x/2025/T4_S.pdf');
INSERT INTO problems (id, year_id, number, title) VALUES (273, 356, 'T5', NULL);
INSERT INTO problem_files (problem_id, file_type, url) VALUES (273, 'problem', 'https://cdn.phoxiv.org/olympiads/rupho-x/2025/T5.pdf');
INSERT INTO problem_files (problem_id, file_type, url) VALUES (273, 'solution', 'https://cdn.phoxiv.org/olympiads/rupho-x/2025/T5_S.pdf');
INSERT INTO problems (id, year_id, number, title) VALUES (274, 356, 'T6', NULL);
INSERT INTO problem_files (problem_id, file_type, url) VALUES (274, 'problem', 'https://cdn.phoxiv.org/olympiads/rupho-x/2025/T6.pdf');
INSERT INTO problem_files (problem_id, file_type, url) VALUES (274, 'solution', 'https://cdn.phoxiv.org/olympiads/rupho-x/2025/T6_S.pdf');
INSERT INTO problems (id, year_id, number, title) VALUES (275, 356, 'E1', NULL);
INSERT INTO problem_files (problem_id, file_type, url) VALUES (275, 'problem', 'https://cdn.phoxiv.org/olympiads/rupho-x/2025/E1.pdf');
INSERT INTO problem_files (problem_id, file_type, url) VALUES (275, 'solution', 'https://cdn.phoxiv.org/olympiads/rupho-x/2025/E1_S.pdf');
INSERT INTO problems (id, year_id, number, title) VALUES (276, 356, 'E2', NULL);
INSERT INTO problem_files (problem_id, file_type, url) VALUES (276, 'problem', 'https://cdn.phoxiv.org/olympiads/rupho-x/2025/E2.pdf');
INSERT INTO problem_files (problem_id, file_type, url) VALUES (276, 'solution', 'https://cdn.phoxiv.org/olympiads/rupho-x/2025/E2_S.pdf');
INSERT INTO years (id, olympiad_id, year, notes, extra_links) VALUES (357, 'rupho-x', 2024, '[]', '[]');
INSERT INTO problems (id, year_id, number, title) VALUES (277, 357, 'T1', NULL);
INSERT INTO problem_files (problem_id, file_type, url) VALUES (277, 'problem', 'https://cdn.phoxiv.org/olympiads/rupho-x/2024/T1.pdf');
INSERT INTO problem_files (problem_id, file_type, url) VALUES (277, 'solution', 'https://cdn.phoxiv.org/olympiads/rupho-x/2024/T1_S.pdf');
INSERT INTO problems (id, year_id, number, title) VALUES (278, 357, 'T2', NULL);
INSERT INTO problem_files (problem_id, file_type, url) VALUES (278, 'problem', 'https://cdn.phoxiv.org/olympiads/rupho-x/2024/T2.pdf');
INSERT INTO problem_files (problem_id, file_type, url) VALUES (278, 'solution', 'https://cdn.phoxiv.org/olympiads/rupho-x/2024/T2_S.pdf');
INSERT INTO problems (id, year_id, number, title) VALUES (279, 357, 'T3', NULL);
INSERT INTO problem_files (problem_id, file_type, url) VALUES (279, 'problem', 'https://cdn.phoxiv.org/olympiads/rupho-x/2024/T3.pdf');
INSERT INTO problem_files (problem_id, file_type, url) VALUES (279, 'solution', 'https://cdn.phoxiv.org/olympiads/rupho-x/2024/T3_S.pdf');
INSERT INTO problems (id, year_id, number, title) VALUES (280, 357, 'T4', NULL);
INSERT INTO problem_files (problem_id, file_type, url) VALUES (280, 'problem', 'https://cdn.phoxiv.org/olympiads/rupho-x/2024/T4.pdf');
INSERT INTO problem_files (problem_id, file_type, url) VALUES (280, 'solution', 'https://cdn.phoxiv.org/olympiads/rupho-x/2024/T4_S.pdf');
INSERT INTO problems (id, year_id, number, title) VALUES (281, 357, 'T5', NULL);
INSERT INTO problem_files (problem_id, file_type, url) VALUES (281, 'problem', 'https://cdn.phoxiv.org/olympiads/rupho-x/2024/T5.pdf');
INSERT INTO problem_files (problem_id, file_type, url) VALUES (281, 'solution', 'https://cdn.phoxiv.org/olympiads/rupho-x/2024/T5_S.pdf');
INSERT INTO problems (id, year_id, number, title) VALUES (282, 357, 'T6', NULL);
INSERT INTO problem_files (problem_id, file_type, url) VALUES (282, 'problem', 'https://cdn.phoxiv.org/olympiads/rupho-x/2024/T6.pdf');
INSERT INTO problem_files (problem_id, file_type, url) VALUES (282, 'solution', 'https://cdn.phoxiv.org/olympiads/rupho-x/2024/T6_S.pdf');
INSERT INTO problems (id, year_id, number, title) VALUES (283, 357, 'E1', NULL);
INSERT INTO problem_files (problem_id, file_type, url) VALUES (283, 'problem', 'https://cdn.phoxiv.org/olympiads/rupho-x/2024/E1.pdf');
INSERT INTO problem_files (problem_id, file_type, url) VALUES (283, 'solution', 'https://cdn.phoxiv.org/olympiads/rupho-x/2024/E1_S.pdf');
INSERT INTO problems (id, year_id, number, title) VALUES (284, 357, 'E2', NULL);
INSERT INTO problem_files (problem_id, file_type, url) VALUES (284, 'problem', 'https://cdn.phoxiv.org/olympiads/rupho-x/2024/E2.pdf');
INSERT INTO problem_files (problem_id, file_type, url) VALUES (284, 'solution', 'https://cdn.phoxiv.org/olympiads/rupho-x/2024/E2_S.pdf');
INSERT INTO problems (id, year_id, number, title) VALUES (285, 357, 'PE', NULL);
INSERT INTO problem_files (problem_id, file_type, url) VALUES (285, 'problem', 'https://cdn.phoxiv.org/olympiads/rupho-x/2024/PE.pdf');
INSERT INTO years (id, olympiad_id, year, notes, extra_links) VALUES (358, 'rupho-x', 2023, '[]', '[]');
INSERT INTO problems (id, year_id, number, title) VALUES (286, 358, 'T1', NULL);
INSERT INTO problem_files (problem_id, file_type, url) VALUES (286, 'problem', 'https://cdn.phoxiv.org/olympiads/rupho-x/2023/T1.pdf');
INSERT INTO problem_files (problem_id, file_type, url) VALUES (286, 'solution', 'https://cdn.phoxiv.org/olympiads/rupho-x/2023/T1_S.pdf');
INSERT INTO problems (id, year_id, number, title) VALUES (287, 358, 'T2', NULL);
INSERT INTO problem_files (problem_id, file_type, url) VALUES (287, 'problem', 'https://cdn.phoxiv.org/olympiads/rupho-x/2023/T2.pdf');
INSERT INTO problem_files (problem_id, file_type, url) VALUES (287, 'solution', 'https://cdn.phoxiv.org/olympiads/rupho-x/2023/T2_S.pdf');
INSERT INTO problems (id, year_id, number, title) VALUES (288, 358, 'T3', NULL);
INSERT INTO problem_files (problem_id, file_type, url) VALUES (288, 'problem', 'https://cdn.phoxiv.org/olympiads/rupho-x/2023/T3.pdf');
INSERT INTO problem_files (problem_id, file_type, url) VALUES (288, 'solution', 'https://cdn.phoxiv.org/olympiads/rupho-x/2023/T3_S.pdf');
INSERT INTO problems (id, year_id, number, title) VALUES (289, 358, 'T4', NULL);
INSERT INTO problem_files (problem_id, file_type, url) VALUES (289, 'problem', 'https://cdn.phoxiv.org/olympiads/rupho-x/2023/T4.pdf');
INSERT INTO problem_files (problem_id, file_type, url) VALUES (289, 'solution', 'https://cdn.phoxiv.org/olympiads/rupho-x/2023/T4_S.pdf');
INSERT INTO problems (id, year_id, number, title) VALUES (290, 358, 'T5', NULL);
INSERT INTO problem_files (problem_id, file_type, url) VALUES (290, 'problem', 'https://cdn.phoxiv.org/olympiads/rupho-x/2023/T5.pdf');
INSERT INTO problem_files (problem_id, file_type, url) VALUES (290, 'solution', 'https://cdn.phoxiv.org/olympiads/rupho-x/2023/T5_S.pdf');
INSERT INTO problems (id, year_id, number, title) VALUES (291, 358, 'T6', NULL);
INSERT INTO problem_files (problem_id, file_type, url) VALUES (291, 'problem', 'https://cdn.phoxiv.org/olympiads/rupho-x/2023/T6.pdf');
INSERT INTO problem_files (problem_id, file_type, url) VALUES (291, 'solution', 'https://cdn.phoxiv.org/olympiads/rupho-x/2023/T6_S.pdf');
INSERT INTO problems (id, year_id, number, title) VALUES (292, 358, 'E1', NULL);
INSERT INTO problem_files (problem_id, file_type, url) VALUES (292, 'problem', 'https://cdn.phoxiv.org/olympiads/rupho-x/2023/E1.pdf');
INSERT INTO problem_files (problem_id, file_type, url) VALUES (292, 'solution', 'https://cdn.phoxiv.org/olympiads/rupho-x/2023/E1_S.pdf');
INSERT INTO problems (id, year_id, number, title) VALUES (293, 358, 'E2', NULL);
INSERT INTO problem_files (problem_id, file_type, url) VALUES (293, 'problem', 'https://cdn.phoxiv.org/olympiads/rupho-x/2023/E2.pdf');
INSERT INTO problem_files (problem_id, file_type, url) VALUES (293, 'solution', 'https://cdn.phoxiv.org/olympiads/rupho-x/2023/E2_S.pdf');
INSERT INTO problems (id, year_id, number, title) VALUES (294, 358, 'PE', NULL);
INSERT INTO problem_files (problem_id, file_type, url) VALUES (294, 'problem', 'https://cdn.phoxiv.org/olympiads/rupho-x/2023/PE.pdf');
INSERT INTO problem_files (problem_id, file_type, url) VALUES (294, 'solution', 'https://cdn.phoxiv.org/olympiads/rupho-x/2023/PE_S.pdf');
INSERT INTO years (id, olympiad_id, year, notes, extra_links) VALUES (359, 'rupho-x', 2022, '[]', '[]');
INSERT INTO problems (id, year_id, number, title) VALUES (295, 359, 'T1', NULL);
INSERT INTO problem_files (problem_id, file_type, url) VALUES (295, 'problem', 'https://cdn.phoxiv.org/olympiads/rupho-x/2022/T1.pdf');
INSERT INTO problem_files (problem_id, file_type, url) VALUES (295, 'solution', 'https://cdn.phoxiv.org/olympiads/rupho-x/2022/T1_S.pdf');
INSERT INTO problems (id, year_id, number, title) VALUES (296, 359, 'T2', NULL);
INSERT INTO problem_files (problem_id, file_type, url) VALUES (296, 'problem', 'https://cdn.phoxiv.org/olympiads/rupho-x/2022/T2.pdf');
INSERT INTO problem_files (problem_id, file_type, url) VALUES (296, 'solution', 'https://cdn.phoxiv.org/olympiads/rupho-x/2022/T2_S.pdf');
INSERT INTO problems (id, year_id, number, title) VALUES (297, 359, 'T3', NULL);
INSERT INTO problem_files (problem_id, file_type, url) VALUES (297, 'problem', 'https://cdn.phoxiv.org/olympiads/rupho-x/2022/T3.pdf');
INSERT INTO problem_files (problem_id, file_type, url) VALUES (297, 'solution', 'https://cdn.phoxiv.org/olympiads/rupho-x/2022/T3_S.pdf');
INSERT INTO problems (id, year_id, number, title) VALUES (298, 359, 'T4', NULL);
INSERT INTO problem_files (problem_id, file_type, url) VALUES (298, 'problem', 'https://cdn.phoxiv.org/olympiads/rupho-x/2022/T4.pdf');
INSERT INTO problem_files (problem_id, file_type, url) VALUES (298, 'solution', 'https://cdn.phoxiv.org/olympiads/rupho-x/2022/T4_S.pdf');
INSERT INTO problems (id, year_id, number, title) VALUES (299, 359, 'T5', NULL);
INSERT INTO problem_files (problem_id, file_type, url) VALUES (299, 'problem', 'https://cdn.phoxiv.org/olympiads/rupho-x/2022/T5.pdf');
INSERT INTO problem_files (problem_id, file_type, url) VALUES (299, 'solution', 'https://cdn.phoxiv.org/olympiads/rupho-x/2022/T5_S.pdf');
INSERT INTO problems (id, year_id, number, title) VALUES (300, 359, 'T6', NULL);
INSERT INTO problem_files (problem_id, file_type, url) VALUES (300, 'problem', 'https://cdn.phoxiv.org/olympiads/rupho-x/2022/T6.pdf');
INSERT INTO problem_files (problem_id, file_type, url) VALUES (300, 'solution', 'https://cdn.phoxiv.org/olympiads/rupho-x/2022/T6_S.pdf');
INSERT INTO problems (id, year_id, number, title) VALUES (301, 359, 'E1', NULL);
INSERT INTO problem_files (problem_id, file_type, url) VALUES (301, 'problem', 'https://cdn.phoxiv.org/olympiads/rupho-x/2022/E1.pdf');
INSERT INTO problem_files (problem_id, file_type, url) VALUES (301, 'solution', 'https://cdn.phoxiv.org/olympiads/rupho-x/2022/E1_S.pdf');
INSERT INTO problems (id, year_id, number, title) VALUES (302, 359, 'E2', NULL);
INSERT INTO problem_files (problem_id, file_type, url) VALUES (302, 'problem', 'https://cdn.phoxiv.org/olympiads/rupho-x/2022/E2.pdf');
INSERT INTO problem_files (problem_id, file_type, url) VALUES (302, 'solution', 'https://cdn.phoxiv.org/olympiads/rupho-x/2022/E2_S.pdf');
INSERT INTO problems (id, year_id, number, title) VALUES (303, 359, 'PE', NULL);
INSERT INTO problem_files (problem_id, file_type, url) VALUES (303, 'problem', 'https://cdn.phoxiv.org/olympiads/rupho-x/2022/PE.pdf');
INSERT INTO problem_files (problem_id, file_type, url) VALUES (303, 'solution', 'https://cdn.phoxiv.org/olympiads/rupho-x/2022/PE_S.pdf');
INSERT INTO years (id, olympiad_id, year, notes, extra_links) VALUES (360, 'rupho-x', 2021, '[]', '[]');
INSERT INTO problems (id, year_id, number, title) VALUES (304, 360, 'T1', NULL);
INSERT INTO problem_files (problem_id, file_type, url) VALUES (304, 'problem', 'https://cdn.phoxiv.org/olympiads/rupho-x/2021/T1.pdf');
INSERT INTO problem_files (problem_id, file_type, url) VALUES (304, 'solution', 'https://cdn.phoxiv.org/olympiads/rupho-x/2021/T1_S.pdf');
INSERT INTO problems (id, year_id, number, title) VALUES (305, 360, 'T2', NULL);
INSERT INTO problem_files (problem_id, file_type, url) VALUES (305, 'problem', 'https://cdn.phoxiv.org/olympiads/rupho-x/2021/T2.pdf');
INSERT INTO problem_files (problem_id, file_type, url) VALUES (305, 'solution', 'https://cdn.phoxiv.org/olympiads/rupho-x/2021/T2_S.pdf');
INSERT INTO problems (id, year_id, number, title) VALUES (306, 360, 'T3', NULL);
INSERT INTO problem_files (problem_id, file_type, url) VALUES (306, 'problem', 'https://cdn.phoxiv.org/olympiads/rupho-x/2021/T3.pdf');
INSERT INTO problem_files (problem_id, file_type, url) VALUES (306, 'solution', 'https://cdn.phoxiv.org/olympiads/rupho-x/2021/T3_S.pdf');
INSERT INTO problems (id, year_id, number, title) VALUES (307, 360, 'T4', NULL);
INSERT INTO problem_files (problem_id, file_type, url) VALUES (307, 'problem', 'https://cdn.phoxiv.org/olympiads/rupho-x/2021/T4.pdf');
INSERT INTO problem_files (problem_id, file_type, url) VALUES (307, 'solution', 'https://cdn.phoxiv.org/olympiads/rupho-x/2021/T4_S.pdf');
INSERT INTO problems (id, year_id, number, title) VALUES (308, 360, 'T5', NULL);
INSERT INTO problem_files (problem_id, file_type, url) VALUES (308, 'problem', 'https://cdn.phoxiv.org/olympiads/rupho-x/2021/T5.pdf');
INSERT INTO problem_files (problem_id, file_type, url) VALUES (308, 'solution', 'https://cdn.phoxiv.org/olympiads/rupho-x/2021/T5_S.pdf');
INSERT INTO problems (id, year_id, number, title) VALUES (309, 360, 'T6', NULL);
INSERT INTO problem_files (problem_id, file_type, url) VALUES (309, 'problem', 'https://cdn.phoxiv.org/olympiads/rupho-x/2021/T6.pdf');
INSERT INTO problem_files (problem_id, file_type, url) VALUES (309, 'solution', 'https://cdn.phoxiv.org/olympiads/rupho-x/2021/T6_S.pdf');
INSERT INTO problems (id, year_id, number, title) VALUES (310, 360, 'T7', NULL);
INSERT INTO problem_files (problem_id, file_type, url) VALUES (310, 'problem', 'https://cdn.phoxiv.org/olympiads/rupho-x/2021/T7.pdf');
INSERT INTO problem_files (problem_id, file_type, url) VALUES (310, 'solution', 'https://cdn.phoxiv.org/olympiads/rupho-x/2021/T7_S.pdf');
INSERT INTO problems (id, year_id, number, title) VALUES (311, 360, 'E1', NULL);
INSERT INTO problem_files (problem_id, file_type, url) VALUES (311, 'problem', 'https://cdn.phoxiv.org/olympiads/rupho-x/2021/E1.pdf');
INSERT INTO problem_files (problem_id, file_type, url) VALUES (311, 'solution', 'https://cdn.phoxiv.org/olympiads/rupho-x/2021/E1_S.pdf');
INSERT INTO problems (id, year_id, number, title) VALUES (312, 360, 'E2', NULL);
INSERT INTO problem_files (problem_id, file_type, url) VALUES (312, 'problem', 'https://cdn.phoxiv.org/olympiads/rupho-x/2021/E2.pdf');
INSERT INTO problem_files (problem_id, file_type, url) VALUES (312, 'solution', 'https://cdn.phoxiv.org/olympiads/rupho-x/2021/E2_S.pdf');
INSERT INTO problems (id, year_id, number, title) VALUES (313, 360, 'PE', NULL);
INSERT INTO problem_files (problem_id, file_type, url) VALUES (313, 'problem', 'https://cdn.phoxiv.org/olympiads/rupho-x/2021/PE.pdf');
INSERT INTO problem_files (problem_id, file_type, url) VALUES (313, 'solution', 'https://cdn.phoxiv.org/olympiads/rupho-x/2021/PE_S.pdf');
INSERT INTO years (id, olympiad_id, year, notes, extra_links) VALUES (361, 'rupho-x', 2020, '[]', '[]');
INSERT INTO problems (id, year_id, number, title) VALUES (314, 361, 'T1', NULL);
INSERT INTO problem_files (problem_id, file_type, url) VALUES (314, 'problem', 'https://cdn.phoxiv.org/olympiads/rupho-x/2020/T1.pdf');
INSERT INTO problem_files (problem_id, file_type, url) VALUES (314, 'solution', 'https://cdn.phoxiv.org/olympiads/rupho-x/2020/T1_S.pdf');
INSERT INTO problems (id, year_id, number, title) VALUES (315, 361, 'T2', NULL);
INSERT INTO problem_files (problem_id, file_type, url) VALUES (315, 'problem', 'https://cdn.phoxiv.org/olympiads/rupho-x/2020/T2.pdf');
INSERT INTO problem_files (problem_id, file_type, url) VALUES (315, 'solution', 'https://cdn.phoxiv.org/olympiads/rupho-x/2020/T2_S.pdf');
INSERT INTO problems (id, year_id, number, title) VALUES (316, 361, 'T3', NULL);
INSERT INTO problem_files (problem_id, file_type, url) VALUES (316, 'problem', 'https://cdn.phoxiv.org/olympiads/rupho-x/2020/T3.pdf');
INSERT INTO problem_files (problem_id, file_type, url) VALUES (316, 'solution', 'https://cdn.phoxiv.org/olympiads/rupho-x/2020/T3_S.pdf');
INSERT INTO problems (id, year_id, number, title) VALUES (317, 361, 'T4', NULL);
INSERT INTO problem_files (problem_id, file_type, url) VALUES (317, 'problem', 'https://cdn.phoxiv.org/olympiads/rupho-x/2020/T4.pdf');
INSERT INTO problem_files (problem_id, file_type, url) VALUES (317, 'solution', 'https://cdn.phoxiv.org/olympiads/rupho-x/2020/T4_S.pdf');
INSERT INTO problems (id, year_id, number, title) VALUES (318, 361, 'T5', NULL);
INSERT INTO problem_files (problem_id, file_type, url) VALUES (318, 'problem', 'https://cdn.phoxiv.org/olympiads/rupho-x/2020/T5.pdf');
INSERT INTO problem_files (problem_id, file_type, url) VALUES (318, 'solution', 'https://cdn.phoxiv.org/olympiads/rupho-x/2020/T5_S.pdf');
INSERT INTO problems (id, year_id, number, title) VALUES (319, 361, 'T6', NULL);
INSERT INTO problem_files (problem_id, file_type, url) VALUES (319, 'problem', 'https://cdn.phoxiv.org/olympiads/rupho-x/2020/T6.pdf');
INSERT INTO problem_files (problem_id, file_type, url) VALUES (319, 'solution', 'https://cdn.phoxiv.org/olympiads/rupho-x/2020/T6_S.pdf');
INSERT INTO problems (id, year_id, number, title) VALUES (320, 361, 'T7', NULL);
INSERT INTO problem_files (problem_id, file_type, url) VALUES (320, 'problem', 'https://cdn.phoxiv.org/olympiads/rupho-x/2020/T7.pdf');
INSERT INTO problem_files (problem_id, file_type, url) VALUES (320, 'solution', 'https://cdn.phoxiv.org/olympiads/rupho-x/2020/T7_S.pdf');
INSERT INTO problems (id, year_id, number, title) VALUES (321, 361, 'E1', NULL);
INSERT INTO problem_files (problem_id, file_type, url) VALUES (321, 'problem', 'https://cdn.phoxiv.org/olympiads/rupho-x/2020/E1.pdf');
INSERT INTO problem_files (problem_id, file_type, url) VALUES (321, 'solution', 'https://cdn.phoxiv.org/olympiads/rupho-x/2020/E1_S.pdf');
INSERT INTO problems (id, year_id, number, title) VALUES (322, 361, 'E2', NULL);
INSERT INTO problem_files (problem_id, file_type, url) VALUES (322, 'problem', 'https://cdn.phoxiv.org/olympiads/rupho-x/2020/E2.pdf');
INSERT INTO problem_files (problem_id, file_type, url) VALUES (322, 'solution', 'https://cdn.phoxiv.org/olympiads/rupho-x/2020/E2_S.pdf');
INSERT INTO problems (id, year_id, number, title) VALUES (323, 361, 'PE', NULL);
INSERT INTO problem_files (problem_id, file_type, url) VALUES (323, 'problem', 'https://cdn.phoxiv.org/olympiads/rupho-x/2020/PE.pdf');
INSERT INTO problem_files (problem_id, file_type, url) VALUES (323, 'solution', 'https://cdn.phoxiv.org/olympiads/rupho-x/2020/PE_S.pdf');
INSERT INTO years (id, olympiad_id, year, notes, extra_links) VALUES (362, 'rupho-x', 2019, '[]', '[]');
INSERT INTO problems (id, year_id, number, title) VALUES (324, 362, 'T1', NULL);
INSERT INTO problem_files (problem_id, file_type, url) VALUES (324, 'problem', 'https://cdn.phoxiv.org/olympiads/rupho-x/2019/T1.pdf');
INSERT INTO problem_files (problem_id, file_type, url) VALUES (324, 'solution', 'https://cdn.phoxiv.org/olympiads/rupho-x/2019/T1_S.pdf');
INSERT INTO problems (id, year_id, number, title) VALUES (325, 362, 'T2', NULL);
INSERT INTO problem_files (problem_id, file_type, url) VALUES (325, 'problem', 'https://cdn.phoxiv.org/olympiads/rupho-x/2019/T2.pdf');
INSERT INTO problem_files (problem_id, file_type, url) VALUES (325, 'solution', 'https://cdn.phoxiv.org/olympiads/rupho-x/2019/T2_S.pdf');
INSERT INTO problems (id, year_id, number, title) VALUES (326, 362, 'T3', NULL);
INSERT INTO problem_files (problem_id, file_type, url) VALUES (326, 'problem', 'https://cdn.phoxiv.org/olympiads/rupho-x/2019/T3.pdf');
INSERT INTO problem_files (problem_id, file_type, url) VALUES (326, 'solution', 'https://cdn.phoxiv.org/olympiads/rupho-x/2019/T3_S.pdf');
INSERT INTO problems (id, year_id, number, title) VALUES (327, 362, 'T4', NULL);
INSERT INTO problem_files (problem_id, file_type, url) VALUES (327, 'problem', 'https://cdn.phoxiv.org/olympiads/rupho-x/2019/T4.pdf');
INSERT INTO problem_files (problem_id, file_type, url) VALUES (327, 'solution', 'https://cdn.phoxiv.org/olympiads/rupho-x/2019/T4_S.pdf');
INSERT INTO problems (id, year_id, number, title) VALUES (328, 362, 'T5', NULL);
INSERT INTO problem_files (problem_id, file_type, url) VALUES (328, 'problem', 'https://cdn.phoxiv.org/olympiads/rupho-x/2019/T5.pdf');
INSERT INTO problems (id, year_id, number, title) VALUES (329, 362, 'T6', NULL);
INSERT INTO problem_files (problem_id, file_type, url) VALUES (329, 'problem', 'https://cdn.phoxiv.org/olympiads/rupho-x/2019/T6.pdf');
INSERT INTO problem_files (problem_id, file_type, url) VALUES (329, 'solution', 'https://cdn.phoxiv.org/olympiads/rupho-x/2019/T6_S.pdf');
INSERT INTO problems (id, year_id, number, title) VALUES (330, 362, 'T7', NULL);
INSERT INTO problem_files (problem_id, file_type, url) VALUES (330, 'problem', 'https://cdn.phoxiv.org/olympiads/rupho-x/2019/T7.pdf');
INSERT INTO problem_files (problem_id, file_type, url) VALUES (330, 'solution', 'https://cdn.phoxiv.org/olympiads/rupho-x/2019/T7_S.pdf');
INSERT INTO problems (id, year_id, number, title) VALUES (331, 362, 'T8', NULL);
INSERT INTO problem_files (problem_id, file_type, url) VALUES (331, 'problem', 'https://cdn.phoxiv.org/olympiads/rupho-x/2019/T8.pdf');
INSERT INTO problem_files (problem_id, file_type, url) VALUES (331, 'solution', 'https://cdn.phoxiv.org/olympiads/rupho-x/2019/T8_S.pdf');
INSERT INTO years (id, olympiad_id, year, notes, extra_links) VALUES (363, 'rupho-x', 2018, '[]', '[]');
INSERT INTO problems (id, year_id, number, title) VALUES (332, 363, 'T1', NULL);
INSERT INTO problem_files (problem_id, file_type, url) VALUES (332, 'problem', 'https://cdn.phoxiv.org/olympiads/rupho-x/2018/T1.pdf');
INSERT INTO problem_files (problem_id, file_type, url) VALUES (332, 'solution', 'https://cdn.phoxiv.org/olympiads/rupho-x/2018/T1_S.pdf');
INSERT INTO problems (id, year_id, number, title) VALUES (333, 363, 'T2', NULL);
INSERT INTO problem_files (problem_id, file_type, url) VALUES (333, 'problem', 'https://cdn.phoxiv.org/olympiads/rupho-x/2018/T2.pdf');
INSERT INTO problem_files (problem_id, file_type, url) VALUES (333, 'solution', 'https://cdn.phoxiv.org/olympiads/rupho-x/2018/T2_S.pdf');
INSERT INTO problems (id, year_id, number, title) VALUES (334, 363, 'T3', NULL);
INSERT INTO problem_files (problem_id, file_type, url) VALUES (334, 'problem', 'https://cdn.phoxiv.org/olympiads/rupho-x/2018/T3.pdf');
INSERT INTO problem_files (problem_id, file_type, url) VALUES (334, 'solution', 'https://cdn.phoxiv.org/olympiads/rupho-x/2018/T3_S.pdf');
INSERT INTO problems (id, year_id, number, title) VALUES (335, 363, 'T4', NULL);
INSERT INTO problem_files (problem_id, file_type, url) VALUES (335, 'problem', 'https://cdn.phoxiv.org/olympiads/rupho-x/2018/T4.pdf');
INSERT INTO problem_files (problem_id, file_type, url) VALUES (335, 'solution', 'https://cdn.phoxiv.org/olympiads/rupho-x/2018/T4_S.pdf');
INSERT INTO problems (id, year_id, number, title) VALUES (336, 363, 'T5', NULL);
INSERT INTO problem_files (problem_id, file_type, url) VALUES (336, 'problem', 'https://cdn.phoxiv.org/olympiads/rupho-x/2018/T5.pdf');
INSERT INTO problem_files (problem_id, file_type, url) VALUES (336, 'solution', 'https://cdn.phoxiv.org/olympiads/rupho-x/2018/T5_S.pdf');
INSERT INTO problems (id, year_id, number, title) VALUES (337, 363, 'T6', NULL);
INSERT INTO problem_files (problem_id, file_type, url) VALUES (337, 'problem', 'https://cdn.phoxiv.org/olympiads/rupho-x/2018/T6.pdf');
INSERT INTO problem_files (problem_id, file_type, url) VALUES (337, 'solution', 'https://cdn.phoxiv.org/olympiads/rupho-x/2018/T6_S.pdf');
INSERT INTO problems (id, year_id, number, title) VALUES (338, 363, 'T7', NULL);
INSERT INTO problem_files (problem_id, file_type, url) VALUES (338, 'problem', 'https://cdn.phoxiv.org/olympiads/rupho-x/2018/T7.pdf');
INSERT INTO problem_files (problem_id, file_type, url) VALUES (338, 'solution', 'https://cdn.phoxiv.org/olympiads/rupho-x/2018/T7_S.pdf');
INSERT INTO problems (id, year_id, number, title) VALUES (339, 363, 'T8', NULL);
INSERT INTO problem_files (problem_id, file_type, url) VALUES (339, 'problem', 'https://cdn.phoxiv.org/olympiads/rupho-x/2018/T8.pdf');
INSERT INTO problem_files (problem_id, file_type, url) VALUES (339, 'solution', 'https://cdn.phoxiv.org/olympiads/rupho-x/2018/T8_S.pdf');
INSERT INTO years (id, olympiad_id, year, notes, extra_links) VALUES (364, 'rupho-x', 2017, '[]', '[]');
INSERT INTO problems (id, year_id, number, title) VALUES (340, 364, 'T1', NULL);
INSERT INTO problem_files (problem_id, file_type, url) VALUES (340, 'Part 1', 'https://cdn.phoxiv.org/olympiads/rupho-x/2017/T1_1.pdf');
INSERT INTO problem_files (problem_id, file_type, url) VALUES (340, 'Part 2', 'https://cdn.phoxiv.org/olympiads/rupho-x/2017/T1_2.pdf');
INSERT INTO problems (id, year_id, number, title) VALUES (341, 364, 'T2', NULL);
INSERT INTO problem_files (problem_id, file_type, url) VALUES (341, 'problem', 'https://cdn.phoxiv.org/olympiads/rupho-x/2017/T2.pdf');
INSERT INTO problems (id, year_id, number, title) VALUES (342, 364, 'T3', NULL);
INSERT INTO problem_files (problem_id, file_type, url) VALUES (342, 'Part 1', 'https://cdn.phoxiv.org/olympiads/rupho-x/2017/T3_1.pdf');
INSERT INTO problem_files (problem_id, file_type, url) VALUES (342, 'Part 2', 'https://cdn.phoxiv.org/olympiads/rupho-x/2017/T3_2.pdf');
INSERT INTO problems (id, year_id, number, title) VALUES (343, 364, 'T4', NULL);
INSERT INTO problem_files (problem_id, file_type, url) VALUES (343, 'problem', 'https://cdn.phoxiv.org/olympiads/rupho-x/2017/T4.pdf');
INSERT INTO problems (id, year_id, number, title) VALUES (344, 364, 'T5', NULL);
INSERT INTO problem_files (problem_id, file_type, url) VALUES (344, 'problem', 'https://cdn.phoxiv.org/olympiads/rupho-x/2017/T5.pdf');
INSERT INTO problems (id, year_id, number, title) VALUES (345, 364, 'T6', NULL);
INSERT INTO problem_files (problem_id, file_type, url) VALUES (345, 'Part 1', 'https://cdn.phoxiv.org/olympiads/rupho-x/2017/T6_1.pdf');
INSERT INTO problem_files (problem_id, file_type, url) VALUES (345, 'Part 2', 'https://cdn.phoxiv.org/olympiads/rupho-x/2017/T6_2.pdf');
INSERT INTO years (id, olympiad_id, year, notes, extra_links) VALUES (365, 'rupho-x', 2016, '[]', '[]');
INSERT INTO problems (id, year_id, number, title) VALUES (346, 365, 'T1', NULL);
INSERT INTO problem_files (problem_id, file_type, url) VALUES (346, 'problem', 'https://cdn.phoxiv.org/olympiads/rupho-x/2016/T1.pdf');
INSERT INTO problem_files (problem_id, file_type, url) VALUES (346, 'solution', 'https://cdn.phoxiv.org/olympiads/rupho-x/2016/T1_S.pdf');
INSERT INTO problems (id, year_id, number, title) VALUES (347, 365, 'T2', NULL);
INSERT INTO problem_files (problem_id, file_type, url) VALUES (347, 'problem', 'https://cdn.phoxiv.org/olympiads/rupho-x/2016/T2.pdf');
INSERT INTO problems (id, year_id, number, title) VALUES (348, 365, 'T3', NULL);
INSERT INTO problem_files (problem_id, file_type, url) VALUES (348, 'Part 1', 'https://cdn.phoxiv.org/olympiads/rupho-x/2016/T3_1.pdf');
INSERT INTO problem_files (problem_id, file_type, url) VALUES (348, 'Part 2', 'https://cdn.phoxiv.org/olympiads/rupho-x/2016/T3_2.pdf');
INSERT INTO problem_files (problem_id, file_type, url) VALUES (348, 'Part 3', 'https://cdn.phoxiv.org/olympiads/rupho-x/2016/T3_3.pdf');
INSERT INTO problems (id, year_id, number, title) VALUES (349, 365, 'T5', NULL);
INSERT INTO problem_files (problem_id, file_type, url) VALUES (349, 'problem', 'https://cdn.phoxiv.org/olympiads/rupho-x/2016/T5.pdf');
INSERT INTO problems (id, year_id, number, title) VALUES (350, 365, 'T6', NULL);
INSERT INTO problem_files (problem_id, file_type, url) VALUES (350, 'problem', 'https://cdn.phoxiv.org/olympiads/rupho-x/2016/T6.pdf');
INSERT INTO years (id, olympiad_id, year, notes, extra_links) VALUES (366, 'rupho-y', 2026, '[]', '[]');
INSERT INTO problems (id, year_id, number, title) VALUES (351, 366, 'T1', NULL);
INSERT INTO problem_files (problem_id, file_type, url) VALUES (351, 'problem', 'https://cdn.phoxiv.org/olympiads/rupho-y/2026/T1.pdf');
INSERT INTO problem_files (problem_id, file_type, url) VALUES (351, 'solution', 'https://cdn.phoxiv.org/olympiads/rupho-y/2026/T1_S.pdf');
INSERT INTO problems (id, year_id, number, title) VALUES (352, 366, 'T2', NULL);
INSERT INTO problem_files (problem_id, file_type, url) VALUES (352, 'problem', 'https://cdn.phoxiv.org/olympiads/rupho-y/2026/T2.pdf');
INSERT INTO problem_files (problem_id, file_type, url) VALUES (352, 'solution', 'https://cdn.phoxiv.org/olympiads/rupho-y/2026/T2_S.pdf');
INSERT INTO problems (id, year_id, number, title) VALUES (353, 366, 'T3', NULL);
INSERT INTO problem_files (problem_id, file_type, url) VALUES (353, 'problem', 'https://cdn.phoxiv.org/olympiads/rupho-y/2026/T3.pdf');
INSERT INTO problem_files (problem_id, file_type, url) VALUES (353, 'solution', 'https://cdn.phoxiv.org/olympiads/rupho-y/2026/T3_S.pdf');
INSERT INTO problems (id, year_id, number, title) VALUES (354, 366, 'T4', NULL);
INSERT INTO problem_files (problem_id, file_type, url) VALUES (354, 'problem', 'https://cdn.phoxiv.org/olympiads/rupho-y/2026/T4.pdf');
INSERT INTO problem_files (problem_id, file_type, url) VALUES (354, 'solution', 'https://cdn.phoxiv.org/olympiads/rupho-y/2026/T4_S.pdf');
INSERT INTO problems (id, year_id, number, title) VALUES (355, 366, 'T5', NULL);
INSERT INTO problem_files (problem_id, file_type, url) VALUES (355, 'problem', 'https://cdn.phoxiv.org/olympiads/rupho-y/2026/T5.pdf');
INSERT INTO problem_files (problem_id, file_type, url) VALUES (355, 'solution', 'https://cdn.phoxiv.org/olympiads/rupho-y/2026/T5_S.pdf');
INSERT INTO problems (id, year_id, number, title) VALUES (356, 366, 'T6', NULL);
INSERT INTO problem_files (problem_id, file_type, url) VALUES (356, 'problem', 'https://cdn.phoxiv.org/olympiads/rupho-y/2026/T6.pdf');
INSERT INTO problem_files (problem_id, file_type, url) VALUES (356, 'solution', 'https://cdn.phoxiv.org/olympiads/rupho-y/2026/T6_S.pdf');
INSERT INTO problems (id, year_id, number, title) VALUES (357, 366, 'E1', NULL);
INSERT INTO problem_files (problem_id, file_type, url) VALUES (357, 'problem', 'https://cdn.phoxiv.org/olympiads/rupho-y/2026/E1.pdf');
INSERT INTO problem_files (problem_id, file_type, url) VALUES (357, 'solution', 'https://cdn.phoxiv.org/olympiads/rupho-y/2026/E1_S.pdf');
INSERT INTO problems (id, year_id, number, title) VALUES (358, 366, 'E2', NULL);
INSERT INTO problem_files (problem_id, file_type, url) VALUES (358, 'problem', 'https://cdn.phoxiv.org/olympiads/rupho-y/2026/E2.pdf');
INSERT INTO problem_files (problem_id, file_type, url) VALUES (358, 'solution', 'https://cdn.phoxiv.org/olympiads/rupho-y/2026/E2_S.pdf');
INSERT INTO years (id, olympiad_id, year, notes, extra_links) VALUES (367, 'rupho-y', 2025, '[]', '[]');
INSERT INTO problems (id, year_id, number, title) VALUES (359, 367, 'T1', NULL);
INSERT INTO problem_files (problem_id, file_type, url) VALUES (359, 'problem', 'https://cdn.phoxiv.org/olympiads/rupho-y/2025/T1.pdf');
INSERT INTO problem_files (problem_id, file_type, url) VALUES (359, 'solution', 'https://cdn.phoxiv.org/olympiads/rupho-y/2025/T1_S.pdf');
INSERT INTO problems (id, year_id, number, title) VALUES (360, 367, 'T2', NULL);
INSERT INTO problem_files (problem_id, file_type, url) VALUES (360, 'problem', 'https://cdn.phoxiv.org/olympiads/rupho-y/2025/T2.pdf');
INSERT INTO problem_files (problem_id, file_type, url) VALUES (360, 'solution', 'https://cdn.phoxiv.org/olympiads/rupho-y/2025/T2_S.pdf');
INSERT INTO problems (id, year_id, number, title) VALUES (361, 367, 'T3', NULL);
INSERT INTO problem_files (problem_id, file_type, url) VALUES (361, 'problem', 'https://cdn.phoxiv.org/olympiads/rupho-y/2025/T3.pdf');
INSERT INTO problem_files (problem_id, file_type, url) VALUES (361, 'solution', 'https://cdn.phoxiv.org/olympiads/rupho-y/2025/T3_S.pdf');
INSERT INTO problems (id, year_id, number, title) VALUES (362, 367, 'T4', NULL);
INSERT INTO problem_files (problem_id, file_type, url) VALUES (362, 'problem', 'https://cdn.phoxiv.org/olympiads/rupho-y/2025/T4.pdf');
INSERT INTO problem_files (problem_id, file_type, url) VALUES (362, 'solution', 'https://cdn.phoxiv.org/olympiads/rupho-y/2025/T4_S.pdf');
INSERT INTO problems (id, year_id, number, title) VALUES (363, 367, 'T5', NULL);
INSERT INTO problem_files (problem_id, file_type, url) VALUES (363, 'problem', 'https://cdn.phoxiv.org/olympiads/rupho-y/2025/T5.pdf');
INSERT INTO problem_files (problem_id, file_type, url) VALUES (363, 'solution', 'https://cdn.phoxiv.org/olympiads/rupho-y/2025/T5_S.pdf');
INSERT INTO problems (id, year_id, number, title) VALUES (364, 367, 'T6', NULL);
INSERT INTO problem_files (problem_id, file_type, url) VALUES (364, 'problem', 'https://cdn.phoxiv.org/olympiads/rupho-y/2025/T6.pdf');
INSERT INTO problem_files (problem_id, file_type, url) VALUES (364, 'solution', 'https://cdn.phoxiv.org/olympiads/rupho-y/2025/T6_S.pdf');
INSERT INTO problems (id, year_id, number, title) VALUES (365, 367, 'E1', NULL);
INSERT INTO problem_files (problem_id, file_type, url) VALUES (365, 'problem', 'https://cdn.phoxiv.org/olympiads/rupho-y/2025/E1.pdf');
INSERT INTO problem_files (problem_id, file_type, url) VALUES (365, 'solution', 'https://cdn.phoxiv.org/olympiads/rupho-y/2025/E1_S.pdf');
INSERT INTO problems (id, year_id, number, title) VALUES (366, 367, 'E2', NULL);
INSERT INTO problem_files (problem_id, file_type, url) VALUES (366, 'problem', 'https://cdn.phoxiv.org/olympiads/rupho-y/2025/E2.pdf');
INSERT INTO problem_files (problem_id, file_type, url) VALUES (366, 'solution', 'https://cdn.phoxiv.org/olympiads/rupho-y/2025/E2_S.pdf');
INSERT INTO years (id, olympiad_id, year, notes, extra_links) VALUES (368, 'rupho-y', 2024, '[]', '[]');
INSERT INTO problems (id, year_id, number, title) VALUES (367, 368, 'T1', NULL);
INSERT INTO problem_files (problem_id, file_type, url) VALUES (367, 'problem', 'https://cdn.phoxiv.org/olympiads/rupho-y/2024/T1.pdf');
INSERT INTO problem_files (problem_id, file_type, url) VALUES (367, 'solution', 'https://cdn.phoxiv.org/olympiads/rupho-y/2024/T1_S.pdf');
INSERT INTO problems (id, year_id, number, title) VALUES (368, 368, 'T2', NULL);
INSERT INTO problem_files (problem_id, file_type, url) VALUES (368, 'problem', 'https://cdn.phoxiv.org/olympiads/rupho-y/2024/T2.pdf');
INSERT INTO problem_files (problem_id, file_type, url) VALUES (368, 'solution', 'https://cdn.phoxiv.org/olympiads/rupho-y/2024/T2_S.pdf');
INSERT INTO problems (id, year_id, number, title) VALUES (369, 368, 'T3', NULL);
INSERT INTO problem_files (problem_id, file_type, url) VALUES (369, 'problem', 'https://cdn.phoxiv.org/olympiads/rupho-y/2024/T3.pdf');
INSERT INTO problem_files (problem_id, file_type, url) VALUES (369, 'solution', 'https://cdn.phoxiv.org/olympiads/rupho-y/2024/T3_S.pdf');
INSERT INTO problems (id, year_id, number, title) VALUES (370, 368, 'T4', NULL);
INSERT INTO problem_files (problem_id, file_type, url) VALUES (370, 'problem', 'https://cdn.phoxiv.org/olympiads/rupho-y/2024/T4.pdf');
INSERT INTO problem_files (problem_id, file_type, url) VALUES (370, 'solution', 'https://cdn.phoxiv.org/olympiads/rupho-y/2024/T4_S.pdf');
INSERT INTO problems (id, year_id, number, title) VALUES (371, 368, 'T5', NULL);
INSERT INTO problem_files (problem_id, file_type, url) VALUES (371, 'problem', 'https://cdn.phoxiv.org/olympiads/rupho-y/2024/T5.pdf');
INSERT INTO problem_files (problem_id, file_type, url) VALUES (371, 'solution', 'https://cdn.phoxiv.org/olympiads/rupho-y/2024/T5_S.pdf');
INSERT INTO problems (id, year_id, number, title) VALUES (372, 368, 'T6', NULL);
INSERT INTO problem_files (problem_id, file_type, url) VALUES (372, 'problem', 'https://cdn.phoxiv.org/olympiads/rupho-y/2024/T6.pdf');
INSERT INTO problem_files (problem_id, file_type, url) VALUES (372, 'solution', 'https://cdn.phoxiv.org/olympiads/rupho-y/2024/T6_S.pdf');
INSERT INTO problems (id, year_id, number, title) VALUES (373, 368, 'E1', NULL);
INSERT INTO problem_files (problem_id, file_type, url) VALUES (373, 'problem', 'https://cdn.phoxiv.org/olympiads/rupho-y/2024/E1.pdf');
INSERT INTO problem_files (problem_id, file_type, url) VALUES (373, 'solution', 'https://cdn.phoxiv.org/olympiads/rupho-y/2024/E1_S.pdf');
INSERT INTO problems (id, year_id, number, title) VALUES (374, 368, 'E2', NULL);
INSERT INTO problem_files (problem_id, file_type, url) VALUES (374, 'problem', 'https://cdn.phoxiv.org/olympiads/rupho-y/2024/E2.pdf');
INSERT INTO problem_files (problem_id, file_type, url) VALUES (374, 'solution', 'https://cdn.phoxiv.org/olympiads/rupho-y/2024/E2_S.pdf');
INSERT INTO problems (id, year_id, number, title) VALUES (375, 368, 'PE', NULL);
INSERT INTO problem_files (problem_id, file_type, url) VALUES (375, 'problem', 'https://cdn.phoxiv.org/olympiads/rupho-y/2024/PE.pdf');
INSERT INTO problem_files (problem_id, file_type, url) VALUES (375, 'solution', 'https://cdn.phoxiv.org/olympiads/rupho-y/2024/PE_S.pdf');
INSERT INTO years (id, olympiad_id, year, notes, extra_links) VALUES (369, 'rupho-y', 2023, '[]', '[]');
INSERT INTO problems (id, year_id, number, title) VALUES (376, 369, 'T1', NULL);
INSERT INTO problem_files (problem_id, file_type, url) VALUES (376, 'problem', 'https://cdn.phoxiv.org/olympiads/rupho-y/2023/T1.pdf');
INSERT INTO problem_files (problem_id, file_type, url) VALUES (376, 'solution', 'https://cdn.phoxiv.org/olympiads/rupho-y/2023/T1_S.pdf');
INSERT INTO problems (id, year_id, number, title) VALUES (377, 369, 'T2', NULL);
INSERT INTO problem_files (problem_id, file_type, url) VALUES (377, 'problem', 'https://cdn.phoxiv.org/olympiads/rupho-y/2023/T2.pdf');
INSERT INTO problem_files (problem_id, file_type, url) VALUES (377, 'solution', 'https://cdn.phoxiv.org/olympiads/rupho-y/2023/T2_S.pdf');
INSERT INTO problems (id, year_id, number, title) VALUES (378, 369, 'T3', NULL);
INSERT INTO problem_files (problem_id, file_type, url) VALUES (378, 'problem', 'https://cdn.phoxiv.org/olympiads/rupho-y/2023/T3.pdf');
INSERT INTO problem_files (problem_id, file_type, url) VALUES (378, 'solution', 'https://cdn.phoxiv.org/olympiads/rupho-y/2023/T3_S.pdf');
INSERT INTO problems (id, year_id, number, title) VALUES (379, 369, 'T4', NULL);
INSERT INTO problem_files (problem_id, file_type, url) VALUES (379, 'problem', 'https://cdn.phoxiv.org/olympiads/rupho-y/2023/T4.pdf');
INSERT INTO problem_files (problem_id, file_type, url) VALUES (379, 'solution', 'https://cdn.phoxiv.org/olympiads/rupho-y/2023/T4_S.pdf');
INSERT INTO problems (id, year_id, number, title) VALUES (380, 369, 'T5', NULL);
INSERT INTO problem_files (problem_id, file_type, url) VALUES (380, 'problem', 'https://cdn.phoxiv.org/olympiads/rupho-y/2023/T5.pdf');
INSERT INTO problem_files (problem_id, file_type, url) VALUES (380, 'solution', 'https://cdn.phoxiv.org/olympiads/rupho-y/2023/T5_S.pdf');
INSERT INTO problems (id, year_id, number, title) VALUES (381, 369, 'T6', NULL);
INSERT INTO problem_files (problem_id, file_type, url) VALUES (381, 'problem', 'https://cdn.phoxiv.org/olympiads/rupho-y/2023/T6.pdf');
INSERT INTO problem_files (problem_id, file_type, url) VALUES (381, 'solution', 'https://cdn.phoxiv.org/olympiads/rupho-y/2023/T6_S.pdf');
INSERT INTO problems (id, year_id, number, title) VALUES (382, 369, 'E1', NULL);
INSERT INTO problem_files (problem_id, file_type, url) VALUES (382, 'problem', 'https://cdn.phoxiv.org/olympiads/rupho-y/2023/E1.pdf');
INSERT INTO problem_files (problem_id, file_type, url) VALUES (382, 'solution', 'https://cdn.phoxiv.org/olympiads/rupho-y/2023/E1_S.pdf');
INSERT INTO problems (id, year_id, number, title) VALUES (383, 369, 'E2', NULL);
INSERT INTO problem_files (problem_id, file_type, url) VALUES (383, 'problem', 'https://cdn.phoxiv.org/olympiads/rupho-y/2023/E2.pdf');
INSERT INTO problems (id, year_id, number, title) VALUES (384, 369, 'PE', NULL);
INSERT INTO problem_files (problem_id, file_type, url) VALUES (384, 'problem', 'https://cdn.phoxiv.org/olympiads/rupho-y/2023/PE.pdf');
INSERT INTO problem_files (problem_id, file_type, url) VALUES (384, 'solution', 'https://cdn.phoxiv.org/olympiads/rupho-y/2023/PE_S.pdf');
INSERT INTO years (id, olympiad_id, year, notes, extra_links) VALUES (370, 'rupho-y', 2022, '[]', '[]');
INSERT INTO problems (id, year_id, number, title) VALUES (385, 370, 'T1', NULL);
INSERT INTO problem_files (problem_id, file_type, url) VALUES (385, 'problem', 'https://cdn.phoxiv.org/olympiads/rupho-y/2022/T1.pdf');
INSERT INTO problem_files (problem_id, file_type, url) VALUES (385, 'solution', 'https://cdn.phoxiv.org/olympiads/rupho-y/2022/T1_S.pdf');
INSERT INTO problems (id, year_id, number, title) VALUES (386, 370, 'T2', NULL);
INSERT INTO problem_files (problem_id, file_type, url) VALUES (386, 'problem', 'https://cdn.phoxiv.org/olympiads/rupho-y/2022/T2.pdf');
INSERT INTO problem_files (problem_id, file_type, url) VALUES (386, 'solution', 'https://cdn.phoxiv.org/olympiads/rupho-y/2022/T2_S.pdf');
INSERT INTO problems (id, year_id, number, title) VALUES (387, 370, 'T3', NULL);
INSERT INTO problem_files (problem_id, file_type, url) VALUES (387, 'problem', 'https://cdn.phoxiv.org/olympiads/rupho-y/2022/T3.pdf');
INSERT INTO problems (id, year_id, number, title) VALUES (388, 370, 'T4', NULL);
INSERT INTO problem_files (problem_id, file_type, url) VALUES (388, 'problem', 'https://cdn.phoxiv.org/olympiads/rupho-y/2022/T4.pdf');
INSERT INTO problem_files (problem_id, file_type, url) VALUES (388, 'solution', 'https://cdn.phoxiv.org/olympiads/rupho-y/2022/T4_S.pdf');
INSERT INTO problems (id, year_id, number, title) VALUES (389, 370, 'T5', NULL);
INSERT INTO problem_files (problem_id, file_type, url) VALUES (389, 'problem', 'https://cdn.phoxiv.org/olympiads/rupho-y/2022/T5.pdf');
INSERT INTO problem_files (problem_id, file_type, url) VALUES (389, 'solution', 'https://cdn.phoxiv.org/olympiads/rupho-y/2022/T5_S.pdf');
INSERT INTO problems (id, year_id, number, title) VALUES (390, 370, 'T6', NULL);
INSERT INTO problem_files (problem_id, file_type, url) VALUES (390, 'problem', 'https://cdn.phoxiv.org/olympiads/rupho-y/2022/T6.pdf');
INSERT INTO problem_files (problem_id, file_type, url) VALUES (390, 'solution', 'https://cdn.phoxiv.org/olympiads/rupho-y/2022/T6_S.pdf');
INSERT INTO problems (id, year_id, number, title) VALUES (391, 370, 'E1', NULL);
INSERT INTO problem_files (problem_id, file_type, url) VALUES (391, 'problem', 'https://cdn.phoxiv.org/olympiads/rupho-y/2022/E1.pdf');
INSERT INTO problem_files (problem_id, file_type, url) VALUES (391, 'solution', 'https://cdn.phoxiv.org/olympiads/rupho-y/2022/E1_S.pdf');
INSERT INTO problems (id, year_id, number, title) VALUES (392, 370, 'PE1', NULL);
INSERT INTO problem_files (problem_id, file_type, url) VALUES (392, 'problem', 'https://cdn.phoxiv.org/olympiads/rupho-y/2022/PE1.pdf');
INSERT INTO problem_files (problem_id, file_type, url) VALUES (392, 'solution', 'https://cdn.phoxiv.org/olympiads/rupho-y/2022/PE1_S.pdf');
INSERT INTO problems (id, year_id, number, title) VALUES (393, 370, 'PE2', NULL);
INSERT INTO problem_files (problem_id, file_type, url) VALUES (393, 'problem', 'https://cdn.phoxiv.org/olympiads/rupho-y/2022/PE2.pdf');
INSERT INTO problem_files (problem_id, file_type, url) VALUES (393, 'solution', 'https://cdn.phoxiv.org/olympiads/rupho-y/2022/PE2_S.pdf');
INSERT INTO problems (id, year_id, number, title) VALUES (394, 370, 'PE3', NULL);
INSERT INTO problem_files (problem_id, file_type, url) VALUES (394, 'problem', 'https://cdn.phoxiv.org/olympiads/rupho-y/2022/PE3.pdf');
INSERT INTO problem_files (problem_id, file_type, url) VALUES (394, 'solution', 'https://cdn.phoxiv.org/olympiads/rupho-y/2022/PE3_S.pdf');
INSERT INTO years (id, olympiad_id, year, notes, extra_links) VALUES (371, 'rupho-y', 2021, '[]', '[]');
INSERT INTO problems (id, year_id, number, title) VALUES (395, 371, 'T1', NULL);
INSERT INTO problem_files (problem_id, file_type, url) VALUES (395, 'problem', 'https://cdn.phoxiv.org/olympiads/rupho-y/2021/T1.pdf');
INSERT INTO problem_files (problem_id, file_type, url) VALUES (395, 'solution', 'https://cdn.phoxiv.org/olympiads/rupho-y/2021/T1_S.pdf');
INSERT INTO problems (id, year_id, number, title) VALUES (396, 371, 'T2', NULL);
INSERT INTO problem_files (problem_id, file_type, url) VALUES (396, 'problem', 'https://cdn.phoxiv.org/olympiads/rupho-y/2021/T2.pdf');
INSERT INTO problem_files (problem_id, file_type, url) VALUES (396, 'solution', 'https://cdn.phoxiv.org/olympiads/rupho-y/2021/T2_S.pdf');
INSERT INTO problems (id, year_id, number, title) VALUES (397, 371, 'T3', NULL);
INSERT INTO problem_files (problem_id, file_type, url) VALUES (397, 'problem', 'https://cdn.phoxiv.org/olympiads/rupho-y/2021/T3.pdf');
INSERT INTO problem_files (problem_id, file_type, url) VALUES (397, 'solution', 'https://cdn.phoxiv.org/olympiads/rupho-y/2021/T3_S.pdf');
INSERT INTO problems (id, year_id, number, title) VALUES (398, 371, 'T4', NULL);
INSERT INTO problem_files (problem_id, file_type, url) VALUES (398, 'problem', 'https://cdn.phoxiv.org/olympiads/rupho-y/2021/T4.pdf');
INSERT INTO problem_files (problem_id, file_type, url) VALUES (398, 'solution', 'https://cdn.phoxiv.org/olympiads/rupho-y/2021/T4_S.pdf');
INSERT INTO problems (id, year_id, number, title) VALUES (399, 371, 'T5', NULL);
INSERT INTO problem_files (problem_id, file_type, url) VALUES (399, 'problem', 'https://cdn.phoxiv.org/olympiads/rupho-y/2021/T5.pdf');
INSERT INTO problem_files (problem_id, file_type, url) VALUES (399, 'solution', 'https://cdn.phoxiv.org/olympiads/rupho-y/2021/T5_S.pdf');
INSERT INTO problems (id, year_id, number, title) VALUES (400, 371, 'T6', NULL);
INSERT INTO problem_files (problem_id, file_type, url) VALUES (400, 'problem', 'https://cdn.phoxiv.org/olympiads/rupho-y/2021/T6.pdf');
INSERT INTO problem_files (problem_id, file_type, url) VALUES (400, 'solution', 'https://cdn.phoxiv.org/olympiads/rupho-y/2021/T6_S.pdf');
INSERT INTO problems (id, year_id, number, title) VALUES (401, 371, 'E1', NULL);
INSERT INTO problem_files (problem_id, file_type, url) VALUES (401, 'problem', 'https://cdn.phoxiv.org/olympiads/rupho-y/2021/E1.pdf');
INSERT INTO problem_files (problem_id, file_type, url) VALUES (401, 'solution', 'https://cdn.phoxiv.org/olympiads/rupho-y/2021/E1_S.pdf');
INSERT INTO problems (id, year_id, number, title) VALUES (402, 371, 'PE1', NULL);
INSERT INTO problem_files (problem_id, file_type, url) VALUES (402, 'problem', 'https://cdn.phoxiv.org/olympiads/rupho-y/2021/PE1.pdf');
INSERT INTO problem_files (problem_id, file_type, url) VALUES (402, 'solution', 'https://cdn.phoxiv.org/olympiads/rupho-y/2021/PE1_S.pdf');
INSERT INTO problems (id, year_id, number, title) VALUES (403, 371, 'PE2', NULL);
INSERT INTO problem_files (problem_id, file_type, url) VALUES (403, 'problem', 'https://cdn.phoxiv.org/olympiads/rupho-y/2021/PE2.pdf');
INSERT INTO problem_files (problem_id, file_type, url) VALUES (403, 'solution', 'https://cdn.phoxiv.org/olympiads/rupho-y/2021/PE2_S.pdf');
INSERT INTO problems (id, year_id, number, title) VALUES (404, 371, 'PE3', NULL);
INSERT INTO problem_files (problem_id, file_type, url) VALUES (404, 'problem', 'https://cdn.phoxiv.org/olympiads/rupho-y/2021/PE3.pdf');
INSERT INTO problem_files (problem_id, file_type, url) VALUES (404, 'solution', 'https://cdn.phoxiv.org/olympiads/rupho-y/2021/PE3_S.pdf');
INSERT INTO years (id, olympiad_id, year, notes, extra_links) VALUES (372, 'rupho-y', 2020, '[]', '[]');
INSERT INTO problems (id, year_id, number, title) VALUES (405, 372, 'T1', NULL);
INSERT INTO problem_files (problem_id, file_type, url) VALUES (405, 'problem', 'https://cdn.phoxiv.org/olympiads/rupho-y/2020/T1.pdf');
INSERT INTO problem_files (problem_id, file_type, url) VALUES (405, 'solution', 'https://cdn.phoxiv.org/olympiads/rupho-y/2020/T1_S.pdf');
INSERT INTO problems (id, year_id, number, title) VALUES (406, 372, 'T2', NULL);
INSERT INTO problem_files (problem_id, file_type, url) VALUES (406, 'problem', 'https://cdn.phoxiv.org/olympiads/rupho-y/2020/T2.pdf');
INSERT INTO problem_files (problem_id, file_type, url) VALUES (406, 'solution', 'https://cdn.phoxiv.org/olympiads/rupho-y/2020/T2_S.pdf');
INSERT INTO problems (id, year_id, number, title) VALUES (407, 372, 'T3', NULL);
INSERT INTO problem_files (problem_id, file_type, url) VALUES (407, 'problem', 'https://cdn.phoxiv.org/olympiads/rupho-y/2020/T3.pdf');
INSERT INTO problem_files (problem_id, file_type, url) VALUES (407, 'solution', 'https://cdn.phoxiv.org/olympiads/rupho-y/2020/T3_S.pdf');
INSERT INTO problems (id, year_id, number, title) VALUES (408, 372, 'T4', NULL);
INSERT INTO problem_files (problem_id, file_type, url) VALUES (408, 'problem', 'https://cdn.phoxiv.org/olympiads/rupho-y/2020/T4.pdf');
INSERT INTO problem_files (problem_id, file_type, url) VALUES (408, 'solution', 'https://cdn.phoxiv.org/olympiads/rupho-y/2020/T4_S.pdf');
INSERT INTO problems (id, year_id, number, title) VALUES (409, 372, 'T5', NULL);
INSERT INTO problem_files (problem_id, file_type, url) VALUES (409, 'problem', 'https://cdn.phoxiv.org/olympiads/rupho-y/2020/T5.pdf');
INSERT INTO problem_files (problem_id, file_type, url) VALUES (409, 'solution', 'https://cdn.phoxiv.org/olympiads/rupho-y/2020/T5_S.pdf');
INSERT INTO problems (id, year_id, number, title) VALUES (410, 372, 'T6', NULL);
INSERT INTO problem_files (problem_id, file_type, url) VALUES (410, 'problem', 'https://cdn.phoxiv.org/olympiads/rupho-y/2020/T6.pdf');
INSERT INTO problem_files (problem_id, file_type, url) VALUES (410, 'solution', 'https://cdn.phoxiv.org/olympiads/rupho-y/2020/T6_S.pdf');
INSERT INTO problems (id, year_id, number, title) VALUES (411, 372, 'T7', NULL);
INSERT INTO problem_files (problem_id, file_type, url) VALUES (411, 'problem', 'https://cdn.phoxiv.org/olympiads/rupho-y/2020/T7.pdf');
INSERT INTO problem_files (problem_id, file_type, url) VALUES (411, 'solution', 'https://cdn.phoxiv.org/olympiads/rupho-y/2020/T7_S.pdf');
INSERT INTO problems (id, year_id, number, title) VALUES (412, 372, 'E1', NULL);
INSERT INTO problem_files (problem_id, file_type, url) VALUES (412, 'problem', 'https://cdn.phoxiv.org/olympiads/rupho-y/2020/E1.pdf');
INSERT INTO problem_files (problem_id, file_type, url) VALUES (412, 'solution', 'https://cdn.phoxiv.org/olympiads/rupho-y/2020/E1_S.pdf');
INSERT INTO problems (id, year_id, number, title) VALUES (413, 372, 'E2', NULL);
INSERT INTO problem_files (problem_id, file_type, url) VALUES (413, 'problem', 'https://cdn.phoxiv.org/olympiads/rupho-y/2020/E2.pdf');
INSERT INTO problem_files (problem_id, file_type, url) VALUES (413, 'solution', 'https://cdn.phoxiv.org/olympiads/rupho-y/2020/E2_S.pdf');
INSERT INTO problems (id, year_id, number, title) VALUES (414, 372, 'PE', NULL);
INSERT INTO problem_files (problem_id, file_type, url) VALUES (414, 'problem', 'https://cdn.phoxiv.org/olympiads/rupho-y/2020/PE.pdf');
INSERT INTO problem_files (problem_id, file_type, url) VALUES (414, 'solution', 'https://cdn.phoxiv.org/olympiads/rupho-y/2020/PE_S.pdf');
INSERT INTO years (id, olympiad_id, year, notes, extra_links) VALUES (373, 'rupho-y', 2019, '[]', '[]');
INSERT INTO problems (id, year_id, number, title) VALUES (415, 373, 'T1', NULL);
INSERT INTO problem_files (problem_id, file_type, url) VALUES (415, 'problem', 'https://cdn.phoxiv.org/olympiads/rupho-y/2019/T1.pdf');
INSERT INTO problem_files (problem_id, file_type, url) VALUES (415, 'solution', 'https://cdn.phoxiv.org/olympiads/rupho-y/2019/T1_S.pdf');
INSERT INTO problems (id, year_id, number, title) VALUES (416, 373, 'T2', NULL);
INSERT INTO problem_files (problem_id, file_type, url) VALUES (416, 'problem', 'https://cdn.phoxiv.org/olympiads/rupho-y/2019/T2.pdf');
INSERT INTO problem_files (problem_id, file_type, url) VALUES (416, 'solution', 'https://cdn.phoxiv.org/olympiads/rupho-y/2019/T2_S.pdf');
INSERT INTO problems (id, year_id, number, title) VALUES (417, 373, 'T3', NULL);
INSERT INTO problem_files (problem_id, file_type, url) VALUES (417, 'problem', 'https://cdn.phoxiv.org/olympiads/rupho-y/2019/T3.pdf');
INSERT INTO problem_files (problem_id, file_type, url) VALUES (417, 'solution', 'https://cdn.phoxiv.org/olympiads/rupho-y/2019/T3_S.pdf');
INSERT INTO problems (id, year_id, number, title) VALUES (418, 373, 'T4', NULL);
INSERT INTO problem_files (problem_id, file_type, url) VALUES (418, 'problem', 'https://cdn.phoxiv.org/olympiads/rupho-y/2019/T4.pdf');
INSERT INTO problem_files (problem_id, file_type, url) VALUES (418, 'solution', 'https://cdn.phoxiv.org/olympiads/rupho-y/2019/T4_S.pdf');
INSERT INTO problems (id, year_id, number, title) VALUES (419, 373, 'T5', NULL);
INSERT INTO problem_files (problem_id, file_type, url) VALUES (419, 'problem', 'https://cdn.phoxiv.org/olympiads/rupho-y/2019/T5.pdf');
INSERT INTO problem_files (problem_id, file_type, url) VALUES (419, 'solution', 'https://cdn.phoxiv.org/olympiads/rupho-y/2019/T5_S.pdf');
INSERT INTO problems (id, year_id, number, title) VALUES (420, 373, 'T6', NULL);
INSERT INTO problem_files (problem_id, file_type, url) VALUES (420, 'problem', 'https://cdn.phoxiv.org/olympiads/rupho-y/2019/T6.pdf');
INSERT INTO problem_files (problem_id, file_type, url) VALUES (420, 'solution', 'https://cdn.phoxiv.org/olympiads/rupho-y/2019/T6_S.pdf');
INSERT INTO years (id, olympiad_id, year, notes, extra_links) VALUES (374, 'rupho-y', 2018, '[]', '[]');
INSERT INTO problems (id, year_id, number, title) VALUES (421, 374, 'T1', NULL);
INSERT INTO problem_files (problem_id, file_type, url) VALUES (421, 'problem', 'https://cdn.phoxiv.org/olympiads/rupho-y/2018/T1.pdf');
INSERT INTO problem_files (problem_id, file_type, url) VALUES (421, 'solution', 'https://cdn.phoxiv.org/olympiads/rupho-y/2018/T1_S.pdf');
INSERT INTO problems (id, year_id, number, title) VALUES (422, 374, 'T2', NULL);
INSERT INTO problem_files (problem_id, file_type, url) VALUES (422, 'problem', 'https://cdn.phoxiv.org/olympiads/rupho-y/2018/T2.pdf');
INSERT INTO problems (id, year_id, number, title) VALUES (423, 374, 'T3', NULL);
INSERT INTO problem_files (problem_id, file_type, url) VALUES (423, 'problem', 'https://cdn.phoxiv.org/olympiads/rupho-y/2018/T3.pdf');
INSERT INTO problems (id, year_id, number, title) VALUES (424, 374, 'T4', NULL);
INSERT INTO problem_files (problem_id, file_type, url) VALUES (424, 'problem', 'https://cdn.phoxiv.org/olympiads/rupho-y/2018/T4.pdf');
INSERT INTO problems (id, year_id, number, title) VALUES (425, 374, 'T5', NULL);
INSERT INTO problem_files (problem_id, file_type, url) VALUES (425, 'problem', 'https://cdn.phoxiv.org/olympiads/rupho-y/2018/T5.pdf');
INSERT INTO problems (id, year_id, number, title) VALUES (426, 374, 'T6', NULL);
INSERT INTO problem_files (problem_id, file_type, url) VALUES (426, 'problem', 'https://cdn.phoxiv.org/olympiads/rupho-y/2018/T6.pdf');
INSERT INTO years (id, olympiad_id, year, notes, extra_links) VALUES (375, 'rupho-y', 2017, '[]', '[]');
INSERT INTO problems (id, year_id, number, title) VALUES (427, 375, 'T1', NULL);
INSERT INTO problem_files (problem_id, file_type, url) VALUES (427, 'Part 1', 'https://cdn.phoxiv.org/olympiads/rupho-y/2017/T1_1.pdf');
INSERT INTO problem_files (problem_id, file_type, url) VALUES (427, 'Part 2', 'https://cdn.phoxiv.org/olympiads/rupho-y/2017/T1_2.pdf');
INSERT INTO problem_files (problem_id, file_type, url) VALUES (427, 'Part 3', 'https://cdn.phoxiv.org/olympiads/rupho-y/2017/T1_3.pdf');
INSERT INTO problems (id, year_id, number, title) VALUES (428, 375, 'T2', NULL);
INSERT INTO problem_files (problem_id, file_type, url) VALUES (428, 'problem', 'https://cdn.phoxiv.org/olympiads/rupho-y/2017/T2.pdf');
INSERT INTO problem_files (problem_id, file_type, url) VALUES (428, 'solution', 'https://cdn.phoxiv.org/olympiads/rupho-y/2017/T2_S.pdf');
INSERT INTO problems (id, year_id, number, title) VALUES (429, 375, 'T3', NULL);
INSERT INTO problem_files (problem_id, file_type, url) VALUES (429, 'problem', 'https://cdn.phoxiv.org/olympiads/rupho-y/2017/T3.pdf');
INSERT INTO problems (id, year_id, number, title) VALUES (430, 375, 'T4', NULL);
INSERT INTO problem_files (problem_id, file_type, url) VALUES (430, 'problem', 'https://cdn.phoxiv.org/olympiads/rupho-y/2017/T4.pdf');
INSERT INTO problem_files (problem_id, file_type, url) VALUES (430, 'solution', 'https://cdn.phoxiv.org/olympiads/rupho-y/2017/T4_S.pdf');
INSERT INTO problems (id, year_id, number, title) VALUES (431, 375, 'T5', NULL);
INSERT INTO problem_files (problem_id, file_type, url) VALUES (431, 'problem', 'https://cdn.phoxiv.org/olympiads/rupho-y/2017/T5.pdf');
INSERT INTO problem_files (problem_id, file_type, url) VALUES (431, 'solution', 'https://cdn.phoxiv.org/olympiads/rupho-y/2017/T5_S.pdf');
INSERT INTO problems (id, year_id, number, title) VALUES (432, 375, 'T6', NULL);
INSERT INTO problem_files (problem_id, file_type, url) VALUES (432, 'problem', 'https://cdn.phoxiv.org/olympiads/rupho-y/2017/T6.pdf');
INSERT INTO years (id, olympiad_id, year, notes, extra_links) VALUES (376, 'rupho-y', 2016, '[]', '[]');
INSERT INTO problems (id, year_id, number, title) VALUES (433, 376, 'T1', NULL);
INSERT INTO problem_files (problem_id, file_type, url) VALUES (433, 'problem', 'https://cdn.phoxiv.org/olympiads/rupho-y/2016/T1.pdf');
INSERT INTO problems (id, year_id, number, title) VALUES (434, 376, 'T2', NULL);
INSERT INTO problem_files (problem_id, file_type, url) VALUES (434, 'problem', 'https://cdn.phoxiv.org/olympiads/rupho-y/2016/T2.pdf');
INSERT INTO problem_files (problem_id, file_type, url) VALUES (434, 'solution', 'https://cdn.phoxiv.org/olympiads/rupho-y/2016/T2_S.pdf');
INSERT INTO problems (id, year_id, number, title) VALUES (435, 376, 'T3', NULL);
INSERT INTO problem_files (problem_id, file_type, url) VALUES (435, 'problem', 'https://cdn.phoxiv.org/olympiads/rupho-y/2016/T3.pdf');
INSERT INTO problems (id, year_id, number, title) VALUES (436, 376, 'T4', NULL);
INSERT INTO problem_files (problem_id, file_type, url) VALUES (436, 'problem', 'https://cdn.phoxiv.org/olympiads/rupho-y/2016/T4.pdf');
INSERT INTO problems (id, year_id, number, title) VALUES (437, 376, 'T5', NULL);
INSERT INTO problem_files (problem_id, file_type, url) VALUES (437, 'Part 1', 'https://cdn.phoxiv.org/olympiads/rupho-y/2016/T5_1.pdf');
INSERT INTO problem_files (problem_id, file_type, url) VALUES (437, 'Part 2', 'https://cdn.phoxiv.org/olympiads/rupho-y/2016/T5_2.pdf');
INSERT INTO problems (id, year_id, number, title) VALUES (438, 376, 'T6', NULL);
INSERT INTO problem_files (problem_id, file_type, url) VALUES (438, 'Part 1', 'https://cdn.phoxiv.org/olympiads/rupho-y/2016/T6_1.pdf');
INSERT INTO problem_files (problem_id, file_type, url) VALUES (438, 'Part 2', 'https://cdn.phoxiv.org/olympiads/rupho-y/2016/T6_2.pdf');
INSERT INTO years (id, olympiad_id, year, notes, extra_links) VALUES (377, 'rupho-y', 2014, '[]', '[]');
INSERT INTO problems (id, year_id, number, title) VALUES (439, 377, 'T1', NULL);
INSERT INTO problem_files (problem_id, file_type, url) VALUES (439, 'problem', 'https://cdn.phoxiv.org/olympiads/rupho-y/2014/T1.pdf');
INSERT INTO problems (id, year_id, number, title) VALUES (440, 377, 'T2', NULL);
INSERT INTO problem_files (problem_id, file_type, url) VALUES (440, 'problem', 'https://cdn.phoxiv.org/olympiads/rupho-y/2014/T2.pdf');
INSERT INTO problems (id, year_id, number, title) VALUES (441, 377, 'T3', NULL);
INSERT INTO problem_files (problem_id, file_type, url) VALUES (441, 'problem', 'https://cdn.phoxiv.org/olympiads/rupho-y/2014/T3.pdf');
INSERT INTO problems (id, year_id, number, title) VALUES (442, 377, 'T4', NULL);
INSERT INTO problem_files (problem_id, file_type, url) VALUES (442, 'problem', 'https://cdn.phoxiv.org/olympiads/rupho-y/2014/T4.pdf');
INSERT INTO problems (id, year_id, number, title) VALUES (443, 377, 'T5', NULL);
INSERT INTO problem_files (problem_id, file_type, url) VALUES (443, 'problem', 'https://cdn.phoxiv.org/olympiads/rupho-y/2014/T5.pdf');
INSERT INTO problems (id, year_id, number, title) VALUES (444, 377, 'T7', NULL);
INSERT INTO problem_files (problem_id, file_type, url) VALUES (444, 'problem', 'https://cdn.phoxiv.org/olympiads/rupho-y/2014/T7.pdf');
INSERT INTO problems (id, year_id, number, title) VALUES (445, 377, 'T8', NULL);
INSERT INTO problem_files (problem_id, file_type, url) VALUES (445, 'Part 1', 'https://cdn.phoxiv.org/olympiads/rupho-y/2014/T8_1.pdf');
INSERT INTO problem_files (problem_id, file_type, url) VALUES (445, 'Part 2', 'https://cdn.phoxiv.org/olympiads/rupho-y/2014/T8_2.pdf');
INSERT INTO problem_files (problem_id, file_type, url) VALUES (445, 'Part 3', 'https://cdn.phoxiv.org/olympiads/rupho-y/2014/T8_3.pdf');
INSERT INTO problems (id, year_id, number, title) VALUES (446, 377, 'T10', NULL);
INSERT INTO problem_files (problem_id, file_type, url) VALUES (446, 'problem', 'https://cdn.phoxiv.org/olympiads/rupho-y/2014/T10.pdf');
INSERT INTO problems (id, year_id, number, title) VALUES (447, 377, 'T11', NULL);
INSERT INTO problem_files (problem_id, file_type, url) VALUES (447, 'problem', 'https://cdn.phoxiv.org/olympiads/rupho-y/2014/T11.pdf');
INSERT INTO problems (id, year_id, number, title) VALUES (448, 377, 'T12', NULL);
INSERT INTO problem_files (problem_id, file_type, url) VALUES (448, 'Part 1', 'https://cdn.phoxiv.org/olympiads/rupho-y/2014/T12_1.pdf');
INSERT INTO problem_files (problem_id, file_type, url) VALUES (448, 'Part 2', 'https://cdn.phoxiv.org/olympiads/rupho-y/2014/T12_2.pdf');
INSERT INTO years (id, olympiad_id, year, notes, extra_links) VALUES (378, 'rupho-y', 2013, '[]', '[]');
INSERT INTO problems (id, year_id, number, title) VALUES (449, 378, 'T1', NULL);
INSERT INTO problem_files (problem_id, file_type, url) VALUES (449, 'problem', 'https://cdn.phoxiv.org/olympiads/rupho-y/2013/T1.pdf');
INSERT INTO problems (id, year_id, number, title) VALUES (450, 378, 'T2', NULL);
INSERT INTO problem_files (problem_id, file_type, url) VALUES (450, 'problem', 'https://cdn.phoxiv.org/olympiads/rupho-y/2013/T2.pdf');
INSERT INTO problems (id, year_id, number, title) VALUES (451, 378, 'T3', NULL);
INSERT INTO problem_files (problem_id, file_type, url) VALUES (451, 'problem', 'https://cdn.phoxiv.org/olympiads/rupho-y/2013/T3.pdf');
INSERT INTO problems (id, year_id, number, title) VALUES (452, 378, 'T4', NULL);
INSERT INTO problem_files (problem_id, file_type, url) VALUES (452, 'problem', 'https://cdn.phoxiv.org/olympiads/rupho-y/2013/T4.pdf');
INSERT INTO problems (id, year_id, number, title) VALUES (453, 378, 'T5', NULL);
INSERT INTO problem_files (problem_id, file_type, url) VALUES (453, 'problem', 'https://cdn.phoxiv.org/olympiads/rupho-y/2013/T5.pdf');
INSERT INTO problems (id, year_id, number, title) VALUES (454, 378, 'T6', NULL);
INSERT INTO problem_files (problem_id, file_type, url) VALUES (454, 'problem', 'https://cdn.phoxiv.org/olympiads/rupho-y/2013/T6.pdf');
INSERT INTO problem_files (problem_id, file_type, url) VALUES (454, 'solution', 'https://cdn.phoxiv.org/olympiads/rupho-y/2013/T6_S.pdf');
INSERT INTO problems (id, year_id, number, title) VALUES (455, 378, 'T7', NULL);
INSERT INTO problem_files (problem_id, file_type, url) VALUES (455, 'problem', 'https://cdn.phoxiv.org/olympiads/rupho-y/2013/T7.pdf');
INSERT INTO problems (id, year_id, number, title) VALUES (456, 378, 'T8', NULL);
INSERT INTO problem_files (problem_id, file_type, url) VALUES (456, 'problem', 'https://cdn.phoxiv.org/olympiads/rupho-y/2013/T8.pdf');
INSERT INTO problems (id, year_id, number, title) VALUES (457, 378, 'T9', NULL);
INSERT INTO problem_files (problem_id, file_type, url) VALUES (457, 'Part 1', 'https://cdn.phoxiv.org/olympiads/rupho-y/2013/T9_1.pdf');
INSERT INTO problem_files (problem_id, file_type, url) VALUES (457, 'Part 2', 'https://cdn.phoxiv.org/olympiads/rupho-y/2013/T9_2.pdf');
INSERT INTO years (id, olympiad_id, year, notes, extra_links) VALUES (379, 'rupho-y', 2012, '[]', '[]');
INSERT INTO problems (id, year_id, number, title) VALUES (458, 379, 'T1', NULL);
INSERT INTO problem_files (problem_id, file_type, url) VALUES (458, 'problem', 'https://cdn.phoxiv.org/olympiads/rupho-y/2012/T1.pdf');
INSERT INTO problems (id, year_id, number, title) VALUES (459, 379, 'T2', NULL);
INSERT INTO problem_files (problem_id, file_type, url) VALUES (459, 'problem', 'https://cdn.phoxiv.org/olympiads/rupho-y/2012/T2.pdf');
INSERT INTO problems (id, year_id, number, title) VALUES (460, 379, 'T3', NULL);
INSERT INTO problem_files (problem_id, file_type, url) VALUES (460, 'problem', 'https://cdn.phoxiv.org/olympiads/rupho-y/2012/T3.pdf');
INSERT INTO years (id, olympiad_id, year, notes, extra_links) VALUES (380, 'upho', 2025, '["Theoretical round, 11th grade. Hosted in Lviv, March 2025."]', '[]');
INSERT INTO year_files (year_id, file_type, url) VALUES (380, 'problems', 'https://cdn.phoxiv.org/olympiads/upho/2025.pdf');
INSERT INTO problems (id, year_id, number, title) VALUES (461, 380, 'T1', 'Electromagnetic stereometry');
INSERT INTO problems (id, year_id, number, title) VALUES (462, 380, 'T2', 'Schematic madness');
INSERT INTO problems (id, year_id, number, title) VALUES (463, 380, 'T3', 'Alien disk');
INSERT INTO problems (id, year_id, number, title) VALUES (464, 380, 'T4', 'Problem with intranslatable name');
INSERT INTO problems (id, year_id, number, title) VALUES (465, 380, 'T5', 'Day/Night');